trial,condition,receiver,time_s,sequence_offset,rssi_dbm
empty_01,empty,RX01,10.019931,501,-49
empty_01,empty,RX01,10.042053,502,-49
empty_01,empty,RX01,10.061531,503,-49
empty_01,empty,RX01,10.087918,504,-49
empty_01,empty,RX01,10.100088,505,-49
empty_01,empty,RX01,10.121764,506,-49
empty_01,empty,RX01,10.140074,507,-49
empty_01,empty,RX01,10.162025,508,-49
empty_01,empty,RX01,10.188427,509,-49
empty_01,empty,RX01,10.204271,510,-47
empty_01,empty,RX01,10.228053,511,-49
empty_01,empty,RX01,10.260671,513,-49
empty_01,empty,RX01,10.283485,514,-49
empty_01,empty,RX01,10.302021,515,-49
empty_01,empty,RX01,10.329697,516,-49
empty_01,empty,RX01,10.339906,517,-49
empty_01,empty,RX01,10.362152,518,-49
empty_01,empty,RX01,10.384239,519,-49
empty_01,empty,RX01,10.400013,520,-49
empty_01,empty,RX01,10.431547,521,-49
empty_01,empty,RX01,10.439907,522,-49
empty_01,empty,RX01,10.45992,523,-49
empty_01,empty,RX01,10.480897,524,-49
empty_01,empty,RX01,10.501468,525,-49
empty_01,empty,RX01,10.521276,526,-49
empty_01,empty,RX01,10.539914,527,-49
empty_01,empty,RX01,10.562783,528,-49
empty_01,empty,RX01,10.581135,529,-49
empty_01,empty,RX01,10.599899,530,-49
empty_01,empty,RX01,10.625218,531,-49
empty_01,empty,RX01,10.6399,532,-49
empty_01,empty,RX01,10.662575,533,-49
empty_01,empty,RX01,10.680454,534,-49
empty_01,empty,RX01,10.701811,535,-49
empty_01,empty,RX01,10.720942,536,-49
empty_01,empty,RX01,10.739891,537,-49
empty_01,empty,RX01,10.760873,538,-49
empty_01,empty,RX01,10.780584,539,-49
empty_01,empty,RX01,10.804193,540,-49
empty_01,empty,RX01,10.840649,541,-49
empty_01,empty,RX01,10.841313,542,-49
empty_01,empty,RX01,10.862205,543,-49
empty_01,empty,RX01,10.884994,544,-49
empty_01,empty,RX01,10.903918,545,-49
empty_01,empty,RX01,10.947967,547,-49
empty_01,empty,RX01,10.96592,548,-49
empty_01,empty,RX01,10.990291,549,-49
empty_01,empty,RX01,11.042662,552,-49
empty_01,empty,RX01,11.061376,553,-49
empty_01,empty,RX01,11.103854,554,-49
empty_01,empty,RX01,11.124617,556,-49
empty_01,empty,RX01,11.174442,558,-49
empty_01,empty,RX01,11.198255,559,-49
empty_01,empty,RX01,11.204916,560,-49
empty_01,empty,RX01,11.227617,561,-49
empty_01,empty,RX01,11.246587,562,-49
empty_01,empty,RX01,11.265892,563,-49
empty_01,empty,RX01,11.289339,564,-49
empty_01,empty,RX01,11.304611,565,-49
empty_01,empty,RX01,11.33063,566,-49
empty_01,empty,RX01,11.345949,567,-49
empty_01,empty,RX01,11.36458,568,-49
empty_01,empty,RX01,11.384592,569,-49
empty_01,empty,RX01,11.404579,570,-49
empty_01,empty,RX01,11.428164,571,-49
empty_01,empty,RX01,11.444587,572,-49
empty_01,empty,RX01,11.464601,573,-49
empty_01,empty,RX01,11.486023,574,-49
empty_01,empty,RX01,11.506224,575,-50
empty_01,empty,RX01,11.524595,576,-49
empty_01,empty,RX01,11.546793,577,-50
empty_01,empty,RX01,11.564585,578,-49
empty_01,empty,RX01,11.587597,579,-50
empty_01,empty,RX01,11.604567,580,-50
empty_01,empty,RX01,11.626734,581,-50
empty_01,empty,RX01,11.649219,582,-49
empty_01,empty,RX01,11.664573,583,-49
empty_01,empty,RX01,11.684691,584,-50
empty_01,empty,RX01,11.704719,585,-50
empty_01,empty,RX01,11.726771,586,-50
empty_01,empty,RX01,11.751611,587,-50
empty_01,empty,RX01,11.769248,588,-50
empty_01,empty,RX01,11.784907,589,-49
empty_01,empty,RX01,11.809065,590,-50
empty_01,empty,RX01,11.826744,591,-49
empty_01,empty,RX01,11.844581,592,-50
empty_01,empty,RX01,11.864681,593,-49
empty_01,empty,RX01,11.884566,594,-50
empty_01,empty,RX01,11.905201,595,-50
empty_01,empty,RX01,11.929235,596,-50
empty_01,empty,RX01,11.945531,597,-50
empty_01,empty,RX01,11.964543,598,-49
empty_01,empty,RX01,11.985687,599,-50
empty_01,empty,RX01,12.007613,600,-50
empty_01,empty,RX01,12.02458,601,-50
empty_01,empty,RX01,12.044888,602,-50
empty_01,empty,RX01,12.064581,603,-50
empty_01,empty,RX01,12.08508,604,-50
empty_01,empty,RX01,12.110017,605,-50
empty_01,empty,RX01,12.124572,606,-50
empty_01,empty,RX01,12.144578,607,-49
empty_01,empty,RX01,12.168173,608,-50
empty_01,empty,RX01,12.184583,609,-50
empty_01,empty,RX01,12.204979,610,-49
empty_01,empty,RX01,12.227333,611,-50
empty_01,empty,RX01,12.245904,612,-50
empty_01,empty,RX01,12.269237,613,-49
empty_01,empty,RX01,12.285674,614,-50
empty_01,empty,RX01,12.305156,615,-49
empty_01,empty,RX01,12.325456,616,-49
empty_01,empty,RX01,12.3483,617,-49
empty_01,empty,RX01,12.364534,618,-49
empty_01,empty,RX01,12.384557,619,-49
empty_01,empty,RX01,12.409455,620,-49
empty_01,empty,RX01,12.424554,621,-49
empty_01,empty,RX01,12.446715,622,-49
empty_01,empty,RX01,12.468413,623,-49
empty_01,empty,RX01,12.484549,624,-49
empty_01,empty,RX01,12.504565,625,-50
empty_01,empty,RX01,12.530279,626,-50
empty_01,empty,RX01,12.547226,627,-49
empty_01,empty,RX01,12.570799,628,-49
empty_01,empty,RX01,12.58454,629,-50
empty_01,empty,RX01,12.604522,630,-49
empty_01,empty,RX01,12.626089,631,-49
empty_01,empty,RX01,12.647505,632,-49
empty_01,empty,RX01,12.666822,633,-49
empty_01,empty,RX01,12.684519,634,-50
empty_01,empty,RX01,12.704557,635,-50
empty_01,empty,RX01,12.727464,636,-49
empty_01,empty,RX01,12.748249,637,-49
empty_01,empty,RX01,12.76513,638,-50
empty_01,empty,RX01,12.78456,639,-49
empty_01,empty,RX01,12.804538,640,-49
empty_01,empty,RX01,12.824558,641,-50
empty_01,empty,RX01,12.851777,642,-49
empty_01,empty,RX01,12.864745,643,-49
empty_01,empty,RX01,12.888225,644,-49
empty_01,empty,RX01,12.905281,645,-49
empty_01,empty,RX01,12.926829,646,-50
empty_01,empty,RX01,12.946482,647,-50
empty_01,empty,RX01,12.964535,648,-49
empty_01,empty,RX01,12.98679,649,-50
empty_01,empty,RX01,13.006715,650,-50
empty_01,empty,RX01,13.029236,651,-50
empty_01,empty,RX01,13.044536,652,-49
empty_01,empty,RX01,13.065105,653,-50
empty_01,empty,RX01,13.085421,654,-50
empty_01,empty,RX01,13.104533,655,-50
empty_01,empty,RX01,13.124536,656,-50
empty_01,empty,RX01,13.144675,657,-50
empty_01,empty,RX01,13.167753,658,-50
empty_01,empty,RX01,13.18453,659,-50
empty_01,empty,RX01,13.204529,660,-49
empty_01,empty,RX01,13.227292,661,-49
empty_01,empty,RX01,13.249192,662,-50
empty_01,empty,RX01,13.266076,663,-50
empty_01,empty,RX01,13.287618,664,-50
empty_01,empty,RX01,13.304531,665,-50
empty_01,empty,RX01,13.328173,666,-50
empty_01,empty,RX01,13.344515,667,-50
empty_01,empty,RX01,13.365821,668,-49
empty_01,empty,RX01,13.390004,669,-50
empty_01,empty,RX01,13.404496,670,-49
empty_01,empty,RX01,13.42905,671,-50
empty_01,empty,RX01,13.444511,672,-50
empty_01,empty,RX01,13.465054,673,-50
empty_01,empty,RX01,13.48669,674,-50
empty_01,empty,RX01,13.504547,675,-49
empty_01,empty,RX01,13.524509,676,-49
empty_01,empty,RX01,13.546583,677,-50
empty_01,empty,RX01,13.567453,678,-50
empty_01,empty,RX01,13.584517,679,-49
empty_01,empty,RX01,13.607193,680,-49
empty_01,empty,RX01,13.628101,681,-49
empty_01,empty,RX01,13.64494,682,-49
empty_01,empty,RX01,13.669843,683,-49
empty_01,empty,RX01,13.684524,684,-50
empty_01,empty,RX01,13.706339,685,-49
empty_01,empty,RX01,13.724519,686,-49
empty_01,empty,RX01,13.746025,687,-49
empty_01,empty,RX01,13.765518,688,-50
empty_01,empty,RX01,13.784507,689,-50
empty_01,empty,RX01,13.804488,690,-50
empty_01,empty,RX01,13.825917,691,-49
empty_01,empty,RX01,13.848421,692,-49
empty_01,empty,RX01,13.866125,693,-49
empty_01,empty,RX01,13.884504,694,-49
empty_01,empty,RX01,13.906768,695,-49
empty_01,empty,RX01,13.924486,696,-49
empty_01,empty,RX01,13.946716,697,-49
empty_01,empty,RX01,13.966019,698,-49
empty_01,empty,RX01,13.986719,699,-50
empty_01,empty,RX01,14.004607,700,-49
empty_01,empty,RX01,14.024494,701,-49
empty_01,empty,RX01,14.046682,702,-49
empty_01,empty,RX01,14.066292,703,-49
empty_01,empty,RX01,14.084579,704,-49
empty_01,empty,RX01,14.107664,705,-49
empty_01,empty,RX01,14.124487,706,-49
empty_01,empty,RX01,14.144604,707,-50
empty_01,empty,RX01,14.164465,708,-50
empty_01,empty,RX01,14.18602,709,-49
empty_01,empty,RX01,14.209212,710,-49
empty_01,empty,RX01,14.224483,711,-49
empty_01,empty,RX01,14.244482,712,-50
empty_01,empty,RX01,14.271076,713,-49
empty_01,empty,RX01,14.289405,714,-49
empty_01,empty,RX01,14.305949,715,-50
empty_01,empty,RX01,14.32448,716,-49
empty_01,empty,RX01,14.344914,717,-49
empty_01,empty,RX01,14.368942,718,-49
empty_01,empty,RX01,14.387565,719,-49
empty_01,empty,RX01,14.404706,720,-49
empty_01,empty,RX01,14.424505,721,-49
empty_01,empty,RX01,14.447303,722,-49
empty_01,empty,RX01,14.466453,723,-49
empty_01,empty,RX01,14.489053,724,-49
empty_01,empty,RX01,14.508013,725,-49
empty_01,empty,RX01,14.524663,726,-49
empty_01,empty,RX01,14.544489,727,-49
empty_01,empty,RX01,14.565252,728,-49
empty_01,empty,RX01,14.591451,729,-49
empty_01,empty,RX01,14.606657,730,-49
empty_01,empty,RX01,14.629311,731,-49
empty_01,empty,RX01,14.645692,732,-49
empty_01,empty,RX01,14.667664,733,-49
empty_01,empty,RX01,14.686813,734,-49
empty_01,empty,RX01,14.707726,735,-49
empty_01,empty,RX01,14.724457,736,-49
empty_01,empty,RX01,14.744464,737,-49
empty_01,empty,RX01,14.764449,738,-49
empty_01,empty,RX01,14.784466,739,-49
empty_01,empty,RX01,14.805939,740,-49
empty_01,empty,RX01,14.828153,741,-49
empty_01,empty,RX01,14.844452,742,-49
empty_01,empty,RX01,14.86448,743,-49
empty_01,empty,RX01,14.884441,744,-49
empty_01,empty,RX01,14.90478,745,-49
empty_01,empty,RX01,14.926019,746,-49
empty_01,empty,RX01,14.944457,747,-50
empty_01,empty,RX01,14.96445,748,-49
empty_01,empty,RX01,14.984765,749,-49
empty_01,empty,RX01,15.007204,750,-49
empty_01,empty,RX01,15.028405,751,-49
empty_01,empty,RX01,15.044464,752,-50
empty_01,empty,RX01,15.067328,753,-49
empty_01,empty,RX01,15.085206,754,-49
empty_01,empty,RX01,15.105579,755,-49
empty_01,empty,RX01,15.130793,756,-49
empty_01,empty,RX01,15.146712,757,-49
empty_01,empty,RX01,15.166399,758,-49
empty_01,empty,RX01,15.184446,759,-49
empty_01,empty,RX01,15.207965,760,-49
empty_01,empty,RX01,15.233225,761,-49
empty_01,empty,RX01,15.249456,762,-49
empty_01,empty,RX01,15.266797,763,-49
empty_01,empty,RX01,15.286209,764,-49
empty_01,empty,RX01,15.311,765,-49
empty_01,empty,RX01,15.324429,766,-49
empty_01,empty,RX01,15.344461,767,-49
empty_01,empty,RX01,15.366371,768,-49
empty_01,empty,RX01,15.384566,769,-50
empty_01,empty,RX01,15.410673,770,-49
empty_01,empty,RX01,15.426848,771,-50
empty_01,empty,RX01,15.444453,772,-49
empty_01,empty,RX01,15.465032,773,-49
empty_01,empty,RX01,15.486831,774,-50
empty_01,empty,RX01,15.504519,775,-50
empty_01,empty,RX01,15.526427,776,-49
empty_01,empty,RX01,15.544974,777,-50
empty_01,empty,RX01,15.566752,778,-49
empty_01,empty,RX01,15.589248,779,-50
empty_01,empty,RX01,15.604443,780,-49
empty_01,empty,RX01,15.625148,781,-49
empty_01,empty,RX01,15.644441,782,-50
empty_01,empty,RX01,15.66445,783,-50
empty_01,empty,RX01,15.684417,784,-50
empty_01,empty,RX01,15.704436,785,-50
empty_01,empty,RX01,15.724454,786,-50
empty_01,empty,RX01,15.745727,787,-50
empty_01,empty,RX01,15.76444,788,-50
empty_01,empty,RX01,15.784823,789,-50
empty_01,empty,RX01,15.808799,790,-50
empty_01,empty,RX01,15.826719,791,-50
empty_01,empty,RX01,15.847608,792,-50
empty_01,empty,RX01,15.864437,793,-50
empty_01,empty,RX01,15.884461,794,-50
empty_01,empty,RX01,15.906574,795,-49
empty_01,empty,RX01,15.924423,796,-50
empty_01,empty,RX01,15.944441,797,-50
empty_01,empty,RX01,15.9644,798,-50
empty_01,empty,RX01,15.984716,799,-50
empty_01,empty,RX01,16.004412,800,-50
empty_01,empty,RX01,16.027274,801,-50
empty_01,empty,RX01,16.046244,802,-49
empty_01,empty,RX01,16.06579,803,-50
empty_01,empty,RX01,16.085731,804,-50
empty_01,empty,RX01,16.104436,805,-50
empty_01,empty,RX01,16.12917,806,-49
empty_01,empty,RX01,16.145312,807,-49
empty_01,empty,RX01,16.164411,808,-49
empty_01,empty,RX01,16.188108,809,-49
empty_01,empty,RX01,16.204859,810,-50
empty_01,empty,RX01,16.224427,811,-50
empty_01,empty,RX01,16.246136,812,-50
empty_01,empty,RX01,16.264543,813,-50
empty_01,empty,RX01,16.284401,814,-49
empty_01,empty,RX01,16.306054,815,-50
empty_01,empty,RX01,16.324558,816,-50
empty_01,empty,RX01,16.346067,817,-49
empty_01,empty,RX01,16.365972,818,-50
empty_01,empty,RX01,16.385972,819,-49
empty_01,empty,RX01,16.404411,820,-50
empty_01,empty,RX01,16.427642,821,-50
empty_01,empty,RX01,16.444403,822,-49
empty_01,empty,RX01,16.466583,823,-50
empty_01,empty,RX01,16.484398,824,-49
empty_01,empty,RX01,16.504767,825,-50
empty_01,empty,RX01,16.526109,826,-50
empty_01,empty,RX01,16.546873,827,-50
empty_01,empty,RX01,16.564502,828,-50
empty_01,empty,RX01,16.584401,829,-50
empty_01,empty,RX01,16.607477,830,-50
empty_01,empty,RX01,16.626318,831,-50
empty_01,empty,RX01,16.649133,832,-50
empty_01,empty,RX01,16.66681,833,-50
empty_01,empty,RX01,16.684403,834,-50
empty_01,empty,RX01,16.704405,835,-50
empty_01,empty,RX01,16.727511,836,-50
empty_01,empty,RX01,16.747121,837,-50
empty_01,empty,RX01,16.769203,838,-49
empty_01,empty,RX01,16.784407,839,-50
empty_01,empty,RX01,16.804962,840,-50
empty_01,empty,RX01,16.824457,841,-50
empty_01,empty,RX01,16.844385,842,-50
empty_01,empty,RX01,16.871616,843,-49
empty_01,empty,RX01,16.8853,844,-49
empty_01,empty,RX01,16.90494,845,-50
empty_01,empty,RX01,16.924403,846,-50
empty_01,empty,RX01,16.945528,847,-49
empty_01,empty,RX01,16.966669,848,-50
empty_01,empty,RX01,16.984392,849,-49
empty_01,empty,RX01,17.004523,850,-49
empty_01,empty,RX01,17.026099,851,-50
empty_01,empty,RX01,17.048051,852,-50
empty_01,empty,RX01,17.066143,853,-49
empty_01,empty,RX01,17.088766,854,-49
empty_01,empty,RX01,17.104386,855,-49
empty_01,empty,RX01,17.12761,856,-50
empty_01,empty,RX01,17.144396,857,-49
empty_01,empty,RX01,17.164364,858,-50
empty_01,empty,RX01,17.187998,859,-49
empty_01,empty,RX01,17.205209,860,-49
empty_01,empty,RX01,17.230025,861,-49
empty_01,empty,RX01,17.244376,862,-49
empty_01,empty,RX01,17.264995,863,-49
empty_01,empty,RX01,17.288481,864,-49
empty_01,empty,RX01,17.304374,865,-50
empty_01,empty,RX01,17.324424,866,-50
empty_01,empty,RX01,17.347375,867,-50
empty_01,empty,RX01,17.365956,868,-49
empty_01,empty,RX01,17.386466,869,-50
empty_01,empty,RX01,17.404384,870,-50
empty_01,empty,RX01,17.42606,871,-49
empty_01,empty,RX01,17.445546,872,-50
empty_01,empty,RX01,17.464366,873,-49
empty_01,empty,RX01,17.486011,874,-50
empty_01,empty,RX01,17.504401,875,-49
empty_01,empty,RX01,17.524364,876,-50
empty_01,empty,RX01,17.547948,877,-50
empty_01,empty,RX01,17.564491,878,-50
empty_01,empty,RX01,17.588427,879,-50
empty_01,empty,RX01,17.604361,880,-49
empty_01,empty,RX01,17.625177,881,-49
empty_01,empty,RX01,17.644996,882,-49
empty_01,empty,RX01,17.664818,883,-49
empty_01,empty,RX01,17.684374,884,-50
empty_01,empty,RX01,17.704358,885,-49
empty_01,empty,RX01,17.724615,886,-49
empty_01,empty,RX01,17.74438,887,-50
empty_01,empty,RX01,17.767617,888,-50
empty_01,empty,RX01,17.78744,889,-50
empty_01,empty,RX01,17.80449,890,-50
empty_01,empty,RX01,17.824368,891,-49
empty_01,empty,RX01,17.846334,892,-50
empty_01,empty,RX01,17.870881,893,-49
empty_01,empty,RX01,17.885326,894,-49
empty_01,empty,RX01,17.904382,895,-49
empty_01,empty,RX01,17.924335,896,-49
empty_01,empty,RX01,17.944429,897,-49
empty_01,empty,RX01,17.972845,898,-49
empty_01,empty,RX01,17.986275,899,-49
empty_01,empty,RX01,18.004331,900,-49
empty_01,empty,RX01,18.025585,901,-49
empty_01,empty,RX01,18.046834,902,-49
empty_01,empty,RX01,18.065035,903,-49
empty_01,empty,RX01,18.085876,904,-49
empty_01,empty,RX01,18.106461,905,-49
empty_01,empty,RX01,18.12435,906,-50
empty_01,empty,RX01,18.14435,907,-49
empty_01,empty,RX01,18.165445,908,-50
empty_01,empty,RX01,18.185156,909,-50
empty_01,empty,RX01,18.20654,910,-50
empty_01,empty,RX01,18.224357,911,-49
empty_01,empty,RX01,18.244345,912,-49
empty_01,empty,RX01,18.267855,913,-49
empty_01,empty,RX01,18.284944,914,-49
empty_01,empty,RX01,18.310982,915,-49
empty_01,empty,RX01,18.324355,916,-49
empty_01,empty,RX01,18.344361,917,-49
empty_01,empty,RX01,18.364333,918,-50
empty_01,empty,RX01,18.390068,919,-49
empty_01,empty,RX01,18.407624,920,-49
empty_01,empty,RX01,18.424332,921,-49
empty_01,empty,RX01,18.444313,922,-50
empty_01,empty,RX01,18.464342,923,-49
empty_01,empty,RX01,18.48511,924,-49
empty_01,empty,RX01,18.504768,925,-49
empty_01,empty,RX01,18.524344,926,-49
empty_01,empty,RX01,18.545163,927,-49
empty_01,empty,RX01,18.564713,928,-49
empty_01,empty,RX01,18.585343,929,-49
empty_01,empty,RX01,18.612406,930,-49
empty_01,empty,RX01,18.626252,931,-49
empty_01,empty,RX01,18.645739,932,-49
empty_01,empty,RX01,18.664352,933,-49
empty_01,empty,RX01,18.691817,934,-49
empty_01,empty,RX01,18.70434,935,-49
empty_01,empty,RX01,18.724305,936,-49
empty_01,empty,RX01,18.744929,937,-47
empty_01,empty,RX01,18.769288,938,-49
empty_01,empty,RX01,18.799986,939,-49
empty_01,empty,RX01,18.805041,940,-49
empty_01,empty,RX01,18.82651,941,-49
empty_01,empty,RX01,18.846694,942,-49
empty_01,empty,RX01,18.86603,943,-49
empty_01,empty,RX01,18.892307,944,-49
empty_01,empty,RX01,18.904318,945,-49
empty_01,empty,RX01,18.927509,946,-49
empty_01,empty,RX01,18.94432,947,-49
empty_01,empty,RX01,18.964325,948,-49
empty_01,empty,RX01,18.984332,949,-49
empty_01,empty,RX01,19.004421,950,-49
empty_01,empty,RX01,19.027612,951,-49
empty_01,empty,RX01,19.044295,952,-49
empty_01,empty,RX01,19.065913,953,-49
empty_01,empty,RX01,19.084922,954,-49
empty_01,empty,RX01,19.127785,955,-49
empty_01,empty,RX01,19.131908,956,-49
empty_01,empty,RX01,19.148543,957,-49
empty_01,empty,RX01,19.168864,958,-49
empty_01,empty,RX01,19.192009,959,-49
empty_01,empty,RX01,19.234788,960,-49
empty_01,empty,RX01,19.23546,961,-49
empty_01,empty,RX01,19.283697,962,-49
empty_01,empty,RX01,19.286924,963,-49
empty_01,empty,RX01,19.304769,964,-49
empty_01,empty,RX01,19.329213,965,-49
empty_01,empty,RX01,19.344443,966,-49
empty_01,empty,RX01,19.378049,967,-49
empty_01,empty,RX01,19.386669,968,-49
empty_01,empty,RX01,19.407402,969,-49
empty_01,empty,RX01,19.432826,970,-49
empty_01,empty,RX01,19.44444,971,-49
empty_01,empty,RX01,19.464432,972,-49
empty_01,empty,RX01,19.484415,973,-49
empty_01,empty,RX01,19.506719,974,-49
empty_01,empty,RX01,19.524411,975,-49
empty_01,empty,RX01,19.544415,976,-49
empty_01,empty,RX01,19.564409,977,-49
empty_01,empty,RX01,19.584419,978,-49
empty_01,empty,RX01,19.611692,979,-49
empty_01,empty,RX01,19.625397,980,-49
empty_01,empty,RX01,19.649328,981,-49
empty_01,empty,RX01,19.664433,982,-49
empty_01,empty,RX01,19.685251,983,-50
empty_01,empty,RX01,19.713625,984,-49
empty_01,empty,RX01,19.725288,985,-49
empty_01,empty,RX01,19.744437,986,-50
empty_01,empty,RX01,19.765199,987,-49
empty_01,empty,RX01,19.784533,988,-50
empty_01,empty,RX01,19.8044,989,-49
empty_01,empty,RX01,19.827108,990,-49
empty_01,empty,RX01,19.844517,991,-49
empty_01,empty,RX01,19.864405,992,-49
empty_01,empty,RX01,19.884416,993,-50
empty_01,empty,RX01,19.906473,994,-49
empty_01,empty,RX01,19.925968,995,-49
empty_01,empty,RX01,19.947543,996,-50
empty_01,empty,RX01,19.965674,997,-49
empty_01,empty,RX01,19.984424,998,-50
empty_01,empty,RX01,20.005569,999,-50
empty_01,empty,RX01,20.024421,1000,-50
empty_01,empty,RX01,20.046029,1001,-50
empty_01,empty,RX01,20.064391,1002,-50
empty_01,empty,RX01,20.087677,1003,-50
empty_01,empty,RX01,20.107996,1004,-50
empty_01,empty,RX01,20.130778,1005,-50
empty_01,empty,RX01,20.148417,1006,-50
empty_01,empty,RX01,20.164406,1007,-50
empty_01,empty,RX01,20.185088,1008,-50
empty_01,empty,RX01,20.204409,1009,-50
empty_01,empty,RX01,20.22563,1010,-50
empty_01,empty,RX01,20.24441,1011,-50
empty_01,empty,RX01,20.264546,1012,-49
empty_01,empty,RX01,20.284388,1013,-49
empty_01,empty,RX01,20.306652,1014,-50
empty_01,empty,RX01,20.336117,1015,-50
empty_01,empty,RX01,20.344393,1016,-50
empty_01,empty,RX01,20.364516,1017,-50
empty_01,empty,RX01,20.386567,1018,-50
empty_01,empty,RX01,20.405253,1019,-50
empty_01,empty,RX01,20.428311,1020,-50
empty_01,empty,RX01,20.444761,1021,-50
empty_01,empty,RX01,20.469154,1022,-50
empty_01,empty,RX01,20.488947,1023,-50
empty_01,empty,RX01,20.504583,1024,-50
empty_01,empty,RX01,20.532448,1025,-50
empty_01,empty,RX01,20.546507,1026,-50
empty_01,empty,RX01,20.564393,1027,-50
empty_01,empty,RX01,20.585486,1028,-50
empty_01,empty,RX01,20.606841,1029,-50
empty_01,empty,RX01,20.624492,1030,-50
empty_01,empty,RX01,20.644392,1031,-50
empty_01,empty,RX01,20.671987,1032,-50
empty_01,empty,RX01,20.684383,1033,-50
empty_01,empty,RX01,20.745339,1035,-50
empty_01,empty,RX01,20.746145,1036,-50
empty_01,empty,RX01,20.76661,1037,-50
empty_01,empty,RX01,20.786082,1038,-50
empty_01,empty,RX01,20.806757,1039,-50
empty_01,empty,RX01,20.826062,1040,-50
empty_01,empty,RX01,20.84917,1041,-50
empty_01,empty,RX01,20.866895,1042,-50
empty_01,empty,RX01,20.886094,1043,-50
empty_01,empty,RX01,20.906083,1044,-50
empty_01,empty,RX01,20.926507,1045,-50
empty_01,empty,RX01,20.946074,1046,-50
empty_01,empty,RX01,20.967601,1047,-50
empty_01,empty,RX01,20.986079,1048,-50
empty_01,empty,RX01,21.008249,1049,-50
empty_01,empty,RX01,21.027514,1050,-50
empty_01,empty,RX01,21.046089,1051,-50
empty_01,empty,RX01,21.070004,1052,-50
empty_01,empty,RX01,21.086114,1053,-50
empty_01,empty,RX01,21.106075,1054,-50
empty_01,empty,RX01,21.126316,1055,-50
empty_01,empty,RX01,21.146825,1056,-50
empty_01,empty,RX01,21.166193,1057,-50
empty_01,empty,RX01,21.186075,1058,-50
empty_01,empty,RX01,21.206968,1059,-50
empty_01,empty,RX01,21.227249,1060,-50
empty_01,empty,RX01,21.249625,1061,-50
empty_01,empty,RX01,21.28711,1062,-50
empty_01,empty,RX01,21.287756,1063,-49
empty_01,empty,RX01,21.308198,1064,-50
empty_01,empty,RX01,21.327836,1065,-50
empty_01,empty,RX01,21.351675,1066,-50
empty_01,empty,RX01,21.368988,1067,-50
empty_01,empty,RX01,21.387828,1068,-49
empty_01,empty,RX01,21.407809,1069,-50
empty_01,empty,RX01,21.429831,1070,-50
empty_01,empty,RX01,21.454064,1071,-53
empty_01,empty,RX01,21.468116,1072,-49
empty_01,empty,RX01,21.488889,1073,-49
empty_01,empty,RX01,21.50784,1074,-50
empty_01,empty,RX01,21.528447,1075,-50
empty_01,empty,RX01,21.548074,1076,-50
empty_01,empty,RX01,21.571286,1077,-50
empty_01,empty,RX01,21.587818,1078,-50
empty_01,empty,RX01,21.609231,1079,-50
empty_01,empty,RX01,21.632281,1080,-50
empty_01,empty,RX01,21.647828,1081,-50
empty_01,empty,RX01,21.670322,1082,-50
empty_01,empty,RX01,21.690014,1083,-50
empty_01,empty,RX01,21.707825,1084,-50
empty_01,empty,RX01,21.752503,1085,-50
empty_01,empty,RX01,21.754078,1086,-50
empty_01,empty,RX01,21.802518,1088,-50
empty_01,empty,RX01,21.815012,1089,-50
empty_01,empty,RX01,21.835659,1090,-50
empty_01,empty,RX01,21.853711,1091,-50
empty_01,empty,RX01,21.873298,1092,-49
empty_01,empty,RX01,21.894274,1093,-50
empty_01,empty,RX01,21.913224,1094,-50
empty_01,empty,RX01,21.938043,1095,-50
empty_01,empty,RX01,21.954664,1096,-50
empty_01,empty,RX01,21.97399,1097,-49
empty_01,empty,RX01,21.994415,1098,-50
empty_01,empty,RX01,22.013246,1099,-50
empty_01,empty,RX01,22.033675,1100,-50
empty_01,empty,RX01,22.053623,1101,-50
empty_01,empty,RX01,22.074086,1102,-50
empty_01,empty,RX01,22.099351,1103,-49
empty_01,empty,RX01,22.113239,1104,-50
empty_01,empty,RX01,22.156827,1105,-50
empty_01,empty,RX01,22.167903,1106,-50
empty_01,empty,RX01,22.178791,1107,-50
empty_01,empty,RX01,22.197558,1108,-49
empty_01,empty,RX01,22.217558,1109,-49
empty_01,empty,RX01,22.237572,1110,-50
empty_01,empty,RX01,22.262131,1111,-50
empty_01,empty,RX01,22.277559,1112,-50
empty_01,empty,RX01,22.298832,1113,-49
empty_01,empty,RX01,22.317555,1114,-50
empty_01,empty,RX01,22.342404,1115,-50
empty_01,empty,RX01,22.35754,1116,-50
empty_01,empty,RX01,22.377539,1117,-50
empty_01,empty,RX01,22.401222,1118,-50
empty_01,empty,RX01,22.417547,1119,-50
empty_01,empty,RX01,22.460888,1121,-49
empty_01,empty,RX01,22.480417,1122,-50
empty_01,empty,RX01,22.508699,1123,-49
empty_01,empty,RX01,22.519502,1124,-49
empty_01,empty,RX01,22.542211,1125,-49
empty_01,empty,RX01,22.561375,1126,-49
empty_01,empty,RX01,22.579928,1127,-50
empty_01,empty,RX01,22.597549,1128,-49
empty_01,empty,RX01,22.618746,1129,-49
empty_01,empty,RX01,22.63937,1130,-49
empty_01,empty,RX01,22.65774,1131,-49
empty_01,empty,RX01,22.682959,1132,-50
empty_01,empty,RX01,22.697532,1133,-49
empty_01,empty,RX01,22.717553,1134,-49
empty_01,empty,RX01,22.737524,1135,-49
empty_01,empty,RX01,22.760327,1136,-49
empty_01,empty,RX01,22.78385,1137,-49
empty_01,empty,RX01,22.800355,1138,-49
empty_01,empty,RX01,22.81992,1139,-49
empty_01,empty,RX01,22.842013,1140,-49
empty_01,empty,RX01,22.85965,1141,-49
empty_01,empty,RX01,22.878281,1142,-49
empty_01,empty,RX01,22.89767,1143,-49
empty_01,empty,RX01,22.917542,1144,-49
empty_01,empty,RX01,22.93966,1145,-49
empty_01,empty,RX01,22.957543,1146,-49
empty_01,empty,RX01,22.979386,1147,-49
empty_01,empty,RX01,23.023592,1148,-49
empty_01,empty,RX01,23.026016,1149,-49
empty_01,empty,RX01,23.068978,1151,-49
empty_01,empty,RX01,23.090735,1152,-49
empty_01,empty,RX01,23.104864,1153,-49
empty_01,empty,RX01,23.127059,1154,-49
empty_01,empty,RX01,23.144806,1155,-49
empty_01,empty,RX01,23.16684,1156,-49
empty_01,empty,RX01,23.184505,1157,-49
empty_01,empty,RX01,23.205092,1158,-49
empty_01,empty,RX01,23.225362,1159,-49
empty_01,empty,RX01,23.244349,1160,-50
empty_01,empty,RX01,23.264508,1161,-50
empty_01,empty,RX01,23.286715,1162,-49
empty_01,empty,RX01,23.305172,1163,-50
empty_01,empty,RX01,23.324517,1164,-49
empty_01,empty,RX01,23.344388,1165,-49
empty_01,empty,RX01,23.36589,1166,-50
empty_01,empty,RX01,23.387942,1167,-49
empty_01,empty,RX01,23.405089,1168,-50
empty_01,empty,RX01,23.424982,1169,-49
empty_01,empty,RX01,23.444346,1170,-50
empty_01,empty,RX01,23.464373,1171,-49
empty_01,empty,RX01,23.484354,1172,-50
empty_01,empty,RX01,23.504366,1173,-49
empty_01,empty,RX01,23.524576,1174,-49
empty_01,empty,RX01,23.544352,1175,-50
empty_01,empty,RX01,23.564345,1176,-49
empty_01,empty,RX01,23.584345,1177,-50
empty_01,empty,RX01,23.604715,1178,-53
empty_01,empty,RX01,23.62445,1179,-49
empty_01,empty,RX01,23.64434,1180,-50
empty_01,empty,RX01,23.666425,1181,-49
empty_01,empty,RX01,23.686451,1182,-49
empty_01,empty,RX01,23.705161,1183,-50
empty_01,empty,RX01,23.725422,1184,-50
empty_01,empty,RX01,23.74481,1185,-49
empty_01,empty,RX01,23.765773,1186,-49
empty_01,empty,RX01,23.78434,1187,-50
empty_01,empty,RX01,23.807575,1188,-50
empty_01,empty,RX01,23.826873,1189,-50
empty_01,empty,RX01,23.847207,1190,-49
empty_01,empty,RX01,23.86435,1191,-50
empty_01,empty,RX01,23.884444,1192,-50
empty_01,empty,RX01,23.910831,1193,-50
empty_01,empty,RX01,23.924487,1194,-49
empty_01,empty,RX01,23.949602,1195,-49
empty_01,empty,RX01,23.966213,1196,-49
empty_01,empty,RX01,23.986045,1197,-50
empty_01,empty,RX01,24.00433,1198,-49
empty_01,empty,RX01,24.029205,1199,-49
empty_01,empty,RX01,24.045528,1200,-49
empty_01,empty,RX01,24.066039,1201,-49
empty_01,empty,RX01,24.084387,1202,-50
empty_01,empty,RX01,24.106092,1203,-49
empty_01,empty,RX01,24.12446,1204,-49
empty_01,empty,RX01,24.149038,1205,-49
empty_01,empty,RX01,24.164341,1206,-49
empty_01,empty,RX01,24.18667,1207,-49
empty_01,empty,RX01,24.207153,1208,-49
empty_01,empty,RX01,24.224323,1209,-49
empty_01,empty,RX01,24.244446,1210,-49
empty_01,empty,RX01,24.264341,1211,-49
empty_01,empty,RX01,24.284389,1212,-49
empty_01,empty,RX01,24.309557,1213,-49
empty_01,empty,RX01,24.326578,1214,-49
empty_01,empty,RX01,24.346816,1215,-49
empty_01,empty,RX01,24.364338,1216,-49
empty_01,empty,RX01,24.384798,1217,-49
empty_01,empty,RX01,24.406,1218,-49
empty_01,empty,RX01,24.424822,1219,-49
empty_01,empty,RX01,24.449215,1220,-49
empty_01,empty,RX01,24.464339,1221,-49
empty_01,empty,RX01,24.485357,1222,-49
empty_01,empty,RX01,24.506413,1223,-49
empty_01,empty,RX01,24.526082,1224,-49
empty_01,empty,RX01,24.54433,1225,-49
empty_01,empty,RX01,24.566269,1226,-50
empty_01,empty,RX01,24.584964,1227,-49
empty_01,empty,RX01,24.606857,1228,-49
empty_01,empty,RX01,24.628975,1229,-49
empty_01,empty,RX01,24.644599,1230,-49
empty_01,empty,RX01,24.666405,1231,-49
empty_01,empty,RX01,24.684715,1232,-49
empty_01,empty,RX01,24.707585,1233,-49
empty_01,empty,RX01,24.729272,1234,-49
empty_01,empty,RX01,24.744626,1235,-49
empty_01,empty,RX01,24.764312,1236,-49
empty_01,empty,RX01,24.785295,1237,-49
empty_01,empty,RX01,24.805312,1238,-49
empty_01,empty,RX01,24.834531,1239,-49
empty_01,empty,RX01,24.844292,1240,-49
empty_01,empty,RX01,24.866381,1241,-49
empty_01,empty,RX01,24.884318,1242,-49
empty_01,empty,RX01,24.90431,1243,-49
empty_01,empty,RX01,24.946869,1245,-49
empty_01,empty,RX01,24.964302,1246,-49
empty_01,empty,RX01,24.984301,1247,-50
empty_01,empty,RX01,25.006784,1248,-49
empty_01,empty,RX01,25.024979,1249,-49
empty_01,empty,RX01,25.045988,1250,-49
empty_01,empty,RX01,25.064298,1251,-49
empty_01,empty,RX01,25.084367,1252,-49
empty_01,empty,RX01,25.105492,1253,-50
empty_01,empty,RX01,25.128787,1254,-49
empty_01,empty,RX01,25.14441,1255,-49
empty_01,empty,RX01,25.166133,1256,-50
empty_01,empty,RX01,25.184315,1257,-50
empty_01,empty,RX01,25.20458,1258,-50
empty_01,empty,RX01,25.230005,1259,-49
empty_01,empty,RX01,25.245044,1260,-50
empty_01,empty,RX01,25.268435,1261,-50
empty_01,empty,RX01,25.284302,1262,-50
empty_01,empty,RX01,25.304673,1263,-50
empty_01,empty,RX01,25.325439,1264,-50
empty_01,empty,RX01,25.34429,1265,-49
empty_01,empty,RX01,25.367746,1266,-50
empty_01,empty,RX01,25.384287,1267,-50
empty_01,empty,RX01,25.404388,1268,-50
empty_01,empty,RX01,25.426855,1269,-50
empty_01,empty,RX01,25.444723,1270,-50
empty_01,empty,RX01,25.466905,1271,-50
empty_01,empty,RX01,25.485605,1272,-50
empty_01,empty,RX01,25.504292,1273,-50
empty_01,empty,RX01,25.524287,1274,-50
empty_01,empty,RX01,25.55059,1275,-50
empty_01,empty,RX01,25.564285,1276,-50
empty_01,empty,RX01,25.584297,1277,-50
empty_01,empty,RX01,25.604286,1278,-50
empty_01,empty,RX01,25.626833,1279,-50
empty_01,empty,RX01,25.644275,1280,-50
empty_01,empty,RX01,25.664652,1281,-50
empty_01,empty,RX01,25.68428,1282,-50
empty_01,empty,RX01,25.70429,1283,-50
empty_01,empty,RX01,25.725376,1284,-50
empty_01,empty,RX01,25.764055,1285,-50
empty_01,empty,RX01,25.764715,1286,-50
empty_01,empty,RX01,25.78745,1287,-50
empty_01,empty,RX01,25.806601,1288,-50
empty_01,empty,RX01,25.82478,1289,-50
empty_01,empty,RX01,25.84558,1290,-50
empty_01,empty,RX01,25.865189,1291,-50
empty_01,empty,RX01,25.888221,1292,-50
empty_01,empty,RX01,25.904764,1293,-50
empty_01,empty,RX01,25.924794,1294,-50
empty_01,empty,RX01,25.946818,1295,-50
empty_01,empty,RX01,25.967586,1296,-50
empty_01,empty,RX01,25.985235,1297,-50
empty_01,empty,RX01,26.004795,1298,-50
empty_01,empty,RX01,26.026879,1299,-50
empty_01,empty,RX01,26.044793,1300,-50
empty_01,empty,RX01,26.064756,1301,-50
empty_01,empty,RX01,26.087642,1302,-50
empty_01,empty,RX01,26.104877,1303,-50
empty_01,empty,RX01,26.124784,1304,-50
empty_01,empty,RX01,26.144761,1305,-50
empty_01,empty,RX01,26.165883,1306,-50
empty_01,empty,RX01,26.190027,1307,-50
empty_01,empty,RX01,26.204767,1308,-50
empty_01,empty,RX01,26.224769,1309,-50
empty_01,empty,RX01,26.244775,1310,-50
empty_01,empty,RX01,26.264927,1311,-50
empty_01,empty,RX01,26.284771,1312,-50
empty_01,empty,RX01,26.304917,1313,-50
empty_01,empty,RX01,26.325772,1314,-50
empty_01,empty,RX01,26.347183,1315,-50
empty_01,empty,RX01,26.371025,1316,-50
empty_01,empty,RX01,26.384905,1317,-50
empty_01,empty,RX01,26.407212,1318,-50
empty_01,empty,RX01,26.424767,1319,-50
empty_01,empty,RX01,26.444759,1320,-50
empty_01,empty,RX01,26.471704,1321,-50
empty_01,empty,RX01,26.484782,1322,-50
empty_01,empty,RX01,26.504797,1323,-50
empty_01,empty,RX01,26.52477,1324,-49
empty_01,empty,RX01,26.546066,1325,-49
empty_01,empty,RX01,26.564768,1326,-49
empty_01,empty,RX01,26.584752,1327,-50
empty_01,empty,RX01,26.604746,1328,-49
empty_01,empty,RX01,26.624767,1329,-49
empty_01,empty,RX01,26.644772,1330,-49
empty_01,empty,RX01,26.66481,1331,-49
empty_01,empty,RX01,26.684777,1332,-50
empty_01,empty,RX01,26.70682,1333,-50
empty_01,empty,RX01,26.724769,1334,-49
empty_01,empty,RX01,26.747719,1335,-50
empty_01,empty,RX01,26.767197,1336,-49
empty_01,empty,RX01,26.787131,1337,-49
empty_01,empty,RX01,26.805692,1338,-49
empty_01,empty,RX01,26.824757,1339,-49
empty_01,empty,RX01,26.844744,1340,-50
empty_01,empty,RX01,26.864729,1341,-50
empty_01,empty,RX01,26.884752,1342,-50
empty_01,empty,RX01,26.906837,1343,-49
empty_01,empty,RX01,26.925348,1344,-50
empty_01,empty,RX01,26.94512,1345,-50
empty_01,empty,RX01,26.972016,1346,-49
empty_01,empty,RX01,26.985415,1347,-49
empty_01,empty,RX01,27.009227,1348,-50
empty_01,empty,RX01,27.024757,1349,-49
empty_01,empty,RX01,27.044736,1350,-50
empty_01,empty,RX01,27.06509,1351,-50
empty_01,empty,RX01,27.08644,1352,-50
empty_01,empty,RX01,27.10473,1353,-50
empty_01,empty,RX01,27.126753,1354,-49
empty_01,empty,RX01,27.145008,1355,-49
empty_01,empty,RX01,27.164747,1356,-49
empty_01,empty,RX01,27.185504,1357,-49
empty_01,empty,RX01,27.214015,1358,-50
empty_01,empty,RX01,27.2264,1359,-49
empty_01,empty,RX01,27.244876,1360,-50
empty_01,empty,RX01,27.265221,1361,-49
empty_01,empty,RX01,27.300418,1362,-49
empty_01,empty,RX01,27.305938,1363,-50
empty_01,empty,RX01,27.32513,1364,-49
empty_01,empty,RX01,27.344743,1365,-50
empty_01,empty,RX01,27.367604,1366,-50
empty_01,empty,RX01,27.390331,1367,-49
empty_01,empty,RX01,27.404732,1368,-50
empty_01,empty,RX01,27.426783,1369,-49
empty_01,empty,RX01,27.44528,1370,-49
empty_01,empty,RX01,27.46765,1371,-50
empty_01,empty,RX01,27.484722,1372,-49
empty_01,empty,RX01,27.505397,1373,-49
empty_01,empty,RX01,27.526193,1374,-49
empty_01,empty,RX01,27.545094,1375,-49
empty_01,empty,RX01,27.564723,1376,-50
empty_01,empty,RX01,27.585221,1377,-50
empty_01,empty,RX01,27.606012,1378,-49
empty_01,empty,RX01,27.625535,1379,-49
empty_01,empty,RX01,27.644734,1380,-49
empty_01,empty,RX01,27.664719,1381,-49
empty_01,empty,RX01,27.687651,1382,-50
empty_01,empty,RX01,27.70842,1383,-49
empty_01,empty,RX01,27.726034,1384,-49
empty_01,empty,RX01,27.748049,1385,-49
empty_01,empty,RX01,27.764736,1386,-49
empty_01,empty,RX01,27.784726,1387,-50
empty_01,empty,RX01,27.804715,1388,-49
empty_01,empty,RX01,27.826865,1389,-49
empty_01,empty,RX01,27.844722,1390,-50
empty_01,empty,RX01,27.864708,1391,-50
empty_01,empty,RX01,27.884715,1392,-50
empty_01,empty,RX01,27.907972,1393,-50
empty_01,empty,RX01,27.924723,1394,-50
empty_01,empty,RX01,27.944702,1395,-50
empty_01,empty,RX01,27.964715,1396,-49
empty_01,empty,RX01,27.986012,1397,-49
empty_01,empty,RX01,28.024705,1399,-50
empty_01,empty,RX01,28.045604,1400,-49
empty_01,empty,RX01,28.066663,1401,-49
empty_01,empty,RX01,28.084771,1402,-49
empty_01,empty,RX01,28.11269,1403,-49
empty_01,empty,RX01,28.124716,1404,-50
empty_01,empty,RX01,28.144714,1405,-50
empty_01,empty,RX01,28.16471,1406,-49
empty_01,empty,RX01,28.184701,1407,-49
empty_01,empty,RX01,28.212813,1408,-49
empty_01,empty,RX01,28.224696,1409,-50
empty_01,empty,RX01,28.244719,1410,-49
empty_01,empty,RX01,28.264838,1411,-50
empty_01,empty,RX01,28.286981,1412,-50
empty_01,empty,RX01,28.314189,1413,-50
empty_01,empty,RX01,28.324719,1414,-50
empty_01,empty,RX01,28.344708,1415,-50
empty_01,empty,RX01,28.36692,1416,-49
empty_01,empty,RX01,28.384694,1417,-50
empty_01,empty,RX01,28.404702,1418,-50
empty_01,empty,RX01,28.425223,1419,-49
empty_01,empty,RX01,28.446718,1420,-50
empty_01,empty,RX01,28.4647,1421,-50
empty_01,empty,RX01,28.486552,1422,-50
empty_01,empty,RX01,28.508048,1423,-50
empty_01,empty,RX01,28.524708,1424,-50
empty_01,empty,RX01,28.547031,1425,-50
empty_01,empty,RX01,28.564706,1426,-50
empty_01,empty,RX01,28.585401,1427,-49
empty_01,empty,RX01,28.610446,1428,-49
empty_01,empty,RX01,28.62741,1429,-49
empty_01,empty,RX01,28.644704,1430,-50
empty_01,empty,RX01,28.664684,1431,-49
empty_01,empty,RX01,28.684716,1432,-50
empty_01,empty,RX01,28.7047,1433,-50
empty_01,empty,RX01,28.727974,1434,-50
empty_01,empty,RX01,28.746941,1435,-49
empty_01,empty,RX01,28.764705,1436,-49
empty_01,empty,RX01,28.784694,1437,-50
empty_01,empty,RX01,28.809427,1438,-49
empty_01,empty,RX01,28.828194,1439,-50
empty_01,empty,RX01,28.844831,1440,-49
empty_01,empty,RX01,28.864813,1441,-49
empty_01,empty,RX01,28.885819,1442,-50
empty_01,empty,RX01,28.909315,1443,-50
empty_01,empty,RX01,28.927619,1444,-49
empty_01,empty,RX01,28.947663,1445,-50
empty_01,empty,RX01,28.967239,1446,-49
empty_01,empty,RX01,28.984676,1447,-49
empty_01,empty,RX01,29.00525,1448,-49
empty_01,empty,RX01,29.030178,1449,-49
empty_01,empty,RX01,29.046029,1450,-49
empty_01,empty,RX01,29.066628,1451,-49
empty_01,empty,RX01,29.084735,1452,-49
empty_01,empty,RX01,29.106056,1453,-50
empty_01,empty,RX01,29.144948,1455,-49
empty_01,empty,RX01,29.164797,1456,-49
empty_01,empty,RX01,29.186132,1457,-49
empty_01,empty,RX01,29.208447,1458,-50
empty_01,empty,RX01,29.225021,1459,-49
empty_01,empty,RX01,29.244696,1460,-49
empty_01,empty,RX01,29.264672,1461,-49
empty_01,empty,RX01,29.284685,1462,-49
empty_01,empty,RX01,29.304683,1463,-50
empty_01,empty,RX01,29.32727,1464,-50
empty_01,empty,RX01,29.34682,1465,-49
empty_01,empty,RX01,29.364801,1466,-49
empty_01,empty,RX01,29.384679,1467,-49
empty_01,empty,RX01,29.404661,1468,-50
empty_01,empty,RX01,29.426544,1469,-49
empty_01,empty,RX01,29.444782,1470,-49
empty_01,empty,RX01,29.466813,1471,-49
empty_01,empty,RX01,29.484676,1472,-49
empty_01,empty,RX01,29.507834,1473,-49
empty_01,empty,RX01,29.531438,1474,-49
empty_01,empty,RX01,29.544643,1475,-50
empty_01,empty,RX01,29.569241,1476,-50
empty_01,empty,RX01,29.584664,1477,-50
empty_01,empty,RX01,29.605247,1478,-50
empty_01,empty,RX01,29.624678,1479,-50
empty_01,empty,RX01,29.644671,1480,-50
empty_01,empty,RX01,29.665213,1481,-50
empty_01,empty,RX01,29.684671,1482,-49
empty_01,empty,RX01,29.705195,1483,-49
empty_01,empty,RX01,29.727882,1484,-50
empty_01,empty,RX01,29.749727,1485,-50
empty_01,empty,RX01,29.764698,1486,-50
empty_01,empty,RX01,29.786422,1487,-50
empty_01,empty,RX01,29.804679,1488,-50
empty_01,empty,RX01,29.826256,1489,-49
empty_01,empty,RX01,29.864658,1491,-50
empty_01,empty,RX01,29.888841,1492,-50
empty_01,empty,RX01,29.904631,1493,-49
empty_01,empty,RX01,29.92527,1494,-49
empty_01,empty,RX01,29.944651,1495,-50
empty_01,empty,RX01,29.964664,1496,-49
empty_01,empty,RX01,29.984753,1497,-49
empty_01,empty,RX01,30.005318,1498,-49
empty_01,empty,RX01,30.027672,1499,-50
empty_01,empty,RX01,30.044628,1500,-49
empty_01,empty,RX01,30.06462,1501,-50
empty_01,empty,RX01,30.084705,1502,-50
empty_01,empty,RX01,30.10466,1503,-50
empty_01,empty,RX01,30.130047,1504,-49
empty_01,empty,RX01,30.146485,1505,-49
empty_01,empty,RX01,30.16604,1506,-49
empty_01,empty,RX01,30.18465,1507,-49
empty_01,empty,RX01,30.20465,1508,-49
empty_01,empty,RX01,30.224613,1509,-49
empty_01,empty,RX01,30.248885,1510,-49
empty_01,empty,RX01,30.264618,1511,-49
empty_01,empty,RX01,30.286027,1512,-49
empty_01,empty,RX01,30.304616,1513,-49
empty_01,empty,RX01,30.325805,1514,-49
empty_01,empty,RX01,30.351279,1515,-49
empty_01,empty,RX01,30.367715,1516,-49
empty_01,empty,RX01,30.386892,1517,-49
empty_01,empty,RX01,30.404655,1518,-49
empty_01,empty,RX01,30.428919,1519,-49
empty_01,empty,RX01,30.444626,1520,-49
empty_01,empty,RX01,30.469695,1521,-49
empty_01,empty,RX01,30.484627,1522,-49
empty_01,empty,RX01,30.507168,1523,-49
empty_01,empty,RX01,30.52465,1524,-49
empty_01,empty,RX01,30.547274,1525,-49
empty_01,empty,RX01,30.568094,1526,-49
empty_01,empty,RX01,30.585341,1527,-49
empty_01,empty,RX01,30.60565,1528,-49
empty_01,empty,RX01,30.627063,1529,-49
empty_01,empty,RX01,30.646462,1530,-49
empty_01,empty,RX01,30.669313,1531,-49
empty_01,empty,RX01,30.685675,1532,-49
empty_01,empty,RX01,30.704615,1533,-49
empty_01,empty,RX01,30.725366,1534,-49
empty_01,empty,RX01,30.744623,1535,-49
empty_01,empty,RX01,30.772948,1536,-49
empty_01,empty,RX01,30.788447,1537,-49
empty_01,empty,RX01,30.805039,1538,-49
empty_01,empty,RX01,30.824621,1539,-49
empty_01,empty,RX01,30.846866,1540,-49
empty_01,empty,RX01,30.865112,1541,-49
empty_01,empty,RX01,30.885489,1542,-49
empty_01,empty,RX01,30.905768,1543,-49
empty_01,empty,RX01,30.926948,1544,-49
empty_01,empty,RX01,30.944729,1545,-49
empty_01,empty,RX01,30.965692,1546,-49
empty_01,empty,RX01,30.985243,1547,-49
empty_01,empty,RX01,31.007103,1548,-49
empty_01,empty,RX01,31.024612,1549,-49
empty_01,empty,RX01,31.04459,1550,-50
empty_01,empty,RX01,31.066844,1551,-49
empty_01,empty,RX01,31.087658,1552,-50
empty_01,empty,RX01,31.105188,1553,-50
empty_01,empty,RX01,31.124617,1554,-49
empty_01,empty,RX01,31.144593,1555,-49
empty_01,empty,RX01,31.164619,1556,-50
empty_01,empty,RX01,31.18458,1557,-50
empty_01,empty,RX01,31.207628,1558,-49
empty_01,empty,RX01,31.225616,1559,-49
empty_01,empty,RX01,31.248314,1560,-49
empty_01,empty,RX01,31.265406,1561,-50
empty_01,empty,RX01,31.285525,1562,-53
empty_01,empty,RX01,31.310033,1563,-49
empty_01,empty,RX01,31.324598,1564,-50
empty_01,empty,RX01,31.344739,1565,-50
empty_01,empty,RX01,31.36992,1566,-50
empty_01,empty,RX01,31.385233,1567,-50
empty_01,empty,RX01,31.412429,1568,-50
empty_01,empty,RX01,31.424849,1569,-49
empty_01,empty,RX01,31.445806,1570,-49
empty_01,empty,RX01,31.464719,1571,-49
empty_01,empty,RX01,31.489456,1572,-50
empty_01,empty,RX01,31.506607,1573,-50
empty_01,empty,RX01,31.527239,1574,-49
empty_01,empty,RX01,31.548335,1575,-49
empty_01,empty,RX01,31.569387,1576,-49
empty_01,empty,RX01,31.592687,1577,-49
empty_01,empty,RX01,31.604582,1578,-50
empty_01,empty,RX01,31.625222,1579,-49
empty_01,empty,RX01,31.644609,1580,-49
empty_01,empty,RX01,31.666062,1581,-49
empty_01,empty,RX01,31.68459,1582,-50
empty_01,empty,RX01,31.706562,1583,-49
empty_01,empty,RX01,31.725813,1584,-49
empty_01,empty,RX01,31.746155,1585,-49
empty_01,empty,RX01,31.768892,1586,-50
empty_01,empty,RX01,31.784896,1587,-49
empty_01,empty,RX01,31.808392,1588,-49
empty_01,empty,RX01,31.824562,1589,-49
empty_01,empty,RX01,31.844592,1590,-49
empty_01,empty,RX01,31.867167,1591,-49
empty_01,empty,RX01,31.887303,1592,-49
empty_01,empty,RX01,31.906838,1593,-49
empty_01,empty,RX01,31.924565,1594,-49
empty_01,empty,RX01,31.944568,1595,-49
empty_01,empty,RX01,31.964985,1596,-49
empty_01,empty,RX01,31.984698,1597,-50
empty_01,empty,RX01,32.006666,1598,-49
empty_01,empty,RX01,32.028358,1599,-49
empty_01,empty,RX01,32.04457,1600,-49
empty_01,empty,RX01,32.064964,1601,-50
empty_01,empty,RX01,32.09209,1602,-49
empty_01,empty,RX01,32.104838,1603,-49
empty_01,empty,RX01,32.144555,1605,-49
empty_01,empty,RX01,32.169034,1606,-49
empty_01,empty,RX01,32.184544,1607,-50
empty_01,empty,RX01,32.208828,1608,-50
empty_01,empty,RX01,32.224554,1609,-50
empty_01,empty,RX01,32.244785,1610,-50
empty_01,empty,RX01,32.265038,1611,-49
empty_01,empty,RX01,32.284566,1612,-50
empty_01,empty,RX01,32.305507,1613,-49
empty_01,empty,RX01,32.325054,1614,-50
empty_01,empty,RX01,32.346431,1615,-50
empty_01,empty,RX01,32.364566,1616,-50
empty_01,empty,RX01,32.387754,1617,-49
empty_01,empty,RX01,32.407902,1618,-50
empty_01,empty,RX01,32.425608,1619,-50
empty_01,empty,RX01,32.444562,1620,-50
empty_01,empty,RX01,32.464697,1621,-50
empty_01,empty,RX01,32.485248,1622,-50
empty_01,empty,RX01,32.510319,1623,-49
empty_01,empty,RX01,32.52765,1624,-50
empty_01,empty,RX01,32.544683,1625,-50
empty_01,empty,RX01,32.564554,1626,-50
empty_01,empty,RX01,32.590038,1627,-49
empty_01,empty,RX01,32.604563,1628,-49
empty_01,empty,RX01,32.629338,1629,-50
empty_01,empty,RX01,32.644585,1630,-50
empty_01,empty,RX01,32.664541,1631,-50
empty_01,empty,RX01,32.684554,1632,-49
empty_01,empty,RX01,32.705242,1633,-49
empty_01,empty,RX01,32.726061,1634,-49
empty_01,empty,RX01,32.746955,1635,-50
empty_01,empty,RX01,32.764532,1636,-50
empty_01,empty,RX01,32.785434,1637,-50
empty_01,empty,RX01,32.807664,1638,-50
empty_01,empty,RX01,32.829323,1639,-49
empty_01,empty,RX01,32.846436,1640,-50
empty_01,empty,RX01,32.86452,1641,-50
empty_01,empty,RX01,32.889234,1642,-50
empty_01,empty,RX01,32.904536,1643,-50
empty_01,empty,RX01,32.930853,1644,-50
empty_01,empty,RX01,32.948441,1645,-49
empty_01,empty,RX01,32.964547,1646,-49
empty_01,empty,RX01,32.984515,1647,-50
empty_01,empty,RX01,33.00715,1648,-50
empty_01,empty,RX01,33.025376,1649,-50
empty_01,empty,RX01,33.044543,1650,-49
empty_01,empty,RX01,33.065832,1651,-50
empty_01,empty,RX01,33.084726,1652,-50
empty_01,empty,RX01,33.10641,1653,-49
empty_01,empty,RX01,33.12929,1654,-50
empty_01,empty,RX01,33.146953,1655,-50
empty_01,empty,RX01,33.165626,1656,-50
empty_01,empty,RX01,33.186651,1657,-50
empty_01,empty,RX01,33.204526,1658,-50
empty_01,empty,RX01,33.228515,1659,-50
empty_01,empty,RX01,33.246597,1660,-49
empty_01,empty,RX01,33.26804,1661,-49
empty_01,empty,RX01,33.287027,1662,-49
empty_01,empty,RX01,33.304648,1663,-50
empty_01,empty,RX01,33.330863,1664,-50
empty_01,empty,RX01,33.3469,1665,-50
empty_01,empty,RX01,33.364538,1666,-49
empty_01,empty,RX01,33.384501,1667,-49
empty_01,empty,RX01,33.40687,1668,-50
empty_01,empty,RX01,33.424513,1669,-49
empty_01,empty,RX01,33.444535,1670,-50
empty_01,empty,RX01,33.472831,1671,-50
empty_01,empty,RX01,33.484526,1672,-49
empty_01,empty,RX01,33.525759,1674,-49
empty_01,empty,RX01,33.54527,1675,-49
empty_01,empty,RX01,33.567433,1676,-50
empty_01,empty,RX01,33.584513,1677,-49
empty_01,empty,RX01,33.604643,1678,-50
empty_01,empty,RX01,33.628153,1679,-49
empty_01,empty,RX01,33.644527,1680,-50
empty_01,empty,RX01,33.666871,1681,-50
empty_01,empty,RX01,33.684527,1682,-50
empty_01,empty,RX01,33.704563,1683,-50
empty_01,empty,RX01,33.730527,1684,-50
empty_01,empty,RX01,33.744494,1685,-49
empty_01,empty,RX01,33.764719,1686,-49
empty_01,empty,RX01,33.784489,1687,-50
empty_01,empty,RX01,33.804504,1688,-50
empty_01,empty,RX01,33.832951,1689,-49
empty_01,empty,RX01,33.84751,1690,-50
empty_01,empty,RX01,33.869075,1691,-50
empty_01,empty,RX01,33.884495,1692,-50
empty_01,empty,RX01,33.909276,1693,-50
empty_01,empty,RX01,33.924508,1694,-50
empty_01,empty,RX01,33.946731,1695,-50
empty_01,empty,RX01,33.964492,1696,-50
empty_01,empty,RX01,33.98483,1697,-50
empty_01,empty,RX01,34.004502,1698,-50
empty_01,empty,RX01,34.024492,1699,-50
empty_01,empty,RX01,34.051598,1700,-49
empty_01,empty,RX01,34.065659,1701,-49
empty_01,empty,RX01,34.087273,1702,-50
empty_01,empty,RX01,34.104492,1703,-49
empty_01,empty,RX01,34.1247,1704,-49
empty_01,empty,RX01,34.147025,1705,-51
empty_01,empty,RX01,34.166787,1706,-49
empty_01,empty,RX01,34.184477,1707,-49
empty_01,empty,RX01,34.20449,1708,-49
empty_01,empty,RX01,34.226062,1709,-49
empty_01,empty,RX01,34.244508,1710,-49
empty_01,empty,RX01,34.265823,1711,-49
empty_01,empty,RX01,34.28742,1712,-49
empty_01,empty,RX01,34.304478,1713,-49
empty_01,empty,RX01,34.325345,1714,-49
empty_01,empty,RX01,34.344943,1715,-49
empty_01,empty,RX01,34.364777,1716,-49
empty_01,empty,RX01,34.384798,1717,-49
empty_01,empty,RX01,34.404477,1718,-49
empty_01,empty,RX01,34.42447,1719,-49
empty_01,empty,RX01,34.447368,1720,-49
empty_01,empty,RX01,34.464479,1721,-49
empty_01,empty,RX01,34.484499,1722,-49
empty_01,empty,RX01,34.504479,1723,-49
empty_01,empty,RX01,34.524769,1724,-49
empty_01,empty,RX01,34.549766,1725,-49
empty_01,empty,RX01,34.564482,1726,-49
empty_01,empty,RX01,34.586832,1727,-50
empty_01,empty,RX01,34.604495,1728,-49
empty_01,empty,RX01,34.625829,1729,-49
empty_01,empty,RX01,34.644467,1730,-50
empty_01,empty,RX01,34.664852,1731,-49
empty_01,empty,RX01,34.68924,1732,-49
empty_01,empty,RX01,34.70446,1733,-50
empty_01,empty,RX01,34.724485,1734,-49
empty_01,empty,RX01,34.747171,1735,-50
empty_01,empty,RX01,34.76657,1736,-50
empty_01,empty,RX01,34.791624,1737,-49
empty_01,empty,RX01,34.805038,1738,-50
empty_01,empty,RX01,34.825028,1739,-50
empty_01,empty,RX01,34.845007,1740,-50
empty_01,empty,RX01,34.866875,1741,-49
empty_01,empty,RX01,34.894045,1742,-49
empty_01,empty,RX01,34.906435,1743,-49
empty_01,empty,RX01,34.927507,1744,-49
empty_01,empty,RX01,34.944443,1745,-49
empty_01,empty,RX01,34.970126,1746,-53
empty_01,empty,RX01,34.989483,1747,-50
empty_01,empty,RX01,35.008866,1748,-49
empty_01,empty,RX01,35.024791,1749,-50
empty_01,empty,RX01,35.04762,1750,-49
empty_01,empty,RX01,35.073746,1751,-50
empty_01,empty,RX01,35.085734,1752,-49
empty_01,empty,RX01,35.105125,1753,-50
empty_01,empty,RX01,35.12446,1754,-49
empty_01,empty,RX01,35.147683,1755,-50
empty_01,empty,RX01,35.164801,1756,-50
empty_01,empty,RX01,35.184465,1757,-50
empty_01,empty,RX01,35.204974,1758,-50
empty_01,empty,RX01,35.224464,1759,-49
empty_01,empty,RX01,35.244995,1760,-49
empty_01,empty,RX01,35.266548,1761,-49
empty_01,empty,RX01,35.286059,1762,-50
empty_01,empty,RX01,35.305926,1763,-49
empty_01,empty,RX01,35.324477,1764,-49
empty_01,empty,RX01,35.347766,1765,-50
empty_01,empty,RX01,35.368975,1766,-50
empty_01,empty,RX01,35.389278,1767,-50
empty_01,empty,RX01,35.406082,1768,-50
empty_01,empty,RX01,35.424453,1769,-49
empty_01,empty,RX01,35.444701,1770,-50
empty_01,empty,RX01,35.464576,1771,-50
empty_01,empty,RX01,35.484436,1772,-49
empty_01,empty,RX01,35.505353,1773,-49
empty_01,empty,RX01,35.524443,1774,-50
empty_01,empty,RX01,35.547476,1775,-49
empty_01,empty,RX01,35.567942,1776,-50
empty_01,empty,RX01,35.584545,1777,-49
empty_01,empty,RX01,35.610826,1778,-49
empty_01,empty,RX01,35.625565,1779,-49
empty_01,empty,RX01,35.644481,1780,-49
empty_01,empty,RX01,35.668964,1781,-50
empty_01,empty,RX01,35.688168,1782,-50
empty_01,empty,RX01,35.704443,1783,-50
empty_01,empty,RX01,35.725653,1784,-50
empty_01,empty,RX01,35.745082,1785,-50
empty_01,empty,RX01,35.764451,1786,-50
empty_01,empty,RX01,35.788471,1787,-50
empty_01,empty,RX01,35.809167,1788,-50
empty_01,empty,RX01,35.829122,1789,-49
empty_01,empty,RX01,35.844438,1790,-50
empty_01,empty,RX01,35.864569,1791,-50
empty_01,empty,RX01,35.893505,1792,-50
empty_01,empty,RX01,35.905315,1793,-50
empty_01,empty,RX01,35.924446,1794,-50
empty_01,empty,RX01,35.94465,1795,-50
empty_01,empty,RX01,35.966858,1796,-50
empty_01,empty,RX01,35.98589,1797,-50
empty_01,empty,RX01,36.007414,1798,-50
empty_01,empty,RX01,36.024403,1799,-50
empty_01,empty,RX01,36.044446,1800,-50
empty_01,empty,RX01,36.069408,1801,-50
empty_01,empty,RX01,36.085781,1802,-49
empty_01,empty,RX01,36.105272,1803,-50
empty_01,empty,RX01,36.125396,1804,-50
empty_01,empty,RX01,36.144407,1805,-50
empty_01,empty,RX01,36.164412,1806,-50
empty_01,empty,RX01,36.188184,1807,-50
empty_01,empty,RX01,36.207678,1808,-50
empty_01,empty,RX01,36.225742,1809,-50
empty_01,empty,RX01,36.244431,1810,-50
empty_01,empty,RX01,36.264408,1811,-50
empty_01,empty,RX01,36.284426,1812,-50
empty_01,empty,RX01,36.304391,1813,-50
empty_01,empty,RX01,36.327658,1814,-50
empty_01,empty,RX01,36.344407,1815,-49
empty_01,empty,RX01,36.364428,1816,-49
empty_01,empty,RX01,36.384422,1817,-50
empty_01,empty,RX01,36.40499,1818,-50
empty_01,empty,RX01,36.430016,1819,-50
empty_01,empty,RX01,36.444407,1820,-50
empty_01,empty,RX01,36.464402,1821,-49
empty_01,empty,RX01,36.48441,1822,-50
empty_01,empty,RX01,36.507915,1823,-50
empty_01,empty,RX01,36.526053,1824,-50
empty_01,empty,RX01,36.544861,1825,-50
empty_01,empty,RX01,36.565843,1826,-49
empty_01,empty,RX01,36.58874,1827,-50
empty_01,empty,RX01,36.608908,1828,-50
empty_01,empty,RX01,36.626458,1829,-50
empty_01,empty,RX01,36.647277,1830,-50
empty_01,empty,RX01,36.66827,1831,-50
empty_01,empty,RX01,36.686631,1832,-50
empty_01,empty,RX01,36.710361,1833,-50
empty_01,empty,RX01,36.729566,1834,-50
empty_01,empty,RX01,36.745359,1835,-50
empty_01,empty,RX01,36.766322,1836,-50
empty_01,empty,RX01,36.786177,1837,-49
empty_01,empty,RX01,36.804668,1838,-50
empty_01,empty,RX01,36.824385,1839,-50
empty_01,empty,RX01,36.848781,1840,-49
empty_01,empty,RX01,36.864398,1841,-49
empty_01,empty,RX01,36.884428,1842,-50
empty_01,empty,RX01,36.904987,1843,-49
empty_01,empty,RX01,36.9246,1844,-50
empty_01,empty,RX01,36.96438,1846,-49
empty_01,empty,RX01,36.984491,1847,-50
empty_01,empty,RX01,37.007404,1848,-49
empty_01,empty,RX01,37.026998,1849,-50
empty_01,empty,RX01,37.044763,1850,-49
empty_01,empty,RX01,37.064373,1851,-49
empty_01,empty,RX01,37.084595,1852,-50
empty_01,empty,RX01,37.109799,1853,-49
empty_01,empty,RX01,37.124647,1854,-49
empty_01,empty,RX01,37.146822,1855,-49
empty_01,empty,RX01,37.164401,1856,-50
empty_01,empty,RX01,37.184702,1857,-50
empty_01,empty,RX01,37.205086,1858,-49
empty_01,empty,RX01,37.224381,1859,-49
empty_01,empty,RX01,37.249239,1860,-49
empty_01,empty,RX01,37.264392,1861,-49
empty_01,empty,RX01,37.284403,1862,-49
empty_01,empty,RX01,37.306274,1863,-49
empty_01,empty,RX01,37.326282,1864,-49
empty_01,empty,RX01,37.345147,1865,-49
empty_01,empty,RX01,37.366537,1866,-50
empty_01,empty,RX01,37.405314,1868,-50
empty_01,empty,RX01,37.427715,1869,-50
empty_01,empty,RX01,37.45404,1870,-49
empty_01,empty,RX01,37.466457,1871,-49
empty_01,empty,RX01,37.485132,1872,-50
empty_01,empty,RX01,37.506049,1873,-50
empty_01,empty,RX01,37.531238,1874,-49
empty_01,empty,RX01,37.544367,1875,-49
empty_01,empty,RX01,37.568871,1876,-50
empty_01,empty,RX01,37.584347,1877,-49
empty_01,empty,RX01,37.605274,1878,-49
empty_01,empty,RX01,37.626249,1879,-50
empty_01,empty,RX01,37.645127,1880,-49
empty_01,empty,RX01,37.665066,1881,-50
empty_01,empty,RX01,37.685448,1882,-50
empty_01,empty,RX01,37.707658,1883,-50
empty_01,empty,RX01,37.724474,1884,-50
empty_01,empty,RX01,37.746305,1885,-50
empty_01,empty,RX01,37.764365,1886,-50
empty_01,empty,RX01,37.784345,1887,-49
empty_01,empty,RX01,37.804698,1888,-49
empty_01,empty,RX01,37.825284,1889,-49
empty_01,empty,RX01,37.846139,1890,-49
empty_01,empty,RX01,37.866916,1891,-49
empty_01,empty,RX01,37.884366,1892,-49
empty_01,empty,RX01,37.908695,1893,-50
empty_01,empty,RX01,37.930335,1894,-49
empty_01,empty,RX01,37.946273,1895,-50
empty_01,empty,RX01,37.966023,1896,-50
empty_01,empty,RX01,37.984336,1897,-50
empty_01,empty,RX01,38.004347,1898,-50
empty_01,empty,RX01,38.024875,1899,-50
empty_01,empty,RX01,38.044372,1900,-49
empty_01,empty,RX01,38.06845,1901,-50
empty_01,empty,RX01,38.08441,1902,-50
empty_01,empty,RX01,38.104464,1903,-50
empty_01,empty,RX01,38.124502,1904,-49
empty_01,empty,RX01,38.146273,1905,-49
empty_01,empty,RX01,38.164396,1906,-50
empty_01,empty,RX01,38.184756,1907,-49
empty_01,empty,RX01,38.204344,1908,-49
empty_01,empty,RX01,38.224336,1909,-49
empty_01,empty,RX01,38.248357,1910,-49
empty_01,empty,RX01,38.26449,1911,-49
empty_01,empty,RX01,38.285694,1912,-50
empty_01,empty,RX01,38.304374,1913,-49
empty_01,empty,RX01,38.326527,1914,-49
empty_01,empty,RX01,38.351777,1915,-49
empty_01,empty,RX01,38.364366,1916,-49
empty_01,empty,RX01,38.384346,1917,-49
empty_01,empty,RX01,38.404711,1918,-49
empty_01,empty,RX01,38.424457,1919,-49
empty_01,empty,RX01,38.444358,1920,-49
empty_01,empty,RX01,38.464456,1921,-49
empty_01,empty,RX01,38.484339,1922,-49
empty_01,empty,RX01,38.504706,1923,-49
empty_01,empty,RX01,38.524349,1924,-49
empty_01,empty,RX01,38.565169,1926,-49
empty_01,empty,RX01,38.585117,1927,-49
empty_01,empty,RX01,38.604339,1928,-49
empty_01,empty,RX01,38.629331,1929,-49
empty_01,empty,RX01,38.645804,1930,-49
empty_01,empty,RX01,38.665457,1931,-49
empty_01,empty,RX01,38.685145,1932,-49
empty_01,empty,RX01,38.704314,1933,-49
empty_01,empty,RX01,38.731669,1934,-49
empty_01,empty,RX01,38.748221,1935,-49
empty_01,empty,RX01,38.764352,1936,-49
empty_01,empty,RX01,38.785244,1937,-49
empty_01,empty,RX01,38.804349,1938,-49
empty_01,empty,RX01,38.824462,1939,-49
empty_01,empty,RX01,38.844335,1940,-49
empty_01,empty,RX01,38.870084,1941,-49
empty_01,empty,RX01,38.887658,1942,-49
empty_01,empty,RX01,38.904303,1943,-49
empty_01,empty,RX01,38.926044,1944,-49
empty_01,empty,RX01,38.944555,1945,-49
empty_01,empty,RX01,38.96557,1946,-49
empty_01,empty,RX01,38.984306,1947,-49
empty_01,empty,RX01,39.006092,1948,-49
empty_01,empty,RX01,39.025881,1949,-49
empty_01,empty,RX01,39.049177,1950,-49
empty_01,empty,RX01,39.066401,1951,-49
empty_01,empty,RX01,39.08514,1952,-49
empty_01,empty,RX01,39.104888,1953,-49
empty_01,empty,RX01,39.125856,1954,-49
empty_01,empty,RX01,39.146276,1955,-49
empty_01,empty,RX01,39.168449,1956,-49
empty_01,empty,RX01,39.184324,1957,-49
empty_01,empty,RX01,39.204331,1958,-49
empty_01,empty,RX01,39.224826,1959,-49
empty_01,empty,RX01,39.244303,1960,-49
empty_01,empty,RX01,39.265118,1961,-49
empty_01,empty,RX01,39.284332,1962,-50
empty_01,empty,RX01,39.305147,1963,-50
empty_01,empty,RX01,39.324303,1964,-50
empty_01,empty,RX01,39.346273,1965,-50
empty_01,empty,RX01,39.372527,1966,-49
empty_01,empty,RX01,39.386427,1967,-50
empty_01,empty,RX01,39.405125,1968,-50
empty_01,empty,RX01,39.42431,1969,-49
empty_01,empty,RX01,39.444308,1970,-49
empty_01,empty,RX01,39.465095,1971,-50
empty_01,empty,RX01,39.484501,1972,-50
empty_01,empty,RX01,39.504307,1973,-50
empty_01,empty,RX01,39.524295,1974,-50
empty_01,empty,RX01,39.546259,1975,-50
empty_01,empty,RX01,39.56744,1976,-50
empty_01,empty,RX01,39.586886,1977,-50
empty_01,empty,RX01,39.604439,1978,-49
empty_01,empty,RX01,39.624306,1979,-49
empty_01,empty,RX01,39.645473,1980,-50
empty_01,empty,RX01,39.669846,1981,-50
empty_01,empty,RX01,39.684418,1982,-50
empty_01,empty,RX01,39.707175,1983,-50
empty_01,empty,RX01,39.724309,1984,-50
empty_01,empty,RX01,39.74429,1985,-50
empty_01,empty,RX01,39.765053,1986,-50
empty_01,empty,RX01,39.784288,1987,-50
empty_01,empty,RX01,39.80966,1988,-50
empty_01,empty,RX01,39.824283,1989,-50
empty_01,empty,RX01,39.844482,1990,-50
empty_01,empty,RX01,39.866914,1991,-50
empty_01,empty,RX01,39.884543,1992,-50
empty_01,empty,RX01,39.904403,1993,-50
empty_01,empty,RX01,39.924313,1994,-50
empty_01,empty,RX01,39.94543,1995,-50
empty_01,empty,RX01,39.964307,1996,-50
empty_01,empty,RX01,39.986913,1997,-50
empty_01,empty,RX01,40.004476,1998,-50
empty_01,empty,RX01,40.026483,1999,-50
empty_01,empty,RX01,40.044278,2000,-49
empty_01,empty,RX01,40.066644,2001,-50
empty_01,empty,RX01,40.089311,2002,-50
empty_01,empty,RX01,40.104286,2003,-49
empty_01,empty,RX01,40.124646,2004,-50
empty_01,empty,RX01,40.145981,2005,-50
empty_01,empty,RX01,40.165271,2006,-50
empty_01,empty,RX01,40.193947,2007,-50
empty_01,empty,RX01,40.2043,2008,-50
empty_01,empty,RX01,40.226037,2009,-50
empty_01,empty,RX01,40.245452,2010,-50
empty_01,empty,RX01,40.264277,2011,-49
empty_01,empty,RX01,40.284323,2012,-50
empty_01,empty,RX01,40.304274,2013,-50
empty_01,empty,RX01,40.324881,2014,-50
empty_01,empty,RX01,40.344275,2015,-50
empty_01,empty,RX01,40.364273,2016,-49
empty_01,empty,RX01,40.385292,2017,-50
empty_01,empty,RX01,40.406138,2018,-50
empty_01,empty,RX01,40.424339,2019,-50
empty_01,empty,RX01,40.444279,2020,-50
empty_01,empty,RX01,40.489045,2022,-50
empty_01,empty,RX01,40.504274,2023,-50
empty_01,empty,RX01,40.526022,2024,-50
empty_01,empty,RX01,40.544278,2025,-50
empty_01,empty,RX01,40.56429,2026,-50
empty_01,empty,RX01,40.584268,2027,-50
empty_01,empty,RX01,40.605065,2028,-50
empty_01,empty,RX01,40.626147,2029,-50
empty_01,empty,RX01,40.644282,2030,-50
empty_01,empty,RX01,40.668612,2031,-50
empty_01,empty,RX01,40.684299,2032,-50
empty_01,empty,RX01,40.709478,2033,-50
empty_01,empty,RX01,40.724283,2034,-50
empty_01,empty,RX01,40.749269,2035,-50
empty_01,empty,RX01,40.764617,2036,-50
empty_01,empty,RX01,40.788715,2037,-50
empty_01,empty,RX01,40.806122,2038,-49
empty_01,empty,RX01,40.82427,2039,-50
empty_01,empty,RX01,40.845688,2040,-50
empty_01,empty,RX01,40.866616,2041,-50
empty_01,empty,RX01,40.884291,2042,-50
empty_01,empty,RX01,40.908534,2043,-49
empty_01,empty,RX01,40.926001,2044,-50
empty_01,empty,RX01,40.944272,2045,-50
empty_01,empty,RX01,40.984455,2047,-50
empty_01,empty,RX01,41.010937,2048,-50
empty_01,empty,RX01,41.024253,2049,-50
empty_01,empty,RX01,41.044269,2050,-50
empty_01,empty,RX01,41.065779,2051,-50
empty_01,empty,RX01,41.086935,2052,-50
empty_01,empty,RX01,41.10692,2053,-50
empty_01,empty,RX01,41.124252,2054,-50
empty_01,empty,RX01,41.14438,2055,-50
empty_01,empty,RX01,41.164269,2056,-50
empty_01,empty,RX01,41.184232,2057,-50
empty_01,empty,RX01,41.205877,2058,-50
empty_01,empty,RX01,41.225067,2059,-50
empty_01,empty,RX01,41.244245,2060,-50
empty_01,empty,RX01,41.264227,2061,-50
empty_01,empty,RX01,41.285125,2062,-50
empty_01,empty,RX01,41.308282,2063,-50
empty_01,empty,RX01,41.32427,2064,-50
empty_01,empty,RX01,41.345559,2065,-50
empty_01,empty,RX01,41.364259,2066,-50
empty_01,empty,RX01,41.38436,2067,-50
empty_01,empty,RX01,41.404239,2068,-50
empty_01,empty,RX01,41.424347,2069,-50
empty_01,empty,RX01,41.447959,2070,-50
empty_01,empty,RX01,41.464223,2071,-50
empty_01,empty,RX01,41.484255,2072,-50
empty_01,empty,RX01,41.504377,2073,-50
empty_01,empty,RX01,41.52435,2074,-50
empty_01,empty,RX01,41.550031,2075,-50
empty_01,empty,RX01,41.56423,2076,-50
empty_01,empty,RX01,41.584235,2077,-50
empty_01,empty,RX01,41.608929,2078,-50
empty_01,empty,RX01,41.627765,2079,-50
empty_01,empty,RX01,41.644461,2080,-50
empty_01,empty,RX01,41.665248,2081,-50
empty_01,empty,RX01,41.68424,2082,-50
empty_01,empty,RX01,41.705004,2083,-50
empty_01,empty,RX01,41.727898,2084,-50
empty_01,empty,RX01,41.744247,2085,-50
empty_01,empty,RX01,41.764242,2086,-50
empty_01,empty,RX01,41.784235,2087,-50
empty_01,empty,RX01,41.806023,2088,-50
empty_01,empty,RX01,41.830163,2089,-50
empty_01,empty,RX01,41.844239,2090,-50
empty_01,empty,RX01,41.864216,2091,-50
empty_01,empty,RX01,41.884226,2092,-49
empty_01,empty,RX01,41.906052,2093,-50
empty_01,empty,RX01,41.929512,2094,-50
empty_01,empty,RX01,41.946388,2095,-50
empty_01,empty,RX01,41.964394,2096,-50
empty_01,empty,RX01,41.98627,2097,-50
empty_01,empty,RX01,42.008474,2098,-50
empty_01,empty,RX01,42.025083,2099,-50
empty_01,empty,RX01,42.047126,2100,-50
empty_01,empty,RX01,42.064804,2101,-50
empty_01,empty,RX01,42.084306,2102,-50
empty_01,empty,RX01,42.104217,2103,-50
empty_01,empty,RX01,42.126092,2104,-50
empty_01,empty,RX01,42.145532,2105,-50
empty_01,empty,RX01,42.164467,2106,-48
empty_01,empty,RX01,42.184208,2107,-50
empty_01,empty,RX01,42.206889,2108,-50
empty_01,empty,RX01,42.244652,2110,-50
empty_01,empty,RX01,42.266855,2111,-50
empty_01,empty,RX01,42.2842,2112,-50
empty_01,empty,RX01,42.304706,2113,-50
empty_01,empty,RX01,42.324213,2114,-50
empty_01,empty,RX01,42.345149,2115,-50
empty_01,empty,RX01,42.369243,2116,-50
empty_01,empty,RX01,42.388009,2117,-50
empty_01,empty,RX01,42.406463,2118,-50
empty_01,empty,RX01,42.428038,2119,-50
empty_01,empty,RX01,42.446396,2120,-50
empty_01,empty,RX01,42.4642,2121,-50
empty_01,empty,RX01,42.484231,2122,-50
empty_01,empty,RX01,42.505094,2123,-50
empty_01,empty,RX01,42.525696,2124,-50
empty_01,empty,RX01,42.548778,2125,-50
empty_01,empty,RX01,42.564187,2126,-50
empty_01,empty,RX01,42.586506,2127,-50
empty_01,empty,RX01,42.604208,2128,-49
empty_01,empty,RX01,42.627315,2129,-50
empty_01,empty,RX01,42.651187,2130,-50
empty_01,empty,RX01,42.666301,2131,-50
empty_01,empty,RX01,42.688893,2132,-50
empty_01,empty,RX01,42.704719,2133,-50
empty_01,empty,RX01,42.725272,2134,-50
empty_01,empty,RX01,42.74436,2135,-50
empty_01,empty,RX01,42.764197,2136,-50
empty_01,empty,RX01,42.784194,2137,-50
empty_01,empty,RX01,42.805485,2138,-50
empty_01,empty,RX01,42.827695,2139,-50
empty_01,empty,RX01,42.844643,2140,-50
empty_01,empty,RX01,42.864178,2141,-50
empty_01,empty,RX01,42.884936,2142,-50
empty_01,empty,RX01,42.904178,2143,-50
empty_01,empty,RX01,42.924186,2144,-50
empty_01,empty,RX01,42.946714,2145,-50
empty_01,empty,RX01,42.966115,2146,-50
empty_01,empty,RX01,42.98446,2147,-50
empty_01,empty,RX01,43.005628,2148,-50
empty_01,empty,RX01,43.025014,2149,-50
empty_01,empty,RX01,43.047709,2150,-49
empty_01,empty,RX01,43.065472,2151,-50
empty_01,empty,RX01,43.084476,2152,-49
empty_01,empty,RX01,43.104178,2153,-50
empty_01,empty,RX01,43.126075,2154,-50
empty_01,empty,RX01,43.144162,2155,-50
empty_01,empty,RX01,43.166917,2156,-50
empty_01,empty,RX01,43.188446,2157,-50
empty_01,empty,RX01,43.204169,2158,-50
empty_01,empty,RX01,43.224345,2159,-50
empty_01,empty,RX01,43.244715,2160,-50
empty_01,empty,RX01,43.266276,2161,-50
empty_01,empty,RX01,43.28418,2162,-50
empty_01,empty,RX01,43.304164,2163,-50
empty_01,empty,RX01,43.324284,2164,-50
empty_01,empty,RX01,43.345196,2165,-50
empty_01,empty,RX01,43.369275,2166,-50
empty_01,empty,RX01,43.393249,2167,-50
empty_01,empty,RX01,43.404183,2168,-50
empty_01,empty,RX01,43.424168,2169,-50
empty_01,empty,RX01,43.44444,2170,-50
empty_01,empty,RX01,43.469084,2171,-50
empty_01,empty,RX01,43.485937,2172,-50
empty_01,empty,RX01,43.504182,2173,-50
empty_01,empty,RX01,43.524183,2174,-50
empty_01,empty,RX01,43.544467,2175,-50
empty_01,empty,RX01,43.564694,2176,-50
empty_01,empty,RX01,43.585679,2177,-50
empty_01,empty,RX01,43.606014,2178,-50
empty_01,empty,RX01,43.624727,2179,-49
empty_01,empty,RX01,43.646872,2180,-50
empty_01,empty,RX01,43.664261,2181,-50
empty_01,empty,RX01,43.684176,2182,-50
empty_01,empty,RX01,43.704766,2183,-50
empty_01,empty,RX01,43.724152,2184,-50
empty_01,empty,RX01,43.745887,2185,-50
empty_01,empty,RX01,43.765932,2186,-50
empty_01,empty,RX01,43.785334,2187,-50
empty_01,empty,RX01,43.806508,2188,-50
empty_01,empty,RX01,43.824148,2189,-50
empty_01,empty,RX01,43.844162,2190,-50
empty_01,empty,RX01,43.868346,2191,-50
empty_01,empty,RX01,43.887715,2192,-50
empty_01,empty,RX01,43.90416,2193,-50
empty_01,empty,RX01,43.924167,2194,-50
empty_01,empty,RX01,43.945092,2195,-50
empty_01,empty,RX01,43.964253,2196,-50
empty_01,empty,RX01,43.986491,2197,-50
empty_01,empty,RX01,44.007664,2198,-50
empty_01,empty,RX01,44.024123,2199,-50
empty_01,empty,RX01,44.046901,2200,-50
empty_01,empty,RX01,44.064134,2201,-50
empty_01,empty,RX01,44.085762,2202,-50
empty_01,empty,RX01,44.104307,2203,-50
empty_01,empty,RX01,44.124131,2204,-50
empty_01,empty,RX01,44.144274,2205,-50
empty_01,empty,RX01,44.164131,2206,-50
empty_01,empty,RX01,44.185347,2207,-50
empty_01,empty,RX01,44.205084,2208,-50
empty_01,empty,RX01,44.224905,2209,-50
empty_01,empty,RX01,44.244138,2210,-50
empty_01,empty,RX01,44.267033,2211,-50
empty_01,empty,RX01,44.287754,2212,-50
empty_01,empty,RX01,44.304123,2213,-50
empty_01,empty,RX01,44.327283,2214,-50
empty_01,empty,RX01,44.34454,2215,-50
empty_01,empty,RX01,44.366404,2216,-50
empty_01,empty,RX01,44.390182,2217,-50
empty_01,empty,RX01,44.406066,2218,-50
empty_01,empty,RX01,44.425952,2219,-50
empty_01,empty,RX01,44.446457,2220,-50
empty_01,empty,RX01,44.466062,2221,-50
empty_01,empty,RX01,44.485175,2222,-50
empty_01,empty,RX01,44.504202,2223,-50
empty_01,empty,RX01,44.524116,2224,-50
empty_01,empty,RX01,44.544115,2225,-50
empty_01,empty,RX01,44.564131,2226,-50
empty_01,empty,RX01,44.585144,2227,-50
empty_01,empty,RX01,44.604517,2228,-50
empty_01,empty,RX01,44.624127,2229,-50
empty_01,empty,RX01,44.644118,2230,-50
empty_01,empty,RX01,44.664121,2231,-50
empty_01,empty,RX01,44.686127,2232,-50
empty_01,empty,RX01,44.704123,2233,-50
empty_01,empty,RX01,44.724423,2234,-50
empty_01,empty,RX01,44.74644,2235,-49
empty_01,empty,RX01,44.764112,2236,-50
empty_01,empty,RX01,44.78411,2237,-50
empty_01,empty,RX01,44.804127,2238,-50
empty_01,empty,RX01,44.827669,2239,-50
empty_01,empty,RX01,44.844108,2240,-50
empty_01,empty,RX01,44.866135,2241,-50
empty_01,empty,RX01,44.884131,2242,-50
empty_01,empty,RX01,44.904367,2243,-50
empty_01,empty,RX01,44.924121,2244,-50
empty_01,empty,RX01,44.944093,2245,-50
empty_01,empty,RX01,44.964681,2246,-50
empty_01,empty,RX01,44.986727,2247,-50
empty_01,empty,RX01,45.005961,2248,-50
empty_01,empty,RX01,45.024564,2249,-50
empty_01,empty,RX01,45.044145,2250,-50
empty_01,empty,RX01,45.065099,2251,-50
empty_01,empty,RX01,45.086132,2252,-50
empty_01,empty,RX01,45.106985,2253,-50
empty_01,empty,RX01,45.127171,2254,-50
empty_01,empty,RX01,45.1465,2255,-50
empty_01,empty,RX01,45.164135,2256,-50
empty_01,empty,RX01,45.184899,2257,-50
empty_01,empty,RX01,45.209404,2258,-50
empty_01,empty,RX01,45.226715,2259,-50
empty_01,empty,RX01,45.245114,2260,-50
empty_01,empty,RX01,45.264084,2261,-50
empty_01,empty,RX01,45.285282,2262,-50
empty_01,empty,RX01,45.328704,2264,-50
empty_01,empty,RX01,45.351288,2265,-50
empty_01,empty,RX01,45.365556,2266,-49
empty_01,empty,RX01,45.384082,2267,-50
empty_01,empty,RX01,45.404342,2268,-50
empty_01,empty,RX01,45.424073,2269,-50
empty_01,empty,RX01,45.453709,2270,-50
empty_01,empty,RX01,45.464075,2271,-50
empty_01,empty,RX01,45.486914,2272,-50
empty_01,empty,RX01,45.506937,2273,-50
empty_01,empty,RX01,45.527031,2274,-50
empty_01,empty,RX01,45.546774,2275,-50
empty_01,empty,RX01,45.564114,2276,-50
empty_01,empty,RX01,45.584074,2277,-50
empty_01,empty,RX01,45.609149,2278,-50
empty_01,empty,RX01,45.624088,2279,-50
empty_01,empty,RX01,45.646029,2280,-50
empty_01,empty,RX01,45.664082,2281,-50
empty_01,empty,RX01,45.6841,2282,-50
empty_01,empty,RX01,45.704094,2283,-50
empty_01,empty,RX01,45.724796,2284,-50
empty_01,empty,RX01,45.748442,2285,-50
empty_01,empty,RX01,45.765167,2286,-50
empty_01,empty,RX01,45.784086,2287,-50
empty_01,empty,RX01,45.80671,2288,-50
empty_01,empty,RX01,45.844092,2290,-50
empty_01,empty,RX01,45.864893,2291,-50
empty_01,empty,RX01,45.884659,2292,-50
empty_01,empty,RX01,45.904088,2293,-50
empty_01,empty,RX01,45.924089,2294,-50
empty_01,empty,RX01,45.945561,2295,-50
empty_01,empty,RX01,45.965701,2296,-50
empty_01,empty,RX01,45.984077,2297,-50
empty_01,empty,RX01,46.004454,2298,-50
empty_01,empty,RX01,46.030714,2299,-49
empty_01,empty,RX01,46.044089,2300,-50
empty_01,empty,RX01,46.064065,2301,-50
empty_01,empty,RX01,46.08416,2302,-50
empty_01,empty,RX01,46.106858,2303,-50
empty_01,empty,RX01,46.124074,2304,-50
empty_01,empty,RX01,46.144077,2305,-50
empty_01,empty,RX01,46.164696,2306,-50
empty_01,empty,RX01,46.184768,2307,-49
empty_01,empty,RX01,46.209245,2308,-50
empty_01,empty,RX01,46.224065,2309,-50
empty_01,empty,RX01,46.245587,2310,-50
empty_01,empty,RX01,46.268,2311,-50
empty_01,empty,RX01,46.284059,2312,-50
empty_01,empty,RX01,46.311659,2313,-50
empty_01,empty,RX01,46.32451,2314,-50
empty_01,empty,RX01,46.345342,2315,-50
empty_01,empty,RX01,46.364069,2316,-50
empty_01,empty,RX01,46.384055,2317,-50
empty_01,empty,RX01,46.404071,2318,-50
empty_01,empty,RX01,46.428356,2319,-50
empty_01,empty,RX01,46.444049,2320,-50
empty_01,empty,RX01,46.465244,2321,-50
empty_01,empty,RX01,46.484061,2322,-50
empty_01,empty,RX01,46.504061,2323,-50
empty_01,empty,RX01,46.524084,2324,-50
empty_01,empty,RX01,46.546446,2325,-50
empty_01,empty,RX01,46.567665,2326,-50
empty_01,empty,RX01,46.584049,2327,-50
empty_01,empty,RX01,46.60418,2328,-50
empty_01,empty,RX01,46.62553,2329,-50
empty_01,empty,RX01,46.646939,2330,-50
empty_01,empty,RX01,46.664064,2331,-50
empty_01,empty,RX01,46.684048,2332,-50
empty_01,empty,RX01,46.70405,2333,-50
empty_01,empty,RX01,46.724065,2334,-50
empty_01,empty,RX01,46.745397,2335,-50
empty_01,empty,RX01,46.764403,2336,-50
empty_01,empty,RX01,46.784917,2337,-50
empty_01,empty,RX01,46.805907,2338,-50
empty_01,empty,RX01,46.824974,2339,-50
empty_01,empty,RX01,46.84629,2340,-50
empty_01,empty,RX01,46.866597,2341,-50
empty_01,empty,RX01,46.884048,2342,-50
empty_01,empty,RX01,46.904034,2343,-50
empty_01,empty,RX01,46.925756,2344,-50
empty_01,empty,RX01,46.965704,2346,-50
empty_01,empty,RX01,46.989704,2347,-49
empty_01,empty,RX01,47.004039,2348,-50
empty_01,empty,RX01,47.026058,2349,-50
empty_01,empty,RX01,47.044037,2350,-50
empty_01,empty,RX01,47.066379,2351,-50
empty_01,empty,RX01,47.084154,2352,-50
empty_01,empty,RX01,47.104035,2353,-49
empty_01,empty,RX01,47.128461,2354,-50
empty_01,empty,RX01,47.144822,2355,-50
empty_01,empty,RX01,47.164538,2356,-50
empty_01,empty,RX01,47.186697,2357,-50
empty_01,empty,RX01,47.204047,2358,-50
empty_01,empty,RX01,47.225785,2359,-50
empty_01,empty,RX01,47.247157,2360,-50
empty_01,empty,RX01,47.264091,2361,-50
empty_01,empty,RX01,47.284433,2362,-50
empty_01,empty,RX01,47.30403,2363,-50
empty_01,empty,RX01,47.324927,2364,-50
empty_01,empty,RX01,47.344021,2365,-50
empty_01,empty,RX01,47.365363,2366,-50
empty_01,empty,RX01,47.386838,2367,-50
empty_01,empty,RX01,47.404039,2368,-50
empty_01,empty,RX01,47.42401,2369,-50
empty_01,empty,RX01,47.445848,2370,-50
empty_01,empty,RX01,47.465754,2371,-50
empty_01,empty,RX01,47.489236,2372,-49
empty_01,empty,RX01,47.504007,2373,-49
empty_01,empty,RX01,47.527928,2374,-50
empty_01,empty,RX01,47.548902,2375,-50
empty_01,empty,RX01,47.566433,2376,-50
empty_01,empty,RX01,47.584142,2377,-50
empty_01,empty,RX01,47.604161,2378,-50
empty_01,empty,RX01,47.625113,2379,-50
empty_01,empty,RX01,47.644024,2380,-50
empty_01,empty,RX01,47.668836,2381,-50
empty_01,empty,RX01,47.694033,2382,-50
empty_01,empty,RX01,47.706509,2383,-49
empty_01,empty,RX01,47.724418,2384,-50
empty_01,empty,RX01,47.74525,2385,-50
empty_01,empty,RX01,47.767903,2386,-50
empty_01,empty,RX01,47.783998,2387,-50
empty_01,empty,RX01,47.804143,2388,-50
empty_01,empty,RX01,47.824017,2389,-50
empty_01,empty,RX01,47.847652,2390,-50
empty_01,empty,RX01,47.870289,2391,-50
empty_01,empty,RX01,47.884025,2392,-50
empty_01,empty,RX01,47.906404,2393,-50
empty_01,empty,RX01,47.925589,2394,-50
empty_01,empty,RX01,47.950039,2395,-50
empty_01,empty,RX01,47.964011,2396,-49
empty_01,empty,RX01,47.983988,2397,-50
empty_01,empty,RX01,48.007085,2398,-50
empty_01,empty,RX01,48.023982,2399,-50
empty_01,empty,RX01,48.052453,2400,-50
empty_01,empty,RX01,48.065318,2401,-49
empty_01,empty,RX01,48.086162,2402,-50
empty_01,empty,RX01,48.10398,2403,-50
empty_01,empty,RX01,48.124007,2404,-50
empty_01,empty,RX01,48.147198,2405,-50
empty_01,empty,RX01,48.16775,2406,-50
empty_01,empty,RX01,48.184009,2407,-50
empty_01,empty,RX01,48.206051,2408,-50
empty_01,empty,RX01,48.223982,2409,-50
empty_01,empty,RX01,48.243998,2410,-50
empty_01,empty,RX01,48.266312,2411,-50
empty_01,empty,RX01,48.287907,2412,-50
empty_01,empty,RX01,48.308446,2413,-50
empty_01,empty,RX01,48.323994,2414,-50
empty_01,empty,RX01,48.343966,2415,-50
empty_01,empty,RX01,48.366342,2416,-50
empty_01,empty,RX01,48.384128,2417,-50
empty_01,empty,RX01,48.40401,2418,-50
empty_01,empty,RX01,48.425472,2419,-50
empty_01,empty,RX01,48.443981,2420,-50
empty_01,empty,RX01,48.463992,2421,-50
empty_01,empty,RX01,48.486583,2422,-50
empty_01,empty,RX01,48.503975,2423,-50
empty_01,empty,RX01,48.525736,2424,-50
empty_01,empty,RX01,48.543988,2425,-50
empty_01,empty,RX01,48.56444,2426,-50
empty_01,empty,RX01,48.590748,2427,-50
empty_01,empty,RX01,48.604221,2428,-50
empty_01,empty,RX01,48.624895,2429,-49
empty_01,empty,RX01,48.643974,2430,-50
empty_01,empty,RX01,48.66685,2431,-50
empty_01,empty,RX01,48.693826,2432,-50
empty_01,empty,RX01,48.707033,2433,-50
empty_01,empty,RX01,48.723974,2434,-50
empty_01,empty,RX01,48.743963,2435,-50
empty_01,empty,RX01,48.769255,2436,-50
empty_01,empty,RX01,48.784497,2437,-50
empty_01,empty,RX01,48.806235,2438,-50
empty_01,empty,RX01,48.826595,2439,-50
empty_01,empty,RX01,48.843998,2440,-50
empty_01,empty,RX01,48.863977,2441,-50
empty_01,empty,RX01,48.884553,2442,-50
empty_01,empty,RX01,48.905345,2443,-50
empty_01,empty,RX01,48.923978,2444,-50
empty_01,empty,RX01,48.943979,2445,-50
empty_01,empty,RX01,48.963994,2446,-50
empty_01,empty,RX01,48.986923,2447,-50
empty_01,empty,RX01,49.003984,2448,-50
empty_01,empty,RX01,49.02527,2449,-50
empty_01,empty,RX01,49.043968,2450,-50
empty_01,empty,RX01,49.064586,2451,-50
empty_01,empty,RX01,49.084203,2452,-50
empty_01,empty,RX01,49.110147,2453,-49
empty_01,empty,RX01,49.127673,2454,-50
empty_01,empty,RX01,49.143951,2455,-50
empty_01,empty,RX01,49.163988,2456,-50
empty_01,empty,RX01,49.18397,2457,-50
empty_01,empty,RX01,49.205367,2458,-50
empty_01,empty,RX01,49.230049,2459,-50
empty_01,empty,RX01,49.244116,2460,-50
empty_01,empty,RX01,49.263948,2461,-50
empty_01,empty,RX01,49.283968,2462,-50
empty_01,empty,RX01,49.305621,2463,-50
empty_01,empty,RX01,49.325174,2464,-50
empty_01,empty,RX01,49.344918,2465,-50
empty_01,empty,RX01,49.365945,2466,-50
empty_01,empty,RX01,49.385328,2467,-50
empty_01,empty,RX01,49.407829,2468,-50
empty_01,empty,RX01,49.42624,2469,-50
empty_01,empty,RX01,49.443957,2470,-50
empty_01,empty,RX01,49.468352,2471,-50
empty_01,empty,RX01,49.486045,2472,-50
empty_01,empty,RX01,49.510208,2473,-50
empty_01,empty,RX01,49.526119,2474,-50
empty_01,empty,RX01,49.546153,2475,-49
empty_01,empty,RX01,49.564747,2476,-50
empty_01,empty,RX01,49.588458,2477,-50
empty_01,empty,RX01,49.612622,2478,-50
empty_01,empty,RX01,49.623935,2479,-50
empty_01,empty,RX01,49.647034,2480,-50
empty_01,empty,RX01,49.663953,2481,-50
empty_01,empty,RX01,49.684203,2482,-50
empty_01,empty,RX01,49.703933,2483,-50
empty_01,empty,RX01,49.724574,2484,-50
empty_01,empty,RX01,49.745625,2485,-50
empty_01,empty,RX01,49.76394,2486,-50
empty_01,empty,RX01,49.785797,2487,-50
empty_01,empty,RX01,49.806158,2488,-49
empty_01,empty,RX01,49.824046,2489,-50
empty_01,empty,RX01,49.844462,2490,-50
empty_01,empty,RX01,49.863914,2491,-50
empty_01,empty,RX01,49.884173,2492,-50
empty_01,empty,RX01,49.905316,2493,-50
empty_01,empty,RX01,49.923935,2494,-50
empty_01,empty,RX01,49.94685,2495,-50
empty_01,empty,RX01,49.963946,2496,-50
empty_01,empty,RX01,49.983975,2497,-50
empty_01,empty,RX02,10.000064,500,-54
empty_01,empty,RX02,10.020083,501,-53
empty_01,empty,RX02,10.042205,502,-54
empty_01,empty,RX02,10.061683,503,-53
empty_01,empty,RX02,10.088071,504,-54
empty_01,empty,RX02,10.100241,505,-53
empty_01,empty,RX02,10.121918,506,-53
empty_01,empty,RX02,10.140227,507,-54
empty_01,empty,RX02,10.162179,508,-54
empty_01,empty,RX02,10.188581,509,-54
empty_01,empty,RX02,10.204428,510,-54
empty_01,empty,RX02,10.228207,511,-54
empty_01,empty,RX02,10.260815,513,-54
empty_01,empty,RX02,10.28364,514,-54
empty_01,empty,RX02,10.302177,515,-54
empty_01,empty,RX02,10.329842,516,-54
empty_01,empty,RX02,10.340064,517,-54
empty_01,empty,RX02,10.362309,518,-54
empty_01,empty,RX02,10.384393,519,-54
empty_01,empty,RX02,10.40017,520,-53
empty_01,empty,RX02,10.431704,521,-53
empty_01,empty,RX02,10.440068,522,-54
empty_01,empty,RX02,10.460078,523,-53
empty_01,empty,RX02,10.481066,524,-53
empty_01,empty,RX02,10.501615,525,-54
empty_01,empty,RX02,10.521445,526,-54
empty_01,empty,RX02,10.540073,527,-54
empty_01,empty,RX02,10.562943,528,-53
empty_01,empty,RX02,10.581295,529,-54
empty_01,empty,RX02,10.60007,530,-53
empty_01,empty,RX02,10.625376,531,-54
empty_01,empty,RX02,10.640073,532,-54
empty_01,empty,RX02,10.662737,533,-54
empty_01,empty,RX02,10.680615,534,-53
empty_01,empty,RX02,10.701973,535,-54
empty_01,empty,RX02,10.721105,536,-54
empty_01,empty,RX02,10.740063,537,-54
empty_01,empty,RX02,10.761039,538,-54
empty_01,empty,RX02,10.780748,539,-53
empty_01,empty,RX02,10.804357,540,-54
empty_01,empty,RX02,10.840803,541,-53
empty_01,empty,RX02,10.841491,542,-54
empty_01,empty,RX02,10.862369,543,-54
empty_01,empty,RX02,10.885158,544,-53
empty_01,empty,RX02,10.904083,545,-54
empty_01,empty,RX02,10.924653,546,-53
empty_01,empty,RX02,10.948129,547,-54
empty_01,empty,RX02,10.96609,548,-53
empty_01,empty,RX02,10.990465,549,-53
empty_01,empty,RX02,11.012951,550,-54
empty_01,empty,RX02,11.042818,552,-54
empty_01,empty,RX02,11.061544,553,-54
empty_01,empty,RX02,11.104025,554,-54
empty_01,empty,RX02,11.10889,555,-52
empty_01,empty,RX02,11.124782,556,-53
empty_01,empty,RX02,11.156445,557,-55
empty_01,empty,RX02,11.174612,558,-54
empty_01,empty,RX02,11.198431,559,-54
empty_01,empty,RX02,11.205086,560,-53
empty_01,empty,RX02,11.227788,561,-54
empty_01,empty,RX02,11.246757,562,-53
empty_01,empty,RX02,11.266068,563,-54
empty_01,empty,RX02,11.289511,564,-53
empty_01,empty,RX02,11.304782,565,-53
empty_01,empty,RX02,11.330802,566,-54
empty_01,empty,RX02,11.346121,567,-54
empty_01,empty,RX02,11.364756,568,-53
empty_01,empty,RX02,11.384765,569,-53
empty_01,empty,RX02,11.404752,570,-53
empty_01,empty,RX02,11.428338,571,-53
empty_01,empty,RX02,11.44476,572,-54
empty_01,empty,RX02,11.464779,573,-54
empty_01,empty,RX02,11.486198,574,-54
empty_01,empty,RX02,11.506392,575,-53
empty_01,empty,RX02,11.52477,576,-53
empty_01,empty,RX02,11.546968,577,-54
empty_01,empty,RX02,11.564764,578,-54
empty_01,empty,RX02,11.587773,579,-54
empty_01,empty,RX02,11.604743,580,-54
empty_01,empty,RX02,11.626911,581,-54
empty_01,empty,RX02,11.649392,582,-54
empty_01,empty,RX02,11.664754,583,-54
empty_01,empty,RX02,11.684859,584,-54
empty_01,empty,RX02,11.704896,585,-54
empty_01,empty,RX02,11.726949,586,-54
empty_01,empty,RX02,11.751789,587,-54
empty_01,empty,RX02,11.769438,588,-54
empty_01,empty,RX02,11.785086,589,-54
empty_01,empty,RX02,11.809244,590,-54
empty_01,empty,RX02,11.826924,591,-54
empty_01,empty,RX02,11.844761,592,-54
empty_01,empty,RX02,11.864851,593,-54
empty_01,empty,RX02,11.884747,594,-54
empty_01,empty,RX02,11.905381,595,-54
empty_01,empty,RX02,11.929417,596,-54
empty_01,empty,RX02,11.945713,597,-54
empty_01,empty,RX02,11.964725,598,-54
empty_01,empty,RX02,11.985859,599,-54
empty_01,empty,RX02,12.007795,600,-53
empty_01,empty,RX02,12.024767,601,-54
empty_01,empty,RX02,12.045071,602,-54
empty_01,empty,RX02,12.064764,603,-53
empty_01,empty,RX02,12.085264,604,-54
empty_01,empty,RX02,12.110201,605,-54
empty_01,empty,RX02,12.12476,606,-54
empty_01,empty,RX02,12.144763,607,-54
empty_01,empty,RX02,12.168358,608,-54
empty_01,empty,RX02,12.184772,609,-54
empty_01,empty,RX02,12.205164,610,-54
empty_01,empty,RX02,12.227519,611,-53
empty_01,empty,RX02,12.24609,612,-54
empty_01,empty,RX02,12.26943,613,-54
empty_01,empty,RX02,12.285849,614,-54
empty_01,empty,RX02,12.305347,615,-54
empty_01,empty,RX02,12.325643,616,-53
empty_01,empty,RX02,12.348495,617,-54
empty_01,empty,RX02,12.364722,618,-54
empty_01,empty,RX02,12.384745,619,-54
empty_01,empty,RX02,12.409643,620,-53
empty_01,empty,RX02,12.424743,621,-53
empty_01,empty,RX02,12.446898,622,-54
empty_01,empty,RX02,12.468602,623,-54
empty_01,empty,RX02,12.484743,624,-54
empty_01,empty,RX02,12.504743,625,-54
empty_01,empty,RX02,12.530479,626,-53
empty_01,empty,RX02,12.547415,627,-54
empty_01,empty,RX02,12.57099,628,-53
empty_01,empty,RX02,12.584735,629,-54
empty_01,empty,RX02,12.604714,630,-54
empty_01,empty,RX02,12.626281,631,-54
empty_01,empty,RX02,12.647698,632,-54
empty_01,empty,RX02,12.667016,633,-54
empty_01,empty,RX02,12.684712,634,-54
empty_01,empty,RX02,12.704751,635,-53
empty_01,empty,RX02,12.727657,636,-54
empty_01,empty,RX02,12.748449,637,-54
empty_01,empty,RX02,12.765324,638,-54
empty_01,empty,RX02,12.784754,639,-54
empty_01,empty,RX02,12.804733,640,-54
empty_01,empty,RX02,12.824753,641,-54
empty_01,empty,RX02,12.851973,642,-54
empty_01,empty,RX02,12.86494,643,-54
empty_01,empty,RX02,12.888428,644,-53
empty_01,empty,RX02,12.905486,645,-54
empty_01,empty,RX02,12.946679,647,-54
empty_01,empty,RX02,12.964736,648,-54
empty_01,empty,RX02,12.986984,649,-53
empty_01,empty,RX02,13.006916,650,-54
empty_01,empty,RX02,13.029437,651,-54
empty_01,empty,RX02,13.044739,652,-54
empty_01,empty,RX02,13.065299,653,-54
empty_01,empty,RX02,13.085624,654,-54
empty_01,empty,RX02,13.104729,655,-54
empty_01,empty,RX02,13.124739,656,-54
empty_01,empty,RX02,13.144861,657,-54
empty_01,empty,RX02,13.167957,658,-54
empty_01,empty,RX02,13.184727,659,-54
empty_01,empty,RX02,13.204734,660,-54
empty_01,empty,RX02,13.227497,661,-54
empty_01,empty,RX02,13.249398,662,-54
empty_01,empty,RX02,13.266274,663,-54
empty_01,empty,RX02,13.287824,664,-53
empty_01,empty,RX02,13.304734,665,-54
empty_01,empty,RX02,13.32838,666,-54
empty_01,empty,RX02,13.344714,667,-54
empty_01,empty,RX02,13.366032,668,-54
empty_01,empty,RX02,13.390204,669,-54
empty_01,empty,RX02,13.404708,670,-54
empty_01,empty,RX02,13.42925,671,-53
empty_01,empty,RX02,13.44472,672,-53
empty_01,empty,RX02,13.465256,673,-54
empty_01,empty,RX02,13.486889,674,-54
empty_01,empty,RX02,13.504737,675,-54
empty_01,empty,RX02,13.524719,676,-54
empty_01,empty,RX02,13.546785,677,-53
empty_01,empty,RX02,13.567664,678,-54
empty_01,empty,RX02,13.58472,679,-54
empty_01,empty,RX02,13.607404,680,-54
empty_01,empty,RX02,13.628304,681,-54
empty_01,empty,RX02,13.645152,682,-54
empty_01,empty,RX02,13.670052,683,-54
empty_01,empty,RX02,13.684736,684,-53
empty_01,empty,RX02,13.706544,685,-54
empty_01,empty,RX02,13.724732,686,-54
empty_01,empty,RX02,13.74623,687,-53
empty_01,empty,RX02,13.765732,688,-54
empty_01,empty,RX02,13.784713,689,-54
empty_01,empty,RX02,13.804702,690,-53
empty_01,empty,RX02,13.826123,691,-54
empty_01,empty,RX02,13.848636,692,-53
empty_01,empty,RX02,13.866333,693,-54
empty_01,empty,RX02,13.884719,694,-54
empty_01,empty,RX02,13.906976,695,-54
empty_01,empty,RX02,13.924722,696,-54
empty_01,empty,RX02,13.946917,697,-54
empty_01,empty,RX02,13.966236,698,-54
empty_01,empty,RX02,13.986928,699,-54
empty_01,empty,RX02,14.004825,700,-53
empty_01,empty,RX02,14.024707,701,-54
empty_01,empty,RX02,14.046889,702,-54
empty_01,empty,RX02,14.066508,703,-54
empty_01,empty,RX02,14.084797,704,-54
empty_01,empty,RX02,14.107869,705,-53
empty_01,empty,RX02,14.12471,706,-54
empty_01,empty,RX02,14.144815,707,-54
empty_01,empty,RX02,14.164685,708,-54
empty_01,empty,RX02,14.186232,709,-54
empty_01,empty,RX02,14.209442,710,-54
empty_01,empty,RX02,14.2247,711,-54
empty_01,empty,RX02,14.244703,712,-54
empty_01,empty,RX02,14.27129,713,-54
empty_01,empty,RX02,14.289627,714,-53
empty_01,empty,RX02,14.306163,715,-54
empty_01,empty,RX02,14.324703,716,-54
empty_01,empty,RX02,14.345129,717,-54
empty_01,empty,RX02,14.369165,718,-54
empty_01,empty,RX02,14.38778,719,-53
empty_01,empty,RX02,14.404922,720,-53
empty_01,empty,RX02,14.424721,721,-54
empty_01,empty,RX02,14.447527,722,-54
empty_01,empty,RX02,14.46667,723,-53
empty_01,empty,RX02,14.489278,724,-54
empty_01,empty,RX02,14.508218,725,-53
empty_01,empty,RX02,14.524877,726,-54
empty_01,empty,RX02,14.544707,727,-54
empty_01,empty,RX02,14.565485,728,-54
empty_01,empty,RX02,14.591669,729,-54
empty_01,empty,RX02,14.606872,730,-53
empty_01,empty,RX02,14.629531,731,-54
empty_01,empty,RX02,14.645909,732,-54
empty_01,empty,RX02,14.667872,733,-54
empty_01,empty,RX02,14.687044,734,-54
empty_01,empty,RX02,14.707942,735,-54
empty_01,empty,RX02,14.724686,736,-54
empty_01,empty,RX02,14.744689,737,-54
empty_01,empty,RX02,14.764678,738,-54
empty_01,empty,RX02,14.784688,739,-53
empty_01,empty,RX02,14.806169,740,-54
empty_01,empty,RX02,14.828376,741,-54
empty_01,empty,RX02,14.844686,742,-54
empty_01,empty,RX02,14.864703,743,-54
empty_01,empty,RX02,14.884673,744,-54
empty_01,empty,RX02,14.905005,745,-54
empty_01,empty,RX02,14.926255,746,-54
empty_01,empty,RX02,14.944685,747,-54
empty_01,empty,RX02,14.964682,748,-53
empty_01,empty,RX02,14.98499,749,-53
empty_01,empty,RX02,15.007449,750,-53
empty_01,empty,RX02,15.028631,751,-54
empty_01,empty,RX02,15.044701,752,-54
empty_01,empty,RX02,15.067554,753,-54
empty_01,empty,RX02,15.085449,754,-54
empty_01,empty,RX02,15.105805,755,-54
empty_01,empty,RX02,15.131031,756,-54
empty_01,empty,RX02,15.146935,757,-54
empty_01,empty,RX02,15.166635,758,-53
empty_01,empty,RX02,15.184674,759,-54
empty_01,empty,RX02,15.208201,760,-54
empty_01,empty,RX02,15.233461,761,-54
empty_01,empty,RX02,15.249696,762,-53
empty_01,empty,RX02,15.267029,763,-54
empty_01,empty,RX02,15.286455,764,-54
empty_01,empty,RX02,15.31123,765,-54
empty_01,empty,RX02,15.324667,766,-54
empty_01,empty,RX02,15.344691,767,-54
empty_01,empty,RX02,15.36661,768,-54
empty_01,empty,RX02,15.384797,769,-53
empty_01,empty,RX02,15.410901,770,-54
empty_01,empty,RX02,15.42708,771,-54
empty_01,empty,RX02,15.444692,772,-54
empty_01,empty,RX02,15.465264,773,-54
empty_01,empty,RX02,15.487073,774,-54
empty_01,empty,RX02,15.50474,775,-53
empty_01,empty,RX02,15.526668,776,-54
empty_01,empty,RX02,15.545208,777,-54
empty_01,empty,RX02,15.566994,778,-54
empty_01,empty,RX02,15.589486,779,-53
empty_01,empty,RX02,15.604685,780,-54
empty_01,empty,RX02,15.625383,781,-54
empty_01,empty,RX02,15.644684,782,-54
empty_01,empty,RX02,15.664689,783,-54
empty_01,empty,RX02,15.684661,784,-53
empty_01,empty,RX02,15.704672,785,-54
empty_01,empty,RX02,15.724698,786,-54
empty_01,empty,RX02,15.745962,787,-53
empty_01,empty,RX02,15.764689,788,-54
empty_01,empty,RX02,15.785063,789,-54
empty_01,empty,RX02,15.809047,790,-54
empty_01,empty,RX02,15.847851,792,-54
empty_01,empty,RX02,15.864683,793,-54
empty_01,empty,RX02,15.884704,794,-53
empty_01,empty,RX02,15.906817,795,-54
empty_01,empty,RX02,15.92467,796,-54
empty_01,empty,RX02,15.944685,797,-54
empty_01,empty,RX02,15.964644,798,-54
empty_01,empty,RX02,15.984953,799,-54
empty_01,empty,RX02,16.004656,800,-53
empty_01,empty,RX02,16.027512,801,-53
empty_01,empty,RX02,16.046494,802,-54
empty_01,empty,RX02,16.066038,803,-54
empty_01,empty,RX02,16.085977,804,-54
empty_01,empty,RX02,16.104682,805,-53
empty_01,empty,RX02,16.129416,806,-54
empty_01,empty,RX02,16.145559,807,-54
empty_01,empty,RX02,16.164658,808,-54
empty_01,empty,RX02,16.188356,809,-54
empty_01,empty,RX02,16.205107,810,-54
empty_01,empty,RX02,16.224675,811,-54
empty_01,empty,RX02,16.246385,812,-54
empty_01,empty,RX02,16.264791,813,-54
empty_01,empty,RX02,16.28465,814,-54
empty_01,empty,RX02,16.306303,815,-53
empty_01,empty,RX02,16.324807,816,-54
empty_01,empty,RX02,16.346317,817,-54
empty_01,empty,RX02,16.366222,818,-54
empty_01,empty,RX02,16.386223,819,-54
empty_01,empty,RX02,16.404662,820,-54
empty_01,empty,RX02,16.427883,821,-53
empty_01,empty,RX02,16.444655,822,-54
empty_01,empty,RX02,16.466834,823,-54
empty_01,empty,RX02,16.484654,824,-54
empty_01,empty,RX02,16.505011,825,-54
empty_01,empty,RX02,16.526361,826,-54
empty_01,empty,RX02,16.547126,827,-54
empty_01,empty,RX02,16.564755,828,-53
empty_01,empty,RX02,16.584659,829,-54
empty_01,empty,RX02,16.607731,830,-54
empty_01,empty,RX02,16.626572,831,-54
empty_01,empty,RX02,16.649388,832,-53
empty_01,empty,RX02,16.667067,833,-53
empty_01,empty,RX02,16.684658,834,-54
empty_01,empty,RX02,16.704661,835,-54
empty_01,empty,RX02,16.727767,836,-53
empty_01,empty,RX02,16.747377,837,-54
empty_01,empty,RX02,16.769469,838,-54
empty_01,empty,RX02,16.784664,839,-54
empty_01,empty,RX02,16.805219,840,-54
empty_01,empty,RX02,16.824714,841,-53
empty_01,empty,RX02,16.844643,842,-54
empty_01,empty,RX02,16.871874,843,-54
empty_01,empty,RX02,16.885558,844,-54
empty_01,empty,RX02,16.905199,845,-54
empty_01,empty,RX02,16.924666,846,-54
empty_01,empty,RX02,16.945787,847,-54
empty_01,empty,RX02,16.966917,848,-54
empty_01,empty,RX02,16.984652,849,-54
empty_01,empty,RX02,17.004783,850,-54
empty_01,empty,RX02,17.026359,851,-54
empty_01,empty,RX02,17.048312,852,-53
empty_01,empty,RX02,17.066404,853,-54
empty_01,empty,RX02,17.089031,854,-54
empty_01,empty,RX02,17.104648,855,-54
empty_01,empty,RX02,17.127872,856,-53
empty_01,empty,RX02,17.144662,857,-54
empty_01,empty,RX02,17.164627,858,-54
empty_01,empty,RX02,17.188261,859,-54
empty_01,empty,RX02,17.205481,860,-54
empty_01,empty,RX02,17.230288,861,-53
empty_01,empty,RX02,17.244644,862,-53
empty_01,empty,RX02,17.26526,863,-54
empty_01,empty,RX02,17.288745,864,-54
empty_01,empty,RX02,17.304643,865,-54
empty_01,empty,RX02,17.324689,866,-54
empty_01,empty,RX02,17.34764,867,-54
empty_01,empty,RX02,17.366222,868,-54
empty_01,empty,RX02,17.386732,869,-53
empty_01,empty,RX02,17.404654,870,-54
empty_01,empty,RX02,17.426326,871,-54
empty_01,empty,RX02,17.445813,872,-54
empty_01,empty,RX02,17.464634,873,-54
empty_01,empty,RX02,17.486278,874,-53
empty_01,empty,RX02,17.504661,875,-54
empty_01,empty,RX02,17.524632,876,-54
empty_01,empty,RX02,17.548217,877,-53
empty_01,empty,RX02,17.56476,878,-54
empty_01,empty,RX02,17.588696,879,-53
empty_01,empty,RX02,17.604635,880,-54
empty_01,empty,RX02,17.625458,881,-53
empty_01,empty,RX02,17.645266,882,-54
empty_01,empty,RX02,17.665089,883,-53
empty_01,empty,RX02,17.684644,884,-53
empty_01,empty,RX02,17.704629,885,-54
empty_01,empty,RX02,17.724886,886,-54
empty_01,empty,RX02,17.744652,887,-54
empty_01,empty,RX02,17.767889,888,-53
empty_01,empty,RX02,17.787712,889,-54
empty_01,empty,RX02,17.804763,890,-53
empty_01,empty,RX02,17.82464,891,-54
empty_01,empty,RX02,17.846607,892,-53
empty_01,empty,RX02,17.871155,893,-53
empty_01,empty,RX02,17.885599,894,-54
empty_01,empty,RX02,17.904656,895,-54
empty_01,empty,RX02,17.924614,896,-54
empty_01,empty,RX02,17.944704,897,-54
empty_01,empty,RX02,17.973121,898,-54
empty_01,empty,RX02,17.986549,899,-54
empty_01,empty,RX02,18.004607,900,-53
empty_01,empty,RX02,18.025861,901,-54
empty_01,empty,RX02,18.04711,902,-53
empty_01,empty,RX02,18.065312,903,-54
empty_01,empty,RX02,18.086153,904,-54
empty_01,empty,RX02,18.106738,905,-54
empty_01,empty,RX02,18.124628,906,-54
empty_01,empty,RX02,18.144632,907,-53
empty_01,empty,RX02,18.165723,908,-53
empty_01,empty,RX02,18.185445,909,-53
empty_01,empty,RX02,18.206819,910,-54
empty_01,empty,RX02,18.224636,911,-54
empty_01,empty,RX02,18.244624,912,-54
empty_01,empty,RX02,18.268135,913,-54
empty_01,empty,RX02,18.285224,914,-53
empty_01,empty,RX02,18.311262,915,-53
empty_01,empty,RX02,18.324636,916,-54
empty_01,empty,RX02,18.344642,917,-54
empty_01,empty,RX02,18.364614,918,-54
empty_01,empty,RX02,18.390349,919,-54
empty_01,empty,RX02,18.407906,920,-54
empty_01,empty,RX02,18.424614,921,-54
empty_01,empty,RX02,18.444595,922,-54
empty_01,empty,RX02,18.464625,923,-53
empty_01,empty,RX02,18.485393,924,-54
empty_01,empty,RX02,18.50505,925,-54
empty_01,empty,RX02,18.524628,926,-53
empty_01,empty,RX02,18.545459,927,-53
empty_01,empty,RX02,18.56499,928,-54
empty_01,empty,RX02,18.585627,929,-53
empty_01,empty,RX02,18.612691,930,-54
empty_01,empty,RX02,18.626539,931,-54
empty_01,empty,RX02,18.646028,932,-54
empty_01,empty,RX02,18.664638,933,-54
empty_01,empty,RX02,18.692103,934,-54
empty_01,empty,RX02,18.704626,935,-54
empty_01,empty,RX02,18.724592,936,-54
empty_01,empty,RX02,18.745216,937,-54
empty_01,empty,RX02,18.769576,938,-54
empty_01,empty,RX02,18.800274,939,-53
empty_01,empty,RX02,18.805329,940,-53
empty_01,empty,RX02,18.826799,941,-54
empty_01,empty,RX02,18.846972,942,-53
empty_01,empty,RX02,18.866319,943,-54
empty_01,empty,RX02,18.892596,944,-54
empty_01,empty,RX02,18.904611,945,-53
empty_01,empty,RX02,18.927815,946,-54
empty_01,empty,RX02,18.94461,947,-54
empty_01,empty,RX02,18.964616,948,-54
empty_01,empty,RX02,18.984623,949,-53
empty_01,empty,RX02,19.004712,950,-54
empty_01,empty,RX02,19.027904,951,-54
empty_01,empty,RX02,19.04459,952,-54
empty_01,empty,RX02,19.066205,953,-54
empty_01,empty,RX02,19.085215,954,-54
empty_01,empty,RX02,19.128078,955,-54
empty_01,empty,RX02,19.132201,956,-53
empty_01,empty,RX02,19.148836,957,-54
empty_01,empty,RX02,19.169158,958,-53
empty_01,empty,RX02,19.192303,959,-53
empty_01,empty,RX02,19.235083,960,-54
empty_01,empty,RX02,19.235759,961,-54
empty_01,empty,RX02,19.283983,962,-53
empty_01,empty,RX02,19.287224,963,-53
empty_01,empty,RX02,19.305067,964,-54
empty_01,empty,RX02,19.329512,965,-54
empty_01,empty,RX02,19.344743,966,-53
empty_01,empty,RX02,19.378346,967,-53
empty_01,empty,RX02,19.386959,968,-53
empty_01,empty,RX02,19.407699,969,-53
empty_01,empty,RX02,19.433124,970,-54
empty_01,empty,RX02,19.444737,971,-54
empty_01,empty,RX02,19.46473,972,-54
empty_01,empty,RX02,19.484714,973,-53
empty_01,empty,RX02,19.507012,974,-53
empty_01,empty,RX02,19.52471,975,-53
empty_01,empty,RX02,19.544715,976,-53
empty_01,empty,RX02,19.564709,977,-54
empty_01,empty,RX02,19.584719,978,-54
empty_01,empty,RX02,19.611982,979,-53
empty_01,empty,RX02,19.625698,980,-54
empty_01,empty,RX02,19.649629,981,-54
empty_01,empty,RX02,19.664734,982,-54
empty_01,empty,RX02,19.685551,983,-53
empty_01,empty,RX02,19.713927,984,-54
empty_01,empty,RX02,19.72559,985,-54
empty_01,empty,RX02,19.74474,986,-53
empty_01,empty,RX02,19.765505,987,-53
empty_01,empty,RX02,19.784836,988,-54
empty_01,empty,RX02,19.804703,989,-53
empty_01,empty,RX02,19.827412,990,-54
empty_01,empty,RX02,19.844822,991,-54
empty_01,empty,RX02,19.864713,992,-54
empty_01,empty,RX02,19.884721,993,-54
empty_01,empty,RX02,19.906778,994,-54
empty_01,empty,RX02,19.926289,995,-54
empty_01,empty,RX02,19.947849,996,-54
empty_01,empty,RX02,19.965968,997,-54
empty_01,empty,RX02,19.984735,998,-54
empty_01,empty,RX02,20.005875,999,-54
empty_01,empty,RX02,20.024728,1000,-54
empty_01,empty,RX02,20.046337,1001,-53
empty_01,empty,RX02,20.064698,1002,-54
empty_01,empty,RX02,20.087974,1003,-54
empty_01,empty,RX02,20.108304,1004,-54
empty_01,empty,RX02,20.131087,1005,-54
empty_01,empty,RX02,20.148726,1006,-53
empty_01,empty,RX02,20.164719,1007,-54
empty_01,empty,RX02,20.185398,1008,-54
empty_01,empty,RX02,20.204718,1009,-54
empty_01,empty,RX02,20.22594,1010,-54
empty_01,empty,RX02,20.244721,1011,-54
empty_01,empty,RX02,20.264856,1012,-54
empty_01,empty,RX02,20.284699,1013,-54
empty_01,empty,RX02,20.306954,1014,-54
empty_01,empty,RX02,20.33644,1015,-54
empty_01,empty,RX02,20.344705,1016,-54
empty_01,empty,RX02,20.364828,1017,-54
empty_01,empty,RX02,20.38688,1018,-53
empty_01,empty,RX02,20.405564,1019,-53
empty_01,empty,RX02,20.428624,1020,-54
empty_01,empty,RX02,20.445075,1021,-54
empty_01,empty,RX02,20.469479,1022,-54
empty_01,empty,RX02,20.489261,1023,-53
empty_01,empty,RX02,20.504894,1024,-54
empty_01,empty,RX02,20.532763,1025,-54
empty_01,empty,RX02,20.546822,1026,-54
empty_01,empty,RX02,20.564708,1027,-54
empty_01,empty,RX02,20.585802,1028,-53
empty_01,empty,RX02,20.607158,1029,-54
empty_01,empty,RX02,20.624808,1030,-54
empty_01,empty,RX02,20.644709,1031,-54
empty_01,empty,RX02,20.672304,1032,-54
empty_01,empty,RX02,20.684704,1033,-54
empty_01,empty,RX02,20.705019,1034,-54
empty_01,empty,RX02,20.745661,1035,-54
empty_01,empty,RX02,20.746469,1036,-54
empty_01,empty,RX02,20.766932,1037,-53
empty_01,empty,RX02,20.786401,1038,-54
empty_01,empty,RX02,20.807081,1039,-54
empty_01,empty,RX02,20.826377,1040,-54
empty_01,empty,RX02,20.849501,1041,-53
empty_01,empty,RX02,20.867211,1042,-53
empty_01,empty,RX02,20.886432,1043,-53
empty_01,empty,RX02,20.9064,1044,-54
empty_01,empty,RX02,20.926836,1045,-54
empty_01,empty,RX02,20.946391,1046,-54
empty_01,empty,RX02,20.967926,1047,-54
empty_01,empty,RX02,20.986401,1048,-54
empty_01,empty,RX02,21.008573,1049,-54
empty_01,empty,RX02,21.027832,1050,-53
empty_01,empty,RX02,21.046416,1051,-54
empty_01,empty,RX02,21.070323,1052,-54
empty_01,empty,RX02,21.086455,1053,-54
empty_01,empty,RX02,21.106395,1054,-54
empty_01,empty,RX02,21.126644,1055,-53
empty_01,empty,RX02,21.147146,1056,-54
empty_01,empty,RX02,21.166521,1057,-53
empty_01,empty,RX02,21.186396,1058,-53
empty_01,empty,RX02,21.207298,1059,-53
empty_01,empty,RX02,21.227568,1060,-54
empty_01,empty,RX02,21.249955,1061,-53
empty_01,empty,RX02,21.287445,1062,-54
empty_01,empty,RX02,21.288091,1063,-54
empty_01,empty,RX02,21.308521,1064,-54
empty_01,empty,RX02,21.328167,1065,-54
empty_01,empty,RX02,21.351989,1066,-53
empty_01,empty,RX02,21.369319,1067,-54
empty_01,empty,RX02,21.388152,1068,-53
empty_01,empty,RX02,21.408142,1069,-54
empty_01,empty,RX02,21.430156,1070,-53
empty_01,empty,RX02,21.454397,1071,-53
empty_01,empty,RX02,21.468456,1072,-53
empty_01,empty,RX02,21.489223,1073,-54
empty_01,empty,RX02,21.508162,1074,-54
empty_01,empty,RX02,21.528781,1075,-54
empty_01,empty,RX02,21.548401,1076,-54
empty_01,empty,RX02,21.571621,1077,-53
empty_01,empty,RX02,21.588145,1078,-54
empty_01,empty,RX02,21.609563,1079,-54
empty_01,empty,RX02,21.632608,1080,-54
empty_01,empty,RX02,21.648164,1081,-54
empty_01,empty,RX02,21.670651,1082,-54
empty_01,empty,RX02,21.690351,1083,-54
empty_01,empty,RX02,21.708154,1084,-54
empty_01,empty,RX02,21.752841,1085,-53
empty_01,empty,RX02,21.754411,1086,-53
empty_01,empty,RX02,21.774121,1087,-53
empty_01,empty,RX02,21.802853,1088,-54
empty_01,empty,RX02,21.815347,1089,-54
empty_01,empty,RX02,21.835982,1090,-54
empty_01,empty,RX02,21.854042,1091,-54
empty_01,empty,RX02,21.873634,1092,-54
empty_01,empty,RX02,21.8946,1093,-53
empty_01,empty,RX02,21.913561,1094,-54
empty_01,empty,RX02,21.938383,1095,-54
empty_01,empty,RX02,21.954991,1096,-54
empty_01,empty,RX02,21.974327,1097,-54
empty_01,empty,RX02,21.994752,1098,-54
empty_01,empty,RX02,22.013585,1099,-54
empty_01,empty,RX02,22.034005,1100,-54
empty_01,empty,RX02,22.053962,1101,-54
empty_01,empty,RX02,22.074435,1102,-54
empty_01,empty,RX02,22.09969,1103,-54
empty_01,empty,RX02,22.113576,1104,-53
empty_01,empty,RX02,22.157167,1105,-54
empty_01,empty,RX02,22.168244,1106,-53
empty_01,empty,RX02,22.179131,1107,-53
empty_01,empty,RX02,22.197899,1108,-54
empty_01,empty,RX02,22.217903,1109,-54
empty_01,empty,RX02,22.237913,1110,-53
empty_01,empty,RX02,22.262483,1111,-54
empty_01,empty,RX02,22.277901,1112,-54
empty_01,empty,RX02,22.299174,1113,-54
empty_01,empty,RX02,22.317902,1114,-54
empty_01,empty,RX02,22.342747,1115,-53
empty_01,empty,RX02,22.357883,1116,-54
empty_01,empty,RX02,22.377883,1117,-53
empty_01,empty,RX02,22.401563,1118,-53
empty_01,empty,RX02,22.417895,1119,-54
empty_01,empty,RX02,22.439512,1120,-53
empty_01,empty,RX02,22.461237,1121,-53
empty_01,empty,RX02,22.480759,1122,-54
empty_01,empty,RX02,22.509038,1123,-54
empty_01,empty,RX02,22.519844,1124,-53
empty_01,empty,RX02,22.542559,1125,-54
empty_01,empty,RX02,22.561717,1126,-54
empty_01,empty,RX02,22.580279,1127,-54
empty_01,empty,RX02,22.597892,1128,-54
empty_01,empty,RX02,22.619097,1129,-54
empty_01,empty,RX02,22.639713,1130,-54
empty_01,empty,RX02,22.658092,1131,-54
empty_01,empty,RX02,22.683304,1132,-54
empty_01,empty,RX02,22.697884,1133,-54
empty_01,empty,RX02,22.717898,1134,-54
empty_01,empty,RX02,22.737877,1135,-54
empty_01,empty,RX02,22.760673,1136,-54
empty_01,empty,RX02,22.784203,1137,-54
empty_01,empty,RX02,22.800701,1138,-54
empty_01,empty,RX02,22.820275,1139,-54
empty_01,empty,RX02,22.842359,1140,-54
empty_01,empty,RX02,22.859995,1141,-54
empty_01,empty,RX02,22.878628,1142,-54
empty_01,empty,RX02,22.898016,1143,-54
empty_01,empty,RX02,22.91789,1144,-54
empty_01,empty,RX02,22.94001,1145,-54
empty_01,empty,RX02,22.957891,1146,-54
empty_01,empty,RX02,22.979743,1147,-54
empty_01,empty,RX02,23.023942,1148,-54
empty_01,empty,RX02,23.026374,1149,-54
empty_01,empty,RX02,23.052719,1150,-53
empty_01,empty,RX02,23.069332,1151,-53
empty_01,empty,RX02,23.091089,1152,-54
empty_01,empty,RX02,23.105219,1153,-54
empty_01,empty,RX02,23.127414,1154,-54
empty_01,empty,RX02,23.145161,1155,-54
empty_01,empty,RX02,23.167196,1156,-54
empty_01,empty,RX02,23.184861,1157,-54
empty_01,empty,RX02,23.20546,1158,-53
empty_01,empty,RX02,23.225719,1159,-53
empty_01,empty,RX02,23.24471,1160,-54
empty_01,empty,RX02,23.264865,1161,-54
empty_01,empty,RX02,23.287072,1162,-54
empty_01,empty,RX02,23.30553,1163,-53
empty_01,empty,RX02,23.324875,1164,-54
empty_01,empty,RX02,23.34475,1165,-54
empty_01,empty,RX02,23.366249,1166,-54
empty_01,empty,RX02,23.388302,1167,-54
empty_01,empty,RX02,23.40546,1168,-54
empty_01,empty,RX02,23.425342,1169,-53
empty_01,empty,RX02,23.444706,1170,-54
empty_01,empty,RX02,23.464733,1171,-54
empty_01,empty,RX02,23.484715,1172,-53
empty_01,empty,RX02,23.504723,1173,-53
empty_01,empty,RX02,23.524937,1174,-54
empty_01,empty,RX02,23.544713,1175,-54
empty_01,empty,RX02,23.564707,1176,-54
empty_01,empty,RX02,23.584708,1177,-54
empty_01,empty,RX02,23.605077,1178,-53
empty_01,empty,RX02,23.624817,1179,-54
empty_01,empty,RX02,23.644704,1180,-54
empty_01,empty,RX02,23.666788,1181,-54
empty_01,empty,RX02,23.686815,1182,-53
empty_01,empty,RX02,23.705525,1183,-53
empty_01,empty,RX02,23.725787,1184,-54
empty_01,empty,RX02,23.745174,1185,-54
empty_01,empty,RX02,23.766138,1186,-54
empty_01,empty,RX02,23.784706,1187,-54
empty_01,empty,RX02,23.80794,1188,-53
empty_01,empty,RX02,23.827239,1189,-54
empty_01,empty,RX02,23.847573,1190,-54
empty_01,empty,RX02,23.864716,1191,-54
empty_01,empty,RX02,23.884811,1192,-53
empty_01,empty,RX02,23.911198,1193,-54
empty_01,empty,RX02,23.924871,1194,-54
empty_01,empty,RX02,23.949969,1195,-54
empty_01,empty,RX02,23.966579,1196,-53
empty_01,empty,RX02,23.986414,1197,-53
empty_01,empty,RX02,24.004698,1198,-54
empty_01,empty,RX02,24.029574,1199,-54
empty_01,empty,RX02,24.045898,1200,-54
empty_01,empty,RX02,24.066409,1201,-53
empty_01,empty,RX02,24.084757,1202,-53
empty_01,empty,RX02,24.106473,1203,-54
empty_01,empty,RX02,24.124831,1204,-54
empty_01,empty,RX02,24.14941,1205,-54
empty_01,empty,RX02,24.164712,1206,-54
empty_01,empty,RX02,24.187035,1207,-54
empty_01,empty,RX02,24.207525,1208,-54
empty_01,empty,RX02,24.224695,1209,-53
empty_01,empty,RX02,24.244819,1210,-53
empty_01,empty,RX02,24.264714,1211,-53
empty_01,empty,RX02,24.284762,1212,-54
empty_01,empty,RX02,24.30993,1213,-54
empty_01,empty,RX02,24.326952,1214,-54
empty_01,empty,RX02,24.347191,1215,-54
empty_01,empty,RX02,24.364712,1216,-54
empty_01,empty,RX02,24.385173,1217,-54
empty_01,empty,RX02,24.406375,1218,-54
empty_01,empty,RX02,24.425197,1219,-53
empty_01,empty,RX02,24.449589,1220,-53
empty_01,empty,RX02,24.464715,1221,-54
empty_01,empty,RX02,24.485733,1222,-54
empty_01,empty,RX02,24.506785,1223,-53
empty_01,empty,RX02,24.526469,1224,-53
empty_01,empty,RX02,24.544707,1225,-54
empty_01,empty,RX02,24.566639,1226,-53
empty_01,empty,RX02,24.585342,1227,-54
empty_01,empty,RX02,24.607235,1228,-53
empty_01,empty,RX02,24.629353,1229,-54
empty_01,empty,RX02,24.644982,1230,-54
empty_01,empty,RX02,24.666784,1231,-53
empty_01,empty,RX02,24.685095,1232,-54
empty_01,empty,RX02,24.707964,1233,-53
empty_01,empty,RX02,24.729651,1234,-54
empty_01,empty,RX02,24.74501,1235,-53
empty_01,empty,RX02,24.764692,1236,-54
empty_01,empty,RX02,24.785676,1237,-54
empty_01,empty,RX02,24.805694,1238,-54
empty_01,empty,RX02,24.834913,1239,-54
empty_01,empty,RX02,24.844674,1240,-54
empty_01,empty,RX02,24.866763,1241,-54
empty_01,empty,RX02,24.8847,1242,-54
empty_01,empty,RX02,24.904693,1243,-54
empty_01,empty,RX02,24.92585,1244,-52
empty_01,empty,RX02,24.947249,1245,-53
empty_01,empty,RX02,24.964689,1246,-53
empty_01,empty,RX02,24.984681,1247,-54
empty_01,empty,RX02,25.007173,1248,-53
empty_01,empty,RX02,25.025359,1249,-54
empty_01,empty,RX02,25.046377,1250,-54
empty_01,empty,RX02,25.064679,1251,-53
empty_01,empty,RX02,25.084757,1252,-54
empty_01,empty,RX02,25.105874,1253,-54
empty_01,empty,RX02,25.129177,1254,-54
empty_01,empty,RX02,25.144793,1255,-53
empty_01,empty,RX02,25.166523,1256,-53
empty_01,empty,RX02,25.184698,1257,-54
empty_01,empty,RX02,25.204972,1258,-54
empty_01,empty,RX02,25.230389,1259,-54
empty_01,empty,RX02,25.245447,1260,-54
empty_01,empty,RX02,25.268819,1261,-54
empty_01,empty,RX02,25.284695,1262,-54
empty_01,empty,RX02,25.30505,1263,-54
empty_01,empty,RX02,25.325832,1264,-53
empty_01,empty,RX02,25.344676,1265,-54
empty_01,empty,RX02,25.36814,1266,-53
empty_01,empty,RX02,25.384673,1267,-54
empty_01,empty,RX02,25.404783,1268,-54
empty_01,empty,RX02,25.427242,1269,-53
empty_01,empty,RX02,25.445115,1270,-53
empty_01,empty,RX02,25.467292,1271,-53
empty_01,empty,RX02,25.486002,1272,-53
empty_01,empty,RX02,25.504672,1273,-54
empty_01,empty,RX02,25.524683,1274,-54
empty_01,empty,RX02,25.550979,1275,-54
empty_01,empty,RX02,25.564685,1276,-53
empty_01,empty,RX02,25.584686,1277,-54
empty_01,empty,RX02,25.604684,1278,-54
empty_01,empty,RX02,25.627223,1279,-54
empty_01,empty,RX02,25.644673,1280,-54
empty_01,empty,RX02,25.665035,1281,-54
empty_01,empty,RX02,25.684679,1282,-54
empty_01,empty,RX02,25.704681,1283,-54
empty_01,empty,RX02,25.725775,1284,-54
empty_01,empty,RX02,25.764459,1285,-54
empty_01,empty,RX02,25.765115,1286,-54
empty_01,empty,RX02,25.787842,1287,-54
empty_01,empty,RX02,25.807003,1288,-54
empty_01,empty,RX02,25.825173,1289,-53
empty_01,empty,RX02,25.845981,1290,-54
empty_01,empty,RX02,25.865583,1291,-54
empty_01,empty,RX02,25.88862,1292,-54
empty_01,empty,RX02,25.905158,1293,-53
empty_01,empty,RX02,25.925212,1294,-54
empty_01,empty,RX02,25.947213,1295,-54
empty_01,empty,RX02,25.96799,1296,-53
empty_01,empty,RX02,25.985628,1297,-54
empty_01,empty,RX02,26.005199,1298,-54
empty_01,empty,RX02,26.027275,1299,-54
empty_01,empty,RX02,26.045197,1300,-54
empty_01,empty,RX02,26.065153,1301,-54
empty_01,empty,RX02,26.08804,1302,-54
empty_01,empty,RX02,26.105275,1303,-53
empty_01,empty,RX02,26.125189,1304,-54
empty_01,empty,RX02,26.145159,1305,-54
empty_01,empty,RX02,26.16629,1306,-54
empty_01,empty,RX02,26.190436,1307,-54
empty_01,empty,RX02,26.205174,1308,-53
empty_01,empty,RX02,26.225169,1309,-54
empty_01,empty,RX02,26.245182,1310,-54
empty_01,empty,RX02,26.265327,1311,-54
empty_01,empty,RX02,26.285183,1312,-53
empty_01,empty,RX02,26.305318,1313,-53
empty_01,empty,RX02,26.32618,1314,-54
empty_01,empty,RX02,26.347584,1315,-53
empty_01,empty,RX02,26.371445,1316,-54
empty_01,empty,RX02,26.385306,1317,-54
empty_01,empty,RX02,26.40762,1318,-54
empty_01,empty,RX02,26.42517,1319,-54
empty_01,empty,RX02,26.44517,1320,-54
empty_01,empty,RX02,26.4721,1321,-54
empty_01,empty,RX02,26.485193,1322,-54
empty_01,empty,RX02,26.505189,1323,-54
empty_01,empty,RX02,26.525182,1324,-54
empty_01,empty,RX02,26.54648,1325,-54
empty_01,empty,RX02,26.565181,1326,-54
empty_01,empty,RX02,26.585157,1327,-54
empty_01,empty,RX02,26.605159,1328,-54
empty_01,empty,RX02,26.625173,1329,-54
empty_01,empty,RX02,26.645186,1330,-54
empty_01,empty,RX02,26.665216,1331,-54
empty_01,empty,RX02,26.685191,1332,-54
empty_01,empty,RX02,26.707227,1333,-54
empty_01,empty,RX02,26.725184,1334,-54
empty_01,empty,RX02,26.748121,1335,-54
empty_01,empty,RX02,26.767613,1336,-54
empty_01,empty,RX02,26.787539,1337,-54
empty_01,empty,RX02,26.806098,1338,-54
empty_01,empty,RX02,26.825166,1339,-54
empty_01,empty,RX02,26.845161,1340,-54
empty_01,empty,RX02,26.865139,1341,-53
empty_01,empty,RX02,26.885169,1342,-53
empty_01,empty,RX02,26.907247,1343,-54
empty_01,empty,RX02,26.92577,1344,-54
empty_01,empty,RX02,26.94553,1345,-54
empty_01,empty,RX02,26.972445,1346,-54
empty_01,empty,RX02,26.985826,1347,-54
empty_01,empty,RX02,27.009639,1348,-54
empty_01,empty,RX02,27.025173,1349,-54
empty_01,empty,RX02,27.045152,1350,-54
empty_01,empty,RX02,27.065505,1351,-54
empty_01,empty,RX02,27.086857,1352,-53
empty_01,empty,RX02,27.105147,1353,-54
empty_01,empty,RX02,27.127171,1354,-54
empty_01,empty,RX02,27.145436,1355,-54
empty_01,empty,RX02,27.165165,1356,-54
empty_01,empty,RX02,27.185922,1357,-54
empty_01,empty,RX02,27.214444,1358,-53
empty_01,empty,RX02,27.226819,1359,-53
empty_01,empty,RX02,27.245295,1360,-54
empty_01,empty,RX02,27.265638,1361,-54
empty_01,empty,RX02,27.300838,1362,-54
empty_01,empty,RX02,27.306358,1363,-54
empty_01,empty,RX02,27.325551,1364,-54
empty_01,empty,RX02,27.345163,1365,-54
empty_01,empty,RX02,27.368028,1366,-54
empty_01,empty,RX02,27.390752,1367,-53
empty_01,empty,RX02,27.405153,1368,-54
empty_01,empty,RX02,27.427205,1369,-54
empty_01,empty,RX02,27.445702,1370,-54
empty_01,empty,RX02,27.468068,1371,-52
empty_01,empty,RX02,27.485144,1372,-54
empty_01,empty,RX02,27.505808,1373,-54
empty_01,empty,RX02,27.526617,1374,-53
empty_01,empty,RX02,27.545517,1375,-54
empty_01,empty,RX02,27.565147,1376,-54
empty_01,empty,RX02,27.585643,1377,-54
empty_01,empty,RX02,27.625956,1379,-54
empty_01,empty,RX02,27.645163,1380,-54
empty_01,empty,RX02,27.665142,1381,-54
empty_01,empty,RX02,27.688073,1382,-54
empty_01,empty,RX02,27.708842,1383,-54
empty_01,empty,RX02,27.726474,1384,-54
empty_01,empty,RX02,27.748482,1385,-54
empty_01,empty,RX02,27.765171,1386,-54
empty_01,empty,RX02,27.78515,1387,-54
empty_01,empty,RX02,27.805147,1388,-54
empty_01,empty,RX02,27.827289,1389,-54
empty_01,empty,RX02,27.845149,1390,-54
empty_01,empty,RX02,27.865125,1391,-54
empty_01,empty,RX02,27.885147,1392,-53
empty_01,empty,RX02,27.908397,1393,-54
empty_01,empty,RX02,27.925173,1394,-54
empty_01,empty,RX02,27.945119,1395,-54
empty_01,empty,RX02,27.965143,1396,-54
empty_01,empty,RX02,27.986449,1397,-54
empty_01,empty,RX02,28.006459,1398,-55
empty_01,empty,RX02,28.025129,1399,-54
empty_01,empty,RX02,28.046038,1400,-53
empty_01,empty,RX02,28.067084,1401,-54
empty_01,empty,RX02,28.085203,1402,-54
empty_01,empty,RX02,28.113112,1403,-54
empty_01,empty,RX02,28.125141,1404,-54
empty_01,empty,RX02,28.14514,1405,-54
empty_01,empty,RX02,28.165136,1406,-54
empty_01,empty,RX02,28.185125,1407,-54
empty_01,empty,RX02,28.213247,1408,-54
empty_01,empty,RX02,28.225121,1409,-54
empty_01,empty,RX02,28.245154,1410,-54
empty_01,empty,RX02,28.265273,1411,-54
empty_01,empty,RX02,28.287417,1412,-53
empty_01,empty,RX02,28.314625,1413,-53
empty_01,empty,RX02,28.325149,1414,-54
empty_01,empty,RX02,28.345137,1415,-54
empty_01,empty,RX02,28.367356,1416,-54
empty_01,empty,RX02,28.385125,1417,-54
empty_01,empty,RX02,28.405129,1418,-54
empty_01,empty,RX02,28.425657,1419,-54
empty_01,empty,RX02,28.447149,1420,-53
empty_01,empty,RX02,28.46513,1421,-54
empty_01,empty,RX02,28.486991,1422,-53
empty_01,empty,RX02,28.50849,1423,-53
empty_01,empty,RX02,28.52514,1424,-53
empty_01,empty,RX02,28.547481,1425,-54
empty_01,empty,RX02,28.565138,1426,-53
empty_01,empty,RX02,28.585841,1427,-54
empty_01,empty,RX02,28.610886,1428,-54
empty_01,empty,RX02,28.627851,1429,-54
empty_01,empty,RX02,28.645136,1430,-54
empty_01,empty,RX02,28.665115,1431,-54
empty_01,empty,RX02,28.68515,1432,-54
empty_01,empty,RX02,28.705132,1433,-54
empty_01,empty,RX02,28.728416,1434,-53
empty_01,empty,RX02,28.747384,1435,-54
empty_01,empty,RX02,28.76514,1436,-54
empty_01,empty,RX02,28.785127,1437,-54
empty_01,empty,RX02,28.80987,1438,-54
empty_01,empty,RX02,28.828638,1439,-53
empty_01,empty,RX02,28.845275,1440,-54
empty_01,empty,RX02,28.865257,1441,-54
empty_01,empty,RX02,28.886264,1442,-54
empty_01,empty,RX02,28.90976,1443,-53
empty_01,empty,RX02,28.948106,1445,-54
empty_01,empty,RX02,28.967677,1446,-54
empty_01,empty,RX02,28.985116,1447,-54
empty_01,empty,RX02,29.005691,1448,-53
empty_01,empty,RX02,29.030629,1449,-54
empty_01,empty,RX02,29.046486,1450,-53
empty_01,empty,RX02,29.067079,1451,-53
empty_01,empty,RX02,29.085179,1452,-54
empty_01,empty,RX02,29.106512,1453,-54
empty_01,empty,RX02,29.129795,1454,-52
empty_01,empty,RX02,29.145397,1455,-54
empty_01,empty,RX02,29.165246,1456,-54
empty_01,empty,RX02,29.186581,1457,-54
empty_01,empty,RX02,29.208897,1458,-53
empty_01,empty,RX02,29.225482,1459,-54
empty_01,empty,RX02,29.245136,1460,-54
empty_01,empty,RX02,29.265111,1461,-54
empty_01,empty,RX02,29.285126,1462,-53
empty_01,empty,RX02,29.305123,1463,-54
empty_01,empty,RX02,29.327718,1464,-54
empty_01,empty,RX02,29.347272,1465,-54
empty_01,empty,RX02,29.365253,1466,-54
empty_01,empty,RX02,29.38512,1467,-53
empty_01,empty,RX02,29.405103,1468,-54
empty_01,empty,RX02,29.426997,1469,-54
empty_01,empty,RX02,29.445235,1470,-53
empty_01,empty,RX02,29.467266,1471,-54
empty_01,empty,RX02,29.48512,1472,-54
empty_01,empty,RX02,29.508285,1473,-54
empty_01,empty,RX02,29.531892,1474,-54
empty_01,empty,RX02,29.569697,1476,-53
empty_01,empty,RX02,29.585105,1477,-53
empty_01,empty,RX02,29.605705,1478,-54
empty_01,empty,RX02,29.625118,1479,-53
empty_01,empty,RX02,29.645121,1480,-54
empty_01,empty,RX02,29.665663,1481,-54
empty_01,empty,RX02,29.685122,1482,-54
empty_01,empty,RX02,29.705649,1483,-54
empty_01,empty,RX02,29.728343,1484,-54
empty_01,empty,RX02,29.75018,1485,-53
empty_01,empty,RX02,29.765151,1486,-54
empty_01,empty,RX02,29.786877,1487,-54
empty_01,empty,RX02,29.805131,1488,-54
empty_01,empty,RX02,29.826708,1489,-54
empty_01,empty,RX02,29.865111,1491,-54
empty_01,empty,RX02,29.889297,1492,-53
empty_01,empty,RX02,29.905096,1493,-54
empty_01,empty,RX02,29.92573,1494,-54
empty_01,empty,RX02,29.945102,1495,-54
empty_01,empty,RX02,29.965114,1496,-54
empty_01,empty,RX02,29.985215,1497,-54
empty_01,empty,RX02,30.00578,1498,-54
empty_01,empty,RX02,30.028123,1499,-54
empty_01,empty,RX02,30.045091,1500,-54
empty_01,empty,RX02,30.065083,1501,-54
empty_01,empty,RX02,30.085161,1502,-54
empty_01,empty,RX02,30.105112,1503,-54
empty_01,empty,RX02,30.130511,1504,-54
empty_01,empty,RX02,30.146949,1505,-54
empty_01,empty,RX02,30.166508,1506,-54
empty_01,empty,RX02,30.185104,1507,-54
empty_01,empty,RX02,30.205105,1508,-54
empty_01,empty,RX02,30.225078,1509,-54
empty_01,empty,RX02,30.249351,1510,-54
empty_01,empty,RX02,30.265084,1511,-54
empty_01,empty,RX02,30.286501,1512,-53
empty_01,empty,RX02,30.305083,1513,-54
empty_01,empty,RX02,30.326271,1514,-54
empty_01,empty,RX02,30.351746,1515,-53
empty_01,empty,RX02,30.36818,1516,-53
empty_01,empty,RX02,30.38736,1517,-54
empty_01,empty,RX02,30.405112,1518,-54
empty_01,empty,RX02,30.429387,1519,-54
empty_01,empty,RX02,30.445095,1520,-54
empty_01,empty,RX02,30.470154,1521,-53
empty_01,empty,RX02,30.485096,1522,-54
empty_01,empty,RX02,30.507634,1523,-53
empty_01,empty,RX02,30.52511,1524,-54
empty_01,empty,RX02,30.547742,1525,-53
empty_01,empty,RX02,30.568565,1526,-54
empty_01,empty,RX02,30.585812,1527,-53
empty_01,empty,RX02,30.606112,1528,-54
empty_01,empty,RX02,30.627534,1529,-53
empty_01,empty,RX02,30.646934,1530,-54
empty_01,empty,RX02,30.669786,1531,-54
empty_01,empty,RX02,30.686136,1532,-54
empty_01,empty,RX02,30.705088,1533,-54
empty_01,empty,RX02,30.72584,1534,-53
empty_01,empty,RX02,30.745096,1535,-54
empty_01,empty,RX02,30.773432,1536,-54
empty_01,empty,RX02,30.788921,1537,-54
empty_01,empty,RX02,30.805513,1538,-53
empty_01,empty,RX02,30.825096,1539,-54
empty_01,empty,RX02,30.847341,1540,-54
empty_01,empty,RX02,30.865588,1541,-54
empty_01,empty,RX02,30.885964,1542,-53
empty_01,empty,RX02,30.906244,1543,-54
empty_01,empty,RX02,30.927436,1544,-54
empty_01,empty,RX02,30.945206,1545,-54
empty_01,empty,RX02,30.966159,1546,-53
empty_01,empty,RX02,30.985717,1547,-54
empty_01,empty,RX02,31.007581,1548,-53
empty_01,empty,RX02,31.02509,1549,-54
empty_01,empty,RX02,31.045069,1550,-54
empty_01,empty,RX02,31.067323,1551,-54
empty_01,empty,RX02,31.088125,1552,-53
empty_01,empty,RX02,31.105667,1553,-53
empty_01,empty,RX02,31.125097,1554,-53
empty_01,empty,RX02,31.145073,1555,-54
empty_01,empty,RX02,31.165099,1556,-54
empty_01,empty,RX02,31.185067,1557,-54
empty_01,empty,RX02,31.208109,1558,-54
empty_01,empty,RX02,31.226097,1559,-53
empty_01,empty,RX02,31.248795,1560,-54
empty_01,empty,RX02,31.265888,1561,-54
empty_01,empty,RX02,31.286009,1562,-53
empty_01,empty,RX02,31.310516,1563,-54
empty_01,empty,RX02,31.325081,1564,-54
empty_01,empty,RX02,31.345222,1565,-53
empty_01,empty,RX02,31.370403,1566,-54
empty_01,empty,RX02,31.385713,1567,-54
empty_01,empty,RX02,31.412913,1568,-54
empty_01,empty,RX02,31.425333,1569,-54
empty_01,empty,RX02,31.44629,1570,-54
empty_01,empty,RX02,31.465205,1571,-54
empty_01,empty,RX02,31.489941,1572,-54
empty_01,empty,RX02,31.50708,1573,-54
empty_01,empty,RX02,31.527722,1574,-54
empty_01,empty,RX02,31.548821,1575,-53
empty_01,empty,RX02,31.569873,1576,-53
empty_01,empty,RX02,31.593163,1577,-53
empty_01,empty,RX02,31.605069,1578,-54
empty_01,empty,RX02,31.625707,1579,-54
empty_01,empty,RX02,31.645096,1580,-54
empty_01,empty,RX02,31.66655,1581,-54
empty_01,empty,RX02,31.685078,1582,-53
empty_01,empty,RX02,31.707053,1583,-54
empty_01,empty,RX02,31.726302,1584,-54
empty_01,empty,RX02,31.746644,1585,-54
empty_01,empty,RX02,31.769381,1586,-53
empty_01,empty,RX02,31.785386,1587,-54
empty_01,empty,RX02,31.808882,1588,-53
empty_01,empty,RX02,31.825056,1589,-54
empty_01,empty,RX02,31.845082,1590,-54
empty_01,empty,RX02,31.867658,1591,-54
empty_01,empty,RX02,31.887795,1592,-53
empty_01,empty,RX02,31.907329,1593,-54
empty_01,empty,RX02,31.925068,1594,-54
empty_01,empty,RX02,31.945067,1595,-54
empty_01,empty,RX02,31.965487,1596,-54
empty_01,empty,RX02,31.985181,1597,-54
empty_01,empty,RX02,32.007149,1598,-54
empty_01,empty,RX02,32.028852,1599,-54
empty_01,empty,RX02,32.045065,1600,-54
empty_01,empty,RX02,32.065469,1601,-53
empty_01,empty,RX02,32.092585,1602,-53
empty_01,empty,RX02,32.105332,1603,-53
empty_01,empty,RX02,32.145062,1605,-54
empty_01,empty,RX02,32.16953,1606,-53
empty_01,empty,RX02,32.185042,1607,-54
empty_01,empty,RX02,32.209324,1608,-53
empty_01,empty,RX02,32.225062,1609,-54
empty_01,empty,RX02,32.245281,1610,-54
empty_01,empty,RX02,32.265535,1611,-54
empty_01,empty,RX02,32.285067,1612,-54
empty_01,empty,RX02,32.306006,1613,-53
empty_01,empty,RX02,32.325552,1614,-54
empty_01,empty,RX02,32.346929,1615,-54
empty_01,empty,RX02,32.365068,1616,-54
empty_01,empty,RX02,32.388253,1617,-53
empty_01,empty,RX02,32.408401,1618,-54
empty_01,empty,RX02,32.426108,1619,-54
empty_01,empty,RX02,32.445069,1620,-53
empty_01,empty,RX02,32.465187,1621,-54
empty_01,empty,RX02,32.485746,1622,-53
empty_01,empty,RX02,32.510816,1623,-54
empty_01,empty,RX02,32.528142,1624,-54
empty_01,empty,RX02,32.545175,1625,-54
empty_01,empty,RX02,32.565066,1626,-54
empty_01,empty,RX02,32.59054,1627,-53
empty_01,empty,RX02,32.605068,1628,-54
empty_01,empty,RX02,32.629841,1629,-53
empty_01,empty,RX02,32.645088,1630,-54
empty_01,empty,RX02,32.665047,1631,-53
empty_01,empty,RX02,32.685068,1632,-54
empty_01,empty,RX02,32.705743,1633,-53
empty_01,empty,RX02,32.726565,1634,-54
empty_01,empty,RX02,32.747469,1635,-54
empty_01,empty,RX02,32.76504,1636,-54
empty_01,empty,RX02,32.785939,1637,-54
empty_01,empty,RX02,32.808159,1638,-54
empty_01,empty,RX02,32.829829,1639,-53
empty_01,empty,RX02,32.846943,1640,-54
empty_01,empty,RX02,32.86503,1641,-54
empty_01,empty,RX02,32.889738,1642,-54
empty_01,empty,RX02,32.905046,1643,-53
empty_01,empty,RX02,32.931365,1644,-53
empty_01,empty,RX02,32.948949,1645,-53
empty_01,empty,RX02,32.965066,1646,-54
empty_01,empty,RX02,32.985026,1647,-54
empty_01,empty,RX02,33.007658,1648,-54
empty_01,empty,RX02,33.025885,1649,-53
empty_01,empty,RX02,33.045062,1650,-53
empty_01,empty,RX02,33.066341,1651,-54
empty_01,empty,RX02,33.085236,1652,-53
empty_01,empty,RX02,33.10692,1653,-53
empty_01,empty,RX02,33.1298,1654,-54
empty_01,empty,RX02,33.147473,1655,-53
empty_01,empty,RX02,33.166137,1656,-54
empty_01,empty,RX02,33.187153,1657,-54
empty_01,empty,RX02,33.20504,1658,-53
empty_01,empty,RX02,33.22903,1659,-54
empty_01,empty,RX02,33.24711,1660,-54
empty_01,empty,RX02,33.268552,1661,-54
empty_01,empty,RX02,33.28754,1662,-54
empty_01,empty,RX02,33.305151,1663,-53
empty_01,empty,RX02,33.331377,1664,-54
empty_01,empty,RX02,33.347414,1665,-54
empty_01,empty,RX02,33.365062,1666,-54
empty_01,empty,RX02,33.385018,1667,-54
empty_01,empty,RX02,33.407384,1668,-53
empty_01,empty,RX02,33.425031,1669,-54
empty_01,empty,RX02,33.445062,1670,-54
empty_01,empty,RX02,33.473347,1671,-53
empty_01,empty,RX02,33.485048,1672,-54
empty_01,empty,RX02,33.509771,1673,-53
empty_01,empty,RX02,33.526268,1674,-54
empty_01,empty,RX02,33.545784,1675,-53
empty_01,empty,RX02,33.567946,1676,-53
empty_01,empty,RX02,33.585038,1677,-54
empty_01,empty,RX02,33.605147,1678,-53
empty_01,empty,RX02,33.628675,1679,-54
empty_01,empty,RX02,33.645045,1680,-54
empty_01,empty,RX02,33.667393,1681,-54
empty_01,empty,RX02,33.685045,1682,-54
empty_01,empty,RX02,33.705087,1683,-54
empty_01,empty,RX02,33.731046,1684,-54
empty_01,empty,RX02,33.74502,1685,-54
empty_01,empty,RX02,33.765232,1686,-53
empty_01,empty,RX02,33.785016,1687,-54
empty_01,empty,RX02,33.805024,1688,-54
empty_01,empty,RX02,33.833486,1689,-54
empty_01,empty,RX02,33.848031,1690,-54
empty_01,empty,RX02,33.869601,1691,-53
empty_01,empty,RX02,33.885016,1692,-54
empty_01,empty,RX02,33.909801,1693,-54
empty_01,empty,RX02,33.925045,1694,-54
empty_01,empty,RX02,33.947258,1695,-53
empty_01,empty,RX02,33.965019,1696,-54
empty_01,empty,RX02,33.985358,1697,-54
empty_01,empty,RX02,34.005025,1698,-54
empty_01,empty,RX02,34.025022,1699,-54
empty_01,empty,RX02,34.052119,1700,-53
empty_01,empty,RX02,34.066176,1701,-54
empty_01,empty,RX02,34.087783,1702,-53
empty_01,empty,RX02,34.105024,1703,-54
empty_01,empty,RX02,34.125212,1704,-53
empty_01,empty,RX02,34.147555,1705,-53
empty_01,empty,RX02,34.167309,1706,-54
empty_01,empty,RX02,34.185011,1707,-54
empty_01,empty,RX02,34.205016,1708,-54
empty_01,empty,RX02,34.226593,1709,-54
empty_01,empty,RX02,34.245035,1710,-54
empty_01,empty,RX02,34.266355,1711,-54
empty_01,empty,RX02,34.287944,1712,-54
empty_01,empty,RX02,34.305014,1713,-54
empty_01,empty,RX02,34.32587,1714,-54
empty_01,empty,RX02,34.345486,1715,-54
empty_01,empty,RX02,34.365303,1716,-53
empty_01,empty,RX02,34.385332,1717,-54
empty_01,empty,RX02,34.405006,1718,-54
empty_01,empty,RX02,34.425011,1719,-54
empty_01,empty,RX02,34.447895,1720,-53
empty_01,empty,RX02,34.465017,1721,-54
empty_01,empty,RX02,34.48503,1722,-53
empty_01,empty,RX02,34.505004,1723,-54
empty_01,empty,RX02,34.525297,1724,-54
empty_01,empty,RX02,34.550303,1725,-54
empty_01,empty,RX02,34.565014,1726,-54
empty_01,empty,RX02,34.587369,1727,-53
empty_01,empty,RX02,34.605028,1728,-54
empty_01,empty,RX02,34.626366,1729,-54
empty_01,empty,RX02,34.644997,1730,-53
empty_01,empty,RX02,34.665391,1731,-53
empty_01,empty,RX02,34.689767,1732,-53
empty_01,empty,RX02,34.704999,1733,-53
empty_01,empty,RX02,34.72502,1734,-54
empty_01,empty,RX02,34.747711,1735,-54
empty_01,empty,RX02,34.767102,1736,-53
empty_01,empty,RX02,34.792164,1737,-53
empty_01,empty,RX02,34.805571,1738,-53
empty_01,empty,RX02,34.825568,1739,-53
empty_01,empty,RX02,34.84554,1740,-54
empty_01,empty,RX02,34.867417,1741,-54
empty_01,empty,RX02,34.894579,1742,-54
empty_01,empty,RX02,34.906977,1743,-53
empty_01,empty,RX02,34.928048,1744,-54
empty_01,empty,RX02,34.944986,1745,-54
empty_01,empty,RX02,34.970662,1746,-53
empty_01,empty,RX02,34.990029,1747,-53
empty_01,empty,RX02,35.009402,1748,-53
empty_01,empty,RX02,35.025334,1749,-53
empty_01,empty,RX02,35.048156,1750,-54
empty_01,empty,RX02,35.07429,1751,-54
empty_01,empty,RX02,35.086271,1752,-53
empty_01,empty,RX02,35.10567,1753,-54
empty_01,empty,RX02,35.124998,1754,-53
empty_01,empty,RX02,35.148217,1755,-53
empty_01,empty,RX02,35.165339,1756,-53
empty_01,empty,RX02,35.185014,1757,-54
empty_01,empty,RX02,35.205513,1758,-54
empty_01,empty,RX02,35.225013,1759,-54
empty_01,empty,RX02,35.245538,1760,-54
empty_01,empty,RX02,35.267096,1761,-54
empty_01,empty,RX02,35.286599,1762,-54
empty_01,empty,RX02,35.306484,1763,-54
empty_01,empty,RX02,35.32502,1764,-54
empty_01,empty,RX02,35.348315,1765,-54
empty_01,empty,RX02,35.369517,1766,-53
empty_01,empty,RX02,35.389827,1767,-54
empty_01,empty,RX02,35.406624,1768,-54
empty_01,empty,RX02,35.425006,1769,-54
empty_01,empty,RX02,35.445234,1770,-54
empty_01,empty,RX02,35.465127,1771,-54
empty_01,empty,RX02,35.484979,1772,-53
empty_01,empty,RX02,35.5059,1773,-53
empty_01,empty,RX02,35.524987,1774,-54
empty_01,empty,RX02,35.548031,1775,-54
empty_01,empty,RX02,35.568494,1776,-53
empty_01,empty,RX02,35.585097,1777,-54
empty_01,empty,RX02,35.611371,1778,-53
empty_01,empty,RX02,35.626119,1779,-54
empty_01,empty,RX02,35.64503,1780,-54
empty_01,empty,RX02,35.669518,1781,-53
empty_01,empty,RX02,35.688714,1782,-54
empty_01,empty,RX02,35.704997,1783,-54
empty_01,empty,RX02,35.72619,1784,-54
empty_01,empty,RX02,35.745637,1785,-54
empty_01,empty,RX02,35.764999,1786,-54
empty_01,empty,RX02,35.789029,1787,-54
empty_01,empty,RX02,35.809715,1788,-54
empty_01,empty,RX02,35.829679,1789,-53
empty_01,empty,RX02,35.844986,1790,-54
empty_01,empty,RX02,35.865126,1791,-53
empty_01,empty,RX02,35.894065,1792,-53
empty_01,empty,RX02,35.905873,1793,-54
empty_01,empty,RX02,35.925015,1794,-54
empty_01,empty,RX02,35.945198,1795,-54
empty_01,empty,RX02,35.967409,1796,-53
empty_01,empty,RX02,35.98646,1797,-54
empty_01,empty,RX02,36.007965,1798,-54
empty_01,empty,RX02,36.024963,1799,-54
empty_01,empty,RX02,36.044998,1800,-53
empty_01,empty,RX02,36.069968,1801,-53
empty_01,empty,RX02,36.086333,1802,-54
empty_01,empty,RX02,36.105831,1803,-53
empty_01,empty,RX02,36.125949,1804,-54
empty_01,empty,RX02,36.144968,1805,-54
empty_01,empty,RX02,36.164966,1806,-54
empty_01,empty,RX02,36.188745,1807,-53
empty_01,empty,RX02,36.208221,1808,-54
empty_01,empty,RX02,36.226305,1809,-53
empty_01,empty,RX02,36.244986,1810,-53
empty_01,empty,RX02,36.264971,1811,-54
empty_01,empty,RX02,36.284982,1812,-54
empty_01,empty,RX02,36.304955,1813,-54
empty_01,empty,RX02,36.328203,1814,-53
empty_01,empty,RX02,36.344971,1815,-54
empty_01,empty,RX02,36.364985,1816,-54
empty_01,empty,RX02,36.384987,1817,-54
empty_01,empty,RX02,36.405547,1818,-53
empty_01,empty,RX02,36.430582,1819,-53
empty_01,empty,RX02,36.444965,1820,-53
empty_01,empty,RX02,36.464968,1821,-54
empty_01,empty,RX02,36.484969,1822,-54
empty_01,empty,RX02,36.508488,1823,-54
empty_01,empty,RX02,36.526612,1824,-54
empty_01,empty,RX02,36.545438,1825,-53
empty_01,empty,RX02,36.566403,1826,-54
empty_01,empty,RX02,36.589308,1827,-54
empty_01,empty,RX02,36.609479,1828,-54
empty_01,empty,RX02,36.62703,1829,-54
empty_01,empty,RX02,36.647836,1830,-53
empty_01,empty,RX02,36.668836,1831,-54
empty_01,empty,RX02,36.687193,1832,-53
empty_01,empty,RX02,36.710931,1833,-54
empty_01,empty,RX02,36.730129,1834,-54
empty_01,empty,RX02,36.745929,1835,-54
empty_01,empty,RX02,36.766885,1836,-53
empty_01,empty,RX02,36.786749,1837,-54
empty_01,empty,RX02,36.805222,1838,-53
empty_01,empty,RX02,36.824957,1839,-53
empty_01,empty,RX02,36.849345,1840,-54
empty_01,empty,RX02,36.86497,1841,-54
empty_01,empty,RX02,36.884993,1842,-54
empty_01,empty,RX02,36.90556,1843,-54
empty_01,empty,RX02,36.925182,1844,-54
empty_01,empty,RX02,36.964954,1846,-54
empty_01,empty,RX02,36.985065,1847,-53
empty_01,empty,RX02,37.007978,1848,-54
empty_01,empty,RX02,37.027565,1849,-54
empty_01,empty,RX02,37.045338,1850,-54
empty_01,empty,RX02,37.06494,1851,-54
empty_01,empty,RX02,37.085171,1852,-53
empty_01,empty,RX02,37.110367,1853,-54
empty_01,empty,RX02,37.125214,1854,-53
empty_01,empty,RX02,37.147391,1855,-54
empty_01,empty,RX02,37.164978,1856,-54
empty_01,empty,RX02,37.185262,1857,-53
empty_01,empty,RX02,37.205663,1858,-54
empty_01,empty,RX02,37.224951,1859,-54
empty_01,empty,RX02,37.249813,1860,-54
empty_01,empty,RX02,37.264963,1861,-54
empty_01,empty,RX02,37.284982,1862,-54
empty_01,empty,RX02,37.30684,1863,-53
empty_01,empty,RX02,37.326862,1864,-54
empty_01,empty,RX02,37.345723,1865,-54
empty_01,empty,RX02,37.367117,1866,-53
empty_01,empty,RX02,37.405886,1868,-54
empty_01,empty,RX02,37.428293,1869,-54
empty_01,empty,RX02,37.454613,1870,-53
empty_01,empty,RX02,37.467042,1871,-54
empty_01,empty,RX02,37.485706,1872,-54
empty_01,empty,RX02,37.506627,1873,-54
empty_01,empty,RX02,37.53181,1874,-54
empty_01,empty,RX02,37.54495,1875,-53
empty_01,empty,RX02,37.569456,1876,-53
empty_01,empty,RX02,37.584931,1877,-54
empty_01,empty,RX02,37.605845,1878,-54
empty_01,empty,RX02,37.626831,1879,-54
empty_01,empty,RX02,37.645704,1880,-54
empty_01,empty,RX02,37.686032,1882,-54
empty_01,empty,RX02,37.708228,1883,-54
empty_01,empty,RX02,37.725066,1884,-53
empty_01,empty,RX02,37.746887,1885,-54
empty_01,empty,RX02,37.764947,1886,-54
empty_01,empty,RX02,37.784928,1887,-54
empty_01,empty,RX02,37.80527,1888,-53
empty_01,empty,RX02,37.825867,1889,-54
empty_01,empty,RX02,37.846723,1890,-54
empty_01,empty,RX02,37.867501,1891,-54
empty_01,empty,RX02,37.88495,1892,-54
empty_01,empty,RX02,37.909269,1893,-53
empty_01,empty,RX02,37.930924,1894,-53
empty_01,empty,RX02,37.946858,1895,-54
empty_01,empty,RX02,37.966608,1896,-53
empty_01,empty,RX02,37.984922,1897,-54
empty_01,empty,RX02,38.004933,1898,-54
empty_01,empty,RX02,38.025471,1899,-53
empty_01,empty,RX02,38.044959,1900,-54
empty_01,empty,RX02,38.06904,1901,-53
empty_01,empty,RX02,38.084997,1902,-54
empty_01,empty,RX02,38.105062,1903,-54
empty_01,empty,RX02,38.12509,1904,-54
empty_01,empty,RX02,38.146861,1905,-54
empty_01,empty,RX02,38.164988,1906,-54
empty_01,empty,RX02,38.185345,1907,-54
empty_01,empty,RX02,38.204934,1908,-54
empty_01,empty,RX02,38.224925,1909,-54
empty_01,empty,RX02,38.248947,1910,-53
empty_01,empty,RX02,38.265084,1911,-53
empty_01,empty,RX02,38.286274,1912,-54
empty_01,empty,RX02,38.304965,1913,-54
empty_01,empty,RX02,38.327118,1914,-53
empty_01,empty,RX02,38.352369,1915,-53
empty_01,empty,RX02,38.364957,1916,-54
empty_01,empty,RX02,38.384938,1917,-54
empty_01,empty,RX02,38.405296,1918,-53
empty_01,empty,RX02,38.425053,1919,-53
empty_01,empty,RX02,38.444951,1920,-54
empty_01,empty,RX02,38.465053,1921,-54
empty_01,empty,RX02,38.484933,1922,-54
empty_01,empty,RX02,38.505289,1923,-53
empty_01,empty,RX02,38.524943,1924,-54
empty_01,empty,RX02,38.550844,1925,-52
empty_01,empty,RX02,38.565767,1926,-53
empty_01,empty,RX02,38.585708,1927,-54
empty_01,empty,RX02,38.604939,1928,-54
empty_01,empty,RX02,38.629923,1929,-54
empty_01,empty,RX02,38.646404,1930,-54
empty_01,empty,RX02,38.666053,1931,-54
empty_01,empty,RX02,38.685746,1932,-54
empty_01,empty,RX02,38.704907,1933,-54
empty_01,empty,RX02,38.732259,1934,-53
empty_01,empty,RX02,38.748812,1935,-53
empty_01,empty,RX02,38.764953,1936,-54
empty_01,empty,RX02,38.785835,1937,-53
empty_01,empty,RX02,38.804952,1938,-54
empty_01,empty,RX02,38.825065,1939,-53
empty_01,empty,RX02,38.844938,1940,-54
empty_01,empty,RX02,38.870679,1941,-54
empty_01,empty,RX02,38.88825,1942,-53
empty_01,empty,RX02,38.904899,1943,-54
empty_01,empty,RX02,38.926664,1944,-54
empty_01,empty,RX02,38.945152,1945,-54
empty_01,empty,RX02,38.966175,1946,-54
empty_01,empty,RX02,38.984903,1947,-54
empty_01,empty,RX02,39.006698,1948,-54
empty_01,empty,RX02,39.026487,1949,-53
empty_01,empty,RX02,39.049783,1950,-54
empty_01,empty,RX02,39.067,1951,-54
empty_01,empty,RX02,39.085751,1952,-53
empty_01,empty,RX02,39.105494,1953,-54
empty_01,empty,RX02,39.126473,1954,-54
empty_01,empty,RX02,39.146865,1955,-54
empty_01,empty,RX02,39.169067,1956,-54
empty_01,empty,RX02,39.184928,1957,-53
empty_01,empty,RX02,39.20494,1958,-54
empty_01,empty,RX02,39.225437,1959,-54
empty_01,empty,RX02,39.244912,1960,-54
empty_01,empty,RX02,39.26572,1961,-54
empty_01,empty,RX02,39.284942,1962,-54
empty_01,empty,RX02,39.30575,1963,-54
empty_01,empty,RX02,39.324913,1964,-54
empty_01,empty,RX02,39.346864,1965,-53
empty_01,empty,RX02,39.373138,1966,-54
empty_01,empty,RX02,39.387033,1967,-53
empty_01,empty,RX02,39.405737,1968,-54
empty_01,empty,RX02,39.424914,1969,-54
empty_01,empty,RX02,39.444924,1970,-54
empty_01,empty,RX02,39.4657,1971,-54
empty_01,empty,RX02,39.485114,1972,-53
empty_01,empty,RX02,39.504909,1973,-54
empty_01,empty,RX02,39.524908,1974,-54
empty_01,empty,RX02,39.546862,1975,-54
empty_01,empty,RX02,39.568066,1976,-53
empty_01,empty,RX02,39.5875,1977,-54
empty_01,empty,RX02,39.605057,1978,-54
empty_01,empty,RX02,39.624913,1979,-54
empty_01,empty,RX02,39.646089,1980,-54
empty_01,empty,RX02,39.670465,1981,-54
empty_01,empty,RX02,39.685037,1982,-53
empty_01,empty,RX02,39.707784,1983,-54
empty_01,empty,RX02,39.724925,1984,-54
empty_01,empty,RX02,39.744899,1985,-54
empty_01,empty,RX02,39.765671,1986,-53
empty_01,empty,RX02,39.784897,1987,-54
empty_01,empty,RX02,39.810268,1988,-54
empty_01,empty,RX02,39.824894,1989,-53
empty_01,empty,RX02,39.845101,1990,-54
empty_01,empty,RX02,39.867525,1991,-53
empty_01,empty,RX02,39.885162,1992,-54
empty_01,empty,RX02,39.905018,1993,-53
empty_01,empty,RX02,39.924936,1994,-54
empty_01,empty,RX02,39.946045,1995,-54
empty_01,empty,RX02,39.964928,1996,-54
empty_01,empty,RX02,39.987526,1997,-53
empty_01,empty,RX02,40.005097,1998,-54
empty_01,empty,RX02,40.027097,1999,-54
empty_01,empty,RX02,40.044899,2000,-54
empty_01,empty,RX02,40.067248,2001,-53
empty_01,empty,RX02,40.089933,2002,-53
empty_01,empty,RX02,40.104901,2003,-54
empty_01,empty,RX02,40.125259,2004,-53
empty_01,empty,RX02,40.146596,2005,-53
empty_01,empty,RX02,40.165892,2006,-54
empty_01,empty,RX02,40.194563,2007,-53
empty_01,empty,RX02,40.204924,2008,-53
empty_01,empty,RX02,40.226654,2009,-54
empty_01,empty,RX02,40.246077,2010,-54
empty_01,empty,RX02,40.264893,2011,-54
empty_01,empty,RX02,40.284948,2012,-54
empty_01,empty,RX02,40.304889,2013,-53
empty_01,empty,RX02,40.325512,2014,-54
empty_01,empty,RX02,40.364894,2016,-54
empty_01,empty,RX02,40.385915,2017,-53
empty_01,empty,RX02,40.406761,2018,-54
empty_01,empty,RX02,40.424963,2019,-53
empty_01,empty,RX02,40.444902,2020,-54
empty_01,empty,RX02,40.466897,2021,-59
empty_01,empty,RX02,40.489665,2022,-54
empty_01,empty,RX02,40.504892,2023,-54
empty_01,empty,RX02,40.526644,2024,-53
empty_01,empty,RX02,40.544907,2025,-54
empty_01,empty,RX02,40.564912,2026,-53
empty_01,empty,RX02,40.584887,2027,-54
empty_01,empty,RX02,40.605687,2028,-53
empty_01,empty,RX02,40.626778,2029,-53
empty_01,empty,RX02,40.644905,2030,-54
empty_01,empty,RX02,40.669244,2031,-54
empty_01,empty,RX02,40.684922,2032,-53
empty_01,empty,RX02,40.71011,2033,-53
empty_01,empty,RX02,40.724912,2034,-54
empty_01,empty,RX02,40.749892,2035,-54
empty_01,empty,RX02,40.765242,2036,-54
empty_01,empty,RX02,40.789347,2037,-54
empty_01,empty,RX02,40.806748,2038,-54
empty_01,empty,RX02,40.824904,2039,-54
empty_01,empty,RX02,40.846304,2040,-54
empty_01,empty,RX02,40.867251,2041,-55
empty_01,empty,RX02,40.884918,2042,-53
empty_01,empty,RX02,40.909169,2043,-54
empty_01,empty,RX02,40.926649,2044,-54
empty_01,empty,RX02,40.944906,2045,-53
empty_01,empty,RX02,40.966899,2046,-59
empty_01,empty,RX02,40.985088,2047,-53
empty_01,empty,RX02,41.01157,2048,-53
empty_01,empty,RX02,41.024884,2049,-54
empty_01,empty,RX02,41.044891,2050,-53
empty_01,empty,RX02,41.066413,2051,-53
empty_01,empty,RX02,41.087569,2052,-53
empty_01,empty,RX02,41.107554,2053,-54
empty_01,empty,RX02,41.124884,2054,-54
empty_01,empty,RX02,41.145016,2055,-54
empty_01,empty,RX02,41.164897,2056,-54
empty_01,empty,RX02,41.184865,2057,-54
empty_01,empty,RX02,41.206513,2058,-54
empty_01,empty,RX02,41.244883,2060,-54
empty_01,empty,RX02,41.264858,2061,-54
empty_01,empty,RX02,41.285766,2062,-54
empty_01,empty,RX02,41.308915,2063,-54
empty_01,empty,RX02,41.324905,2064,-54
empty_01,empty,RX02,41.346193,2065,-54
empty_01,empty,RX02,41.364898,2066,-54
empty_01,empty,RX02,41.384995,2067,-53
empty_01,empty,RX02,41.404878,2068,-54
empty_01,empty,RX02,41.424982,2069,-53
empty_01,empty,RX02,41.448602,2070,-53
empty_01,empty,RX02,41.464857,2071,-54
empty_01,empty,RX02,41.484896,2072,-54
empty_01,empty,RX02,41.505003,2073,-53
empty_01,empty,RX02,41.524995,2074,-53
empty_01,empty,RX02,41.550672,2075,-54
empty_01,empty,RX02,41.564869,2076,-54
empty_01,empty,RX02,41.584874,2077,-54
empty_01,empty,RX02,41.609571,2078,-53
empty_01,empty,RX02,41.628408,2079,-54
empty_01,empty,RX02,41.645103,2080,-53
empty_01,empty,RX02,41.665888,2081,-53
empty_01,empty,RX02,41.68488,2082,-54
empty_01,empty,RX02,41.705647,2083,-53
empty_01,empty,RX02,41.728542,2084,-54
empty_01,empty,RX02,41.744892,2085,-53
empty_01,empty,RX02,41.764883,2086,-53
empty_01,empty,RX02,41.784877,2087,-54
empty_01,empty,RX02,41.806668,2088,-54
empty_01,empty,RX02,41.830809,2089,-54
empty_01,empty,RX02,41.844881,2090,-54
empty_01,empty,RX02,41.864859,2091,-54
empty_01,empty,RX02,41.884871,2092,-54
empty_01,empty,RX02,41.906698,2093,-53
empty_01,empty,RX02,41.930163,2094,-54
empty_01,empty,RX02,41.947038,2095,-54
empty_01,empty,RX02,41.965044,2096,-54
empty_01,empty,RX02,41.986913,2097,-53
empty_01,empty,RX02,42.009122,2098,-53
empty_01,empty,RX02,42.025732,2099,-54
empty_01,empty,RX02,42.047774,2100,-54
empty_01,empty,RX02,42.065465,2101,-54
empty_01,empty,RX02,42.084956,2102,-54
empty_01,empty,RX02,42.104863,2103,-54
empty_01,empty,RX02,42.126742,2104,-53
empty_01,empty,RX02,42.146183,2105,-54
empty_01,empty,RX02,42.165118,2106,-54
empty_01,empty,RX02,42.184858,2107,-53
empty_01,empty,RX02,42.20754,2108,-54
empty_01,empty,RX02,42.225174,2109,-53
empty_01,empty,RX02,42.245298,2110,-54
empty_01,empty,RX02,42.267508,2111,-54
empty_01,empty,RX02,42.284857,2112,-54
empty_01,empty,RX02,42.305347,2113,-53
empty_01,empty,RX02,42.324868,2114,-54
empty_01,empty,RX02,42.345799,2115,-54
empty_01,empty,RX02,42.369898,2116,-53
empty_01,empty,RX02,42.388659,2117,-54
empty_01,empty,RX02,42.407121,2118,-53
empty_01,empty,RX02,42.428689,2119,-54
empty_01,empty,RX02,42.447066,2120,-53
empty_01,empty,RX02,42.464855,2121,-54
empty_01,empty,RX02,42.484888,2122,-53
empty_01,empty,RX02,42.505734,2123,-54
empty_01,empty,RX02,42.526347,2124,-54
empty_01,empty,RX02,42.549442,2125,-53
empty_01,empty,RX02,42.564848,2126,-53
empty_01,empty,RX02,42.587159,2127,-54
empty_01,empty,RX02,42.604868,2128,-54
empty_01,empty,RX02,42.627969,2129,-54
empty_01,empty,RX02,42.65185,2130,-54
empty_01,empty,RX02,42.666955,2131,-54
empty_01,empty,RX02,42.689556,2132,-53
empty_01,empty,RX02,42.705368,2133,-54
empty_01,empty,RX02,42.725934,2134,-54
empty_01,empty,RX02,42.745019,2135,-54
empty_01,empty,RX02,42.764861,2136,-53
empty_01,empty,RX02,42.78485,2137,-54
empty_01,empty,RX02,42.806149,2138,-54
empty_01,empty,RX02,42.828341,2139,-54
empty_01,empty,RX02,42.845298,2140,-53
empty_01,empty,RX02,42.864835,2141,-54
empty_01,empty,RX02,42.885602,2142,-53
empty_01,empty,RX02,42.904837,2143,-54
empty_01,empty,RX02,42.924868,2144,-53
empty_01,empty,RX02,42.947366,2145,-53
empty_01,empty,RX02,42.966782,2146,-53
empty_01,empty,RX02,42.985119,2147,-53
empty_01,empty,RX02,43.006296,2148,-54
empty_01,empty,RX02,43.025678,2149,-54
empty_01,empty,RX02,43.04837,2150,-54
empty_01,empty,RX02,43.066132,2151,-54
empty_01,empty,RX02,43.085145,2152,-54
empty_01,empty,RX02,43.10484,2153,-53
empty_01,empty,RX02,43.126744,2154,-54
empty_01,empty,RX02,43.144824,2155,-54
empty_01,empty,RX02,43.167587,2156,-54
empty_01,empty,RX02,43.189109,2157,-54
empty_01,empty,RX02,43.20484,2158,-54
empty_01,empty,RX02,43.225011,2159,-54
empty_01,empty,RX02,43.245384,2160,-54
empty_01,empty,RX02,43.266938,2161,-54
empty_01,empty,RX02,43.284852,2162,-54
empty_01,empty,RX02,43.304829,2163,-54
empty_01,empty,RX02,43.324956,2164,-54
empty_01,empty,RX02,43.345861,2165,-54
empty_01,empty,RX02,43.369947,2166,-53
empty_01,empty,RX02,43.393912,2167,-53
empty_01,empty,RX02,43.404861,2168,-54
empty_01,empty,RX02,43.424834,2169,-54
empty_01,empty,RX02,43.445115,2170,-54
empty_01,empty,RX02,43.469751,2171,-54
empty_01,empty,RX02,43.486612,2172,-54
empty_01,empty,RX02,43.504838,2173,-54
empty_01,empty,RX02,43.524859,2174,-54
empty_01,empty,RX02,43.545135,2175,-54
empty_01,empty,RX02,43.56536,2176,-54
empty_01,empty,RX02,43.586338,2177,-53
empty_01,empty,RX02,43.606691,2178,-53
empty_01,empty,RX02,43.625394,2179,-54
empty_01,empty,RX02,43.64755,2180,-53
empty_01,empty,RX02,43.664928,2181,-54
empty_01,empty,RX02,43.684854,2182,-53
empty_01,empty,RX02,43.705448,2183,-53
empty_01,empty,RX02,43.724831,2184,-54
empty_01,empty,RX02,43.746558,2185,-54
empty_01,empty,RX02,43.766611,2186,-53
empty_01,empty,RX02,43.786009,2187,-54
empty_01,empty,RX02,43.807188,2188,-54
empty_01,empty,RX02,43.82482,2189,-54
empty_01,empty,RX02,43.844843,2190,-54
empty_01,empty,RX02,43.869023,2191,-54
empty_01,empty,RX02,43.888394,2192,-53
empty_01,empty,RX02,43.904834,2193,-54
empty_01,empty,RX02,43.924865,2194,-53
empty_01,empty,RX02,43.945766,2195,-53
empty_01,empty,RX02,43.964933,2196,-53
empty_01,empty,RX02,43.987166,2197,-54
empty_01,empty,RX02,44.008336,2198,-54
empty_01,empty,RX02,44.024798,2199,-53
empty_01,empty,RX02,44.047585,2200,-54
empty_01,empty,RX02,44.064811,2201,-53
empty_01,empty,RX02,44.086458,2202,-54
empty_01,empty,RX02,44.104984,2203,-54
empty_01,empty,RX02,44.124816,2204,-54
empty_01,empty,RX02,44.144944,2205,-54
empty_01,empty,RX02,44.164817,2206,-53
empty_01,empty,RX02,44.186028,2207,-54
empty_01,empty,RX02,44.205771,2208,-54
empty_01,empty,RX02,44.225583,2209,-54
empty_01,empty,RX02,44.244825,2210,-54
empty_01,empty,RX02,44.267713,2211,-54
empty_01,empty,RX02,44.28845,2212,-54
empty_01,empty,RX02,44.304803,2213,-53
empty_01,empty,RX02,44.327971,2214,-53
empty_01,empty,RX02,44.34522,2215,-54
empty_01,empty,RX02,44.367093,2216,-53
empty_01,empty,RX02,44.390863,2217,-54
empty_01,empty,RX02,44.406756,2218,-54
empty_01,empty,RX02,44.426633,2219,-53
empty_01,empty,RX02,44.447147,2220,-54
empty_01,empty,RX02,44.466745,2221,-54
empty_01,empty,RX02,44.485865,2222,-53
empty_01,empty,RX02,44.504873,2223,-54
empty_01,empty,RX02,44.524807,2224,-54
empty_01,empty,RX02,44.544799,2225,-54
empty_01,empty,RX02,44.564823,2226,-54
empty_01,empty,RX02,44.585828,2227,-54
empty_01,empty,RX02,44.60521,2228,-54
empty_01,empty,RX02,44.624811,2229,-53
empty_01,empty,RX02,44.644811,2230,-54
empty_01,empty,RX02,44.664807,2231,-54
empty_01,empty,RX02,44.686821,2232,-53
empty_01,empty,RX02,44.704809,2233,-53
empty_01,empty,RX02,44.725117,2234,-54
empty_01,empty,RX02,44.747127,2235,-54
empty_01,empty,RX02,44.764807,2236,-54
empty_01,empty,RX02,44.784797,2237,-54
empty_01,empty,RX02,44.804823,2238,-54
empty_01,empty,RX02,44.828347,2239,-53
empty_01,empty,RX02,44.844804,2240,-54
empty_01,empty,RX02,44.866824,2241,-54
empty_01,empty,RX02,44.884828,2242,-54
empty_01,empty,RX02,44.905063,2243,-54
empty_01,empty,RX02,44.924834,2244,-54
empty_01,empty,RX02,44.944783,2245,-53
empty_01,empty,RX02,44.965368,2246,-54
empty_01,empty,RX02,44.987427,2247,-54
empty_01,empty,RX02,45.00666,2248,-54
empty_01,empty,RX02,45.025256,2249,-53
empty_01,empty,RX02,45.044844,2250,-53
empty_01,empty,RX02,45.065791,2251,-54
empty_01,empty,RX02,45.086832,2252,-53
empty_01,empty,RX02,45.107677,2253,-54
empty_01,empty,RX02,45.127872,2254,-54
empty_01,empty,RX02,45.147193,2255,-54
empty_01,empty,RX02,45.164836,2256,-54
empty_01,empty,RX02,45.185592,2257,-54
empty_01,empty,RX02,45.210106,2258,-54
empty_01,empty,RX02,45.227402,2259,-54
empty_01,empty,RX02,45.245816,2260,-54
empty_01,empty,RX02,45.264779,2261,-53
empty_01,empty,RX02,45.285985,2262,-54
empty_01,empty,RX02,45.309448,2263,-53
empty_01,empty,RX02,45.3294,2264,-53
empty_01,empty,RX02,45.351988,2265,-54
empty_01,empty,RX02,45.366257,2266,-54
empty_01,empty,RX02,45.384782,2267,-54
empty_01,empty,RX02,45.405046,2268,-54
empty_01,empty,RX02,45.424775,2269,-54
empty_01,empty,RX02,45.454403,2270,-54
empty_01,empty,RX02,45.464781,2271,-54
empty_01,empty,RX02,45.487616,2272,-54
empty_01,empty,RX02,45.507636,2273,-53
empty_01,empty,RX02,45.527734,2274,-54
empty_01,empty,RX02,45.547487,2275,-54
empty_01,empty,RX02,45.564818,2276,-54
empty_01,empty,RX02,45.584777,2277,-54
empty_01,empty,RX02,45.609853,2278,-54
empty_01,empty,RX02,45.624793,2279,-54
empty_01,empty,RX02,45.646733,2280,-53
empty_01,empty,RX02,45.664787,2281,-54
empty_01,empty,RX02,45.684805,2282,-54
empty_01,empty,RX02,45.704799,2283,-54
empty_01,empty,RX02,45.725505,2284,-54
empty_01,empty,RX02,45.749148,2285,-54
empty_01,empty,RX02,45.765874,2286,-54
empty_01,empty,RX02,45.784793,2287,-54
empty_01,empty,RX02,45.80741,2288,-54
empty_01,empty,RX02,45.844799,2290,-54
empty_01,empty,RX02,45.865601,2291,-54
empty_01,empty,RX02,45.885356,2292,-54
empty_01,empty,RX02,45.904797,2293,-54
empty_01,empty,RX02,45.924802,2294,-54
empty_01,empty,RX02,45.94627,2295,-53
empty_01,empty,RX02,45.966401,2296,-54
empty_01,empty,RX02,45.984787,2297,-54
empty_01,empty,RX02,46.005164,2298,-54
empty_01,empty,RX02,46.031428,2299,-54
empty_01,empty,RX02,46.044799,2300,-54
empty_01,empty,RX02,46.064776,2301,-54
empty_01,empty,RX02,46.084872,2302,-53
empty_01,empty,RX02,46.10757,2303,-54
empty_01,empty,RX02,46.124786,2304,-54
empty_01,empty,RX02,46.144789,2305,-53
empty_01,empty,RX02,46.165399,2306,-53
empty_01,empty,RX02,46.18549,2307,-54
empty_01,empty,RX02,46.209956,2308,-54
empty_01,empty,RX02,46.224779,2309,-54
empty_01,empty,RX02,46.246301,2310,-53
empty_01,empty,RX02,46.268714,2311,-54
empty_01,empty,RX02,46.284774,2312,-54
empty_01,empty,RX02,46.312364,2313,-53
empty_01,empty,RX02,46.325225,2314,-53
empty_01,empty,RX02,46.346067,2315,-53
empty_01,empty,RX02,46.364785,2316,-54
empty_01,empty,RX02,46.384772,2317,-54
empty_01,empty,RX02,46.404787,2318,-54
empty_01,empty,RX02,46.429073,2319,-54
empty_01,empty,RX02,46.444766,2320,-54
empty_01,empty,RX02,46.465958,2321,-54
empty_01,empty,RX02,46.484779,2322,-54
empty_01,empty,RX02,46.504767,2323,-54
empty_01,empty,RX02,46.524802,2324,-54
empty_01,empty,RX02,46.547164,2325,-54
empty_01,empty,RX02,46.568374,2326,-53
empty_01,empty,RX02,46.584769,2327,-54
empty_01,empty,RX02,46.604899,2328,-54
empty_01,empty,RX02,46.62625,2329,-54
empty_01,empty,RX02,46.647659,2330,-54
empty_01,empty,RX02,46.664784,2331,-54
empty_01,empty,RX02,46.684769,2332,-54
empty_01,empty,RX02,46.704771,2333,-54
empty_01,empty,RX02,46.724786,2334,-54
empty_01,empty,RX02,46.746118,2335,-53
empty_01,empty,RX02,46.765125,2336,-54
empty_01,empty,RX02,46.78564,2337,-53
empty_01,empty,RX02,46.806629,2338,-54
empty_01,empty,RX02,46.825697,2339,-53
empty_01,empty,RX02,46.847016,2340,-54
empty_01,empty,RX02,46.867321,2341,-54
empty_01,empty,RX02,46.884772,2342,-53
empty_01,empty,RX02,46.904758,2343,-53
empty_01,empty,RX02,46.926492,2344,-53
empty_01,empty,RX02,46.966429,2346,-54
empty_01,empty,RX02,46.990432,2347,-54
empty_01,empty,RX02,47.004768,2348,-54
empty_01,empty,RX02,47.026784,2349,-53
empty_01,empty,RX02,47.044764,2350,-53
empty_01,empty,RX02,47.067106,2351,-53
empty_01,empty,RX02,47.084881,2352,-54
empty_01,empty,RX02,47.104762,2353,-54
empty_01,empty,RX02,47.129189,2354,-54
empty_01,empty,RX02,47.14555,2355,-53
empty_01,empty,RX02,47.165266,2356,-54
empty_01,empty,RX02,47.187416,2357,-53
empty_01,empty,RX02,47.204775,2358,-53
empty_01,empty,RX02,47.226514,2359,-54
empty_01,empty,RX02,47.247887,2360,-53
empty_01,empty,RX02,47.264821,2361,-54
empty_01,empty,RX02,47.285163,2362,-53
empty_01,empty,RX02,47.30476,2363,-53
empty_01,empty,RX02,47.325658,2364,-53
empty_01,empty,RX02,47.344752,2365,-53
empty_01,empty,RX02,47.366094,2366,-54
empty_01,empty,RX02,47.38757,2367,-54
empty_01,empty,RX02,47.404771,2368,-54
empty_01,empty,RX02,47.424742,2369,-54
empty_01,empty,RX02,47.446581,2370,-54
empty_01,empty,RX02,47.466495,2371,-53
empty_01,empty,RX02,47.489967,2372,-54
empty_01,empty,RX02,47.504736,2373,-54
empty_01,empty,RX02,47.528662,2374,-54
empty_01,empty,RX02,47.549637,2375,-53
empty_01,empty,RX02,47.567167,2376,-54
empty_01,empty,RX02,47.584877,2377,-54
empty_01,empty,RX02,47.604896,2378,-54
empty_01,empty,RX02,47.625848,2379,-54
empty_01,empty,RX02,47.64476,2380,-54
empty_01,empty,RX02,47.669572,2381,-54
empty_01,empty,RX02,47.69477,2382,-53
empty_01,empty,RX02,47.707245,2383,-54
empty_01,empty,RX02,47.725155,2384,-53
empty_01,empty,RX02,47.745985,2385,-54
empty_01,empty,RX02,47.76864,2386,-54
empty_01,empty,RX02,47.784736,2387,-54
empty_01,empty,RX02,47.804881,2388,-53
empty_01,empty,RX02,47.824755,2389,-53
empty_01,empty,RX02,47.848382,2390,-54
empty_01,empty,RX02,47.871032,2391,-53
empty_01,empty,RX02,47.884764,2392,-54
empty_01,empty,RX02,47.907144,2393,-54
empty_01,empty,RX02,47.926333,2394,-54
empty_01,empty,RX02,47.95078,2395,-54
empty_01,empty,RX02,47.964751,2396,-54
empty_01,empty,RX02,47.984729,2397,-54
empty_01,empty,RX02,48.007826,2398,-54
empty_01,empty,RX02,48.024723,2399,-54
empty_01,empty,RX02,48.053195,2400,-53
empty_01,empty,RX02,48.066063,2401,-54
empty_01,empty,RX02,48.086905,2402,-54
empty_01,empty,RX02,48.104723,2403,-54
empty_01,empty,RX02,48.12475,2404,-54
empty_01,empty,RX02,48.147942,2405,-54
empty_01,empty,RX02,48.168501,2406,-54
empty_01,empty,RX02,48.184753,2407,-54
empty_01,empty,RX02,48.206795,2408,-54
empty_01,empty,RX02,48.224726,2409,-54
empty_01,empty,RX02,48.244743,2410,-54
empty_01,empty,RX02,48.267065,2411,-54
empty_01,empty,RX02,48.288653,2412,-54
empty_01,empty,RX02,48.309192,2413,-53
empty_01,empty,RX02,48.32474,2414,-54
empty_01,empty,RX02,48.344713,2415,-54
empty_01,empty,RX02,48.367089,2416,-53
empty_01,empty,RX02,48.384875,2417,-53
empty_01,empty,RX02,48.404758,2418,-54
empty_01,empty,RX02,48.42622,2419,-54
empty_01,empty,RX02,48.444729,2420,-54
empty_01,empty,RX02,48.46474,2421,-53
empty_01,empty,RX02,48.487332,2422,-54
empty_01,empty,RX02,48.504712,2423,-53
empty_01,empty,RX02,48.526493,2424,-54
empty_01,empty,RX02,48.544738,2425,-54
empty_01,empty,RX02,48.56519,2426,-54
empty_01,empty,RX02,48.591501,2427,-53
empty_01,empty,RX02,48.60497,2428,-54
empty_01,empty,RX02,48.625646,2429,-54
empty_01,empty,RX02,48.644725,2430,-54
empty_01,empty,RX02,48.667601,2431,-53
empty_01,empty,RX02,48.694578,2432,-53
empty_01,empty,RX02,48.707786,2433,-53
empty_01,empty,RX02,48.724726,2434,-53
empty_01,empty,RX02,48.744716,2435,-54
empty_01,empty,RX02,48.770007,2436,-53
empty_01,empty,RX02,48.78525,2437,-54
empty_01,empty,RX02,48.806986,2438,-54
empty_01,empty,RX02,48.827349,2439,-54
empty_01,empty,RX02,48.844752,2440,-54
empty_01,empty,RX02,48.864735,2441,-53
empty_01,empty,RX02,48.885308,2442,-54
empty_01,empty,RX02,48.906101,2443,-53
empty_01,empty,RX02,48.924737,2444,-54
empty_01,empty,RX02,48.944735,2445,-54
empty_01,empty,RX02,48.96475,2446,-54
empty_01,empty,RX02,48.987679,2447,-54
empty_01,empty,RX02,49.004741,2448,-54
empty_01,empty,RX02,49.02602,2449,-53
empty_01,empty,RX02,49.044725,2450,-54
empty_01,empty,RX02,49.065344,2451,-54
empty_01,empty,RX02,49.084961,2452,-53
empty_01,empty,RX02,49.110906,2453,-54
empty_01,empty,RX02,49.128431,2454,-54
empty_01,empty,RX02,49.14471,2455,-53
empty_01,empty,RX02,49.164748,2456,-54
empty_01,empty,RX02,49.184729,2457,-53
empty_01,empty,RX02,49.206127,2458,-53
empty_01,empty,RX02,49.230809,2459,-54
empty_01,empty,RX02,49.244876,2460,-54
empty_01,empty,RX02,49.264709,2461,-53
empty_01,empty,RX02,49.284729,2462,-54
empty_01,empty,RX02,49.306383,2463,-54
empty_01,empty,RX02,49.325935,2464,-53
empty_01,empty,RX02,49.34568,2465,-53
empty_01,empty,RX02,49.366708,2466,-53
empty_01,empty,RX02,49.38609,2467,-54
empty_01,empty,RX02,49.408592,2468,-54
empty_01,empty,RX02,49.427001,2469,-54
empty_01,empty,RX02,49.444721,2470,-54
empty_01,empty,RX02,49.469116,2471,-54
empty_01,empty,RX02,49.486809,2472,-54
empty_01,empty,RX02,49.510969,2473,-54
empty_01,empty,RX02,49.526883,2474,-54
empty_01,empty,RX02,49.546918,2475,-53
empty_01,empty,RX02,49.565513,2476,-53
empty_01,empty,RX02,49.589224,2477,-54
empty_01,empty,RX02,49.613389,2478,-54
empty_01,empty,RX02,49.624701,2479,-54
empty_01,empty,RX02,49.647801,2480,-54
empty_01,empty,RX02,49.66472,2481,-54
empty_01,empty,RX02,49.684974,2482,-54
empty_01,empty,RX02,49.704701,2483,-54
empty_01,empty,RX02,49.725341,2484,-54
empty_01,empty,RX02,49.746393,2485,-53
empty_01,empty,RX02,49.764709,2486,-54
empty_01,empty,RX02,49.786566,2487,-54
empty_01,empty,RX02,49.806927,2488,-53
empty_01,empty,RX02,49.824816,2489,-54
empty_01,empty,RX02,49.845232,2490,-54
empty_01,empty,RX02,49.864684,2491,-54
empty_01,empty,RX02,49.884943,2492,-54
empty_01,empty,RX02,49.906087,2493,-53
empty_01,empty,RX02,49.924709,2494,-54
empty_01,empty,RX02,49.947621,2495,-54
empty_01,empty,RX02,49.964718,2496,-54
empty_01,empty,RX02,49.984747,2497,-54
walk_01,walk_cross_link,RX01,10.014025,501,-50
walk_01,walk_cross_link,RX01,10.035268,502,-50
walk_01,walk_cross_link,RX01,10.055011,503,-50
walk_01,walk_cross_link,RX01,10.074334,504,-50
walk_01,walk_cross_link,RX01,10.095241,505,-50
walk_01,walk_cross_link,RX01,10.116413,506,-49
walk_01,walk_cross_link,RX01,10.137677,507,-49
walk_01,walk_cross_link,RX01,10.157202,508,-49
walk_01,walk_cross_link,RX01,10.173682,509,-49
walk_01,walk_cross_link,RX01,10.193741,510,-50
walk_01,walk_cross_link,RX01,10.213681,511,-50
walk_01,walk_cross_link,RX01,10.240081,512,-50
walk_01,walk_cross_link,RX01,10.254429,513,-50
walk_01,walk_cross_link,RX01,10.273692,514,-49
walk_01,walk_cross_link,RX01,10.29367,515,-49
walk_01,walk_cross_link,RX01,10.31368,516,-50
walk_01,walk_cross_link,RX01,10.334636,517,-49
walk_01,walk_cross_link,RX01,10.354724,518,-49
walk_01,walk_cross_link,RX01,10.374802,519,-49
walk_01,walk_cross_link,RX01,10.393665,520,-49
walk_01,walk_cross_link,RX01,10.415216,521,-49
walk_01,walk_cross_link,RX01,10.433682,522,-50
walk_01,walk_cross_link,RX01,10.453668,523,-50
walk_01,walk_cross_link,RX01,10.477185,524,-50
walk_01,walk_cross_link,RX01,10.493699,525,-50
walk_01,walk_cross_link,RX01,10.514207,526,-50
walk_01,walk_cross_link,RX01,10.539437,527,-50
walk_01,walk_cross_link,RX01,10.556201,528,-50
walk_01,walk_cross_link,RX01,10.576555,529,-50
walk_01,walk_cross_link,RX01,10.593673,530,-50
walk_01,walk_cross_link,RX01,10.618631,531,-50
walk_01,walk_cross_link,RX01,10.634288,532,-50
walk_01,walk_cross_link,RX01,10.654215,533,-50
walk_01,walk_cross_link,RX01,10.673673,534,-50
walk_01,walk_cross_link,RX01,10.693674,535,-50
walk_01,walk_cross_link,RX01,10.713684,536,-49
walk_01,walk_cross_link,RX01,10.736698,537,-50
walk_01,walk_cross_link,RX01,10.756638,538,-50
walk_01,walk_cross_link,RX01,10.773811,539,-50
walk_01,walk_cross_link,RX01,10.795009,540,-50
walk_01,walk_cross_link,RX01,10.815315,541,-50
walk_01,walk_cross_link,RX01,10.839092,542,-50
walk_01,walk_cross_link,RX01,10.854479,543,-50
walk_01,walk_cross_link,RX01,10.875439,544,-50
walk_01,walk_cross_link,RX01,10.89367,545,-50
walk_01,walk_cross_link,RX01,10.917738,546,-50
walk_01,walk_cross_link,RX01,10.935626,547,-50
walk_01,walk_cross_link,RX01,10.95687,548,-50
walk_01,walk_cross_link,RX01,10.973674,549,-50
walk_01,walk_cross_link,RX01,10.996603,550,-50
walk_01,walk_cross_link,RX01,11.013658,551,-50
walk_01,walk_cross_link,RX01,11.03364,552,-49
walk_01,walk_cross_link,RX01,11.057178,553,-50
walk_01,walk_cross_link,RX01,11.075762,554,-50
walk_01,walk_cross_link,RX01,11.094585,555,-50
walk_01,walk_cross_link,RX01,11.114355,556,-50
walk_01,walk_cross_link,RX01,11.136626,557,-50
walk_01,walk_cross_link,RX01,11.153818,558,-50
walk_01,walk_cross_link,RX01,11.173944,559,-50
walk_01,walk_cross_link,RX01,11.193663,560,-49
walk_01,walk_cross_link,RX01,11.216769,561,-50
walk_01,walk_cross_link,RX01,11.233668,562,-50
walk_01,walk_cross_link,RX01,11.256231,563,-50
walk_01,walk_cross_link,RX01,11.276462,564,-50
walk_01,walk_cross_link,RX01,11.298114,565,-50
walk_01,walk_cross_link,RX01,11.313664,566,-50
walk_01,walk_cross_link,RX01,11.335332,567,-50
walk_01,walk_cross_link,RX01,11.358628,568,-50
walk_01,walk_cross_link,RX01,11.376066,569,-50
walk_01,walk_cross_link,RX01,11.398797,570,-50
walk_01,walk_cross_link,RX01,11.413655,571,-50
walk_01,walk_cross_link,RX01,11.433657,572,-50
walk_01,walk_cross_link,RX01,11.456281,573,-50
walk_01,walk_cross_link,RX01,11.473667,574,-50
walk_01,walk_cross_link,RX01,11.501217,575,-50
walk_01,walk_cross_link,RX01,11.513648,576,-50
walk_01,walk_cross_link,RX01,11.534078,577,-50
walk_01,walk_cross_link,RX01,11.555925,578,-50
walk_01,walk_cross_link,RX01,11.575841,579,-50
walk_01,walk_cross_link,RX01,11.597882,580,-50
walk_01,walk_cross_link,RX01,11.6142,581,-50
walk_01,walk_cross_link,RX01,11.634554,582,-50
walk_01,walk_cross_link,RX01,11.653632,583,-50
walk_01,walk_cross_link,RX01,11.675048,584,-50
walk_01,walk_cross_link,RX01,11.696125,585,-50
walk_01,walk_cross_link,RX01,11.716614,586,-50
walk_01,walk_cross_link,RX01,11.733636,587,-50
walk_01,walk_cross_link,RX01,11.754841,588,-50
walk_01,walk_cross_link,RX01,11.776103,589,-50
walk_01,walk_cross_link,RX01,11.793634,590,-50
walk_01,walk_cross_link,RX01,11.815495,591,-50
walk_01,walk_cross_link,RX01,11.83451,592,-49
walk_01,walk_cross_link,RX01,11.857227,593,-49
walk_01,walk_cross_link,RX01,11.876372,594,-49
walk_01,walk_cross_link,RX01,11.897274,595,-50
walk_01,walk_cross_link,RX01,11.914929,596,-50
walk_01,walk_cross_link,RX01,11.935555,597,-50
walk_01,walk_cross_link,RX01,11.953619,598,-51
walk_01,walk_cross_link,RX01,11.973629,599,-50
walk_01,walk_cross_link,RX01,11.998298,600,-50
walk_01,walk_cross_link,RX01,12.013616,601,-50
walk_01,walk_cross_link,RX01,12.038084,602,-50
walk_01,walk_cross_link,RX01,12.055058,603,-50
walk_01,walk_cross_link,RX01,12.075413,604,-50
walk_01,walk_cross_link,RX01,12.095607,605,-50
walk_01,walk_cross_link,RX01,12.115055,606,-49
walk_01,walk_cross_link,RX01,12.135642,607,-50
walk_01,walk_cross_link,RX01,12.158705,608,-50
walk_01,walk_cross_link,RX01,12.1736,609,-50
walk_01,walk_cross_link,RX01,12.193631,610,-50
walk_01,walk_cross_link,RX01,12.218016,611,-50
walk_01,walk_cross_link,RX01,12.233632,612,-50
walk_01,walk_cross_link,RX01,12.254203,613,-50
walk_01,walk_cross_link,RX01,12.273609,614,-50
walk_01,walk_cross_link,RX01,12.29479,615,-49
walk_01,walk_cross_link,RX01,12.314129,616,-49
walk_01,walk_cross_link,RX01,12.333622,617,-49
walk_01,walk_cross_link,RX01,12.356196,618,-49
walk_01,walk_cross_link,RX01,12.375124,619,-49
walk_01,walk_cross_link,RX01,12.395056,620,-49
walk_01,walk_cross_link,RX01,12.413622,621,-49
walk_01,walk_cross_link,RX01,12.433625,622,-49
walk_01,walk_cross_link,RX01,12.453741,623,-49
walk_01,walk_cross_link,RX01,12.474229,624,-49
walk_01,walk_cross_link,RX01,12.493592,625,-48
walk_01,walk_cross_link,RX01,12.513736,626,-49
walk_01,walk_cross_link,RX01,12.535813,627,-49
walk_01,walk_cross_link,RX01,12.553614,628,-49
walk_01,walk_cross_link,RX01,12.574037,629,-48
walk_01,walk_cross_link,RX01,12.595057,630,-49
walk_01,walk_cross_link,RX01,12.621783,631,-49
walk_01,walk_cross_link,RX01,12.634792,632,-50
walk_01,walk_cross_link,RX01,12.654388,633,-51
walk_01,walk_cross_link,RX01,12.676446,634,-51
walk_01,walk_cross_link,RX01,12.698014,635,-52
walk_01,walk_cross_link,RX01,12.713605,636,-52
walk_01,walk_cross_link,RX01,12.733605,637,-52
walk_01,walk_cross_link,RX01,12.753976,638,-52
walk_01,walk_cross_link,RX01,12.77359,639,-52
walk_01,walk_cross_link,RX01,12.793902,640,-52
walk_01,walk_cross_link,RX01,12.814796,641,-52
walk_01,walk_cross_link,RX01,12.83374,642,-52
walk_01,walk_cross_link,RX01,12.853577,643,-52
walk_01,walk_cross_link,RX01,12.874508,644,-52
walk_01,walk_cross_link,RX01,12.894649,645,-51
walk_01,walk_cross_link,RX01,12.915074,646,-51
walk_01,walk_cross_link,RX01,12.935506,647,-51
walk_01,walk_cross_link,RX01,12.953583,648,-51
walk_01,walk_cross_link,RX01,12.973575,649,-51
walk_01,walk_cross_link,RX01,13.013781,651,-52
walk_01,walk_cross_link,RX01,13.033604,652,-52
walk_01,walk_cross_link,RX01,13.053571,653,-51
walk_01,walk_cross_link,RX01,13.075651,654,-52
walk_01,walk_cross_link,RX01,13.093645,655,-52
walk_01,walk_cross_link,RX01,13.113884,656,-52
walk_01,walk_cross_link,RX01,13.133887,657,-53
walk_01,walk_cross_link,RX01,13.1536,658,-53
walk_01,walk_cross_link,RX01,13.173574,659,-53
walk_01,walk_cross_link,RX01,13.193614,660,-54
walk_01,walk_cross_link,RX01,13.214209,661,-53
walk_01,walk_cross_link,RX01,13.235907,662,-54
walk_01,walk_cross_link,RX01,13.253639,663,-55
walk_01,walk_cross_link,RX01,13.27397,664,-55
walk_01,walk_cross_link,RX01,13.296041,665,-57
walk_01,walk_cross_link,RX01,13.31664,666,-57
walk_01,walk_cross_link,RX01,13.335331,667,-55
walk_01,walk_cross_link,RX01,13.355017,668,-56
walk_01,walk_cross_link,RX01,13.375368,669,-55
walk_01,walk_cross_link,RX01,13.395659,670,-55
walk_01,walk_cross_link,RX01,13.415269,671,-55
walk_01,walk_cross_link,RX01,13.434772,672,-55
walk_01,walk_cross_link,RX01,13.453568,673,-55
walk_01,walk_cross_link,RX01,13.473581,674,-55
walk_01,walk_cross_link,RX01,13.495615,675,-56
walk_01,walk_cross_link,RX01,13.515688,676,-56
walk_01,walk_cross_link,RX01,13.533556,677,-56
walk_01,walk_cross_link,RX01,13.554763,678,-56
walk_01,walk_cross_link,RX01,13.574129,679,-57
walk_01,walk_cross_link,RX01,13.598159,680,-57
walk_01,walk_cross_link,RX01,13.619314,681,-57
walk_01,walk_cross_link,RX01,13.635314,682,-57
walk_01,walk_cross_link,RX01,13.654819,683,-56
walk_01,walk_cross_link,RX01,13.67438,684,-56
walk_01,walk_cross_link,RX01,13.69357,685,-56
walk_01,walk_cross_link,RX01,13.713835,686,-56
walk_01,walk_cross_link,RX01,13.733965,687,-56
walk_01,walk_cross_link,RX01,13.754011,688,-57
walk_01,walk_cross_link,RX01,13.776754,689,-55
walk_01,walk_cross_link,RX01,13.793576,690,-55
walk_01,walk_cross_link,RX01,13.816344,691,-55
walk_01,walk_cross_link,RX01,13.833838,692,-55
walk_01,walk_cross_link,RX01,13.856407,693,-56
walk_01,walk_cross_link,RX01,13.873558,694,-54
walk_01,walk_cross_link,RX01,13.89594,695,-55
walk_01,walk_cross_link,RX01,13.914053,696,-54
walk_01,walk_cross_link,RX01,13.933554,697,-54
walk_01,walk_cross_link,RX01,13.9588,698,-53
walk_01,walk_cross_link,RX01,13.973557,699,-54
walk_01,walk_cross_link,RX01,13.993586,700,-54
walk_01,walk_cross_link,RX01,14.013692,701,-53
walk_01,walk_cross_link,RX01,14.033699,702,-54
walk_01,walk_cross_link,RX01,14.054471,703,-54
walk_01,walk_cross_link,RX01,14.073543,704,-53
walk_01,walk_cross_link,RX01,14.095123,705,-52
walk_01,walk_cross_link,RX01,14.116073,706,-51
walk_01,walk_cross_link,RX01,14.135809,707,-51
walk_01,walk_cross_link,RX01,14.155675,708,-51
walk_01,walk_cross_link,RX01,14.174226,709,-52
walk_01,walk_cross_link,RX01,14.194524,710,-52
walk_01,walk_cross_link,RX01,14.213596,711,-52
walk_01,walk_cross_link,RX01,14.23356,712,-52
walk_01,walk_cross_link,RX01,14.253611,713,-52
walk_01,walk_cross_link,RX01,14.276631,714,-52
walk_01,walk_cross_link,RX01,14.293958,715,-52
walk_01,walk_cross_link,RX01,14.314829,716,-52
walk_01,walk_cross_link,RX01,14.337551,717,-52
walk_01,walk_cross_link,RX01,14.355102,718,-52
walk_01,walk_cross_link,RX01,14.37369,719,-53
walk_01,walk_cross_link,RX01,14.394287,720,-53
walk_01,walk_cross_link,RX01,14.413584,721,-53
walk_01,walk_cross_link,RX01,14.435386,722,-53
walk_01,walk_cross_link,RX01,14.473527,724,-52
walk_01,walk_cross_link,RX01,14.493586,725,-52
walk_01,walk_cross_link,RX01,14.515096,726,-52
walk_01,walk_cross_link,RX01,14.535077,727,-52
walk_01,walk_cross_link,RX01,14.553549,728,-51
walk_01,walk_cross_link,RX01,14.574118,729,-51
walk_01,walk_cross_link,RX01,14.593869,730,-51
walk_01,walk_cross_link,RX01,14.614744,731,-50
walk_01,walk_cross_link,RX01,14.635454,732,-50
walk_01,walk_cross_link,RX01,14.655558,733,-50
walk_01,walk_cross_link,RX01,14.674964,734,-49
walk_01,walk_cross_link,RX01,14.693525,735,-49
walk_01,walk_cross_link,RX01,14.713553,736,-49
walk_01,walk_cross_link,RX01,14.733521,737,-49
walk_01,walk_cross_link,RX01,14.757233,738,-49
walk_01,walk_cross_link,RX01,14.773532,739,-50
walk_01,walk_cross_link,RX01,14.793527,740,-50
walk_01,walk_cross_link,RX01,14.816058,741,-50
walk_01,walk_cross_link,RX01,14.834183,742,-50
walk_01,walk_cross_link,RX01,14.856041,743,-50
walk_01,walk_cross_link,RX01,14.873762,744,-50
walk_01,walk_cross_link,RX01,14.894205,745,-50
walk_01,walk_cross_link,RX01,14.918072,746,-50
walk_01,walk_cross_link,RX01,14.935178,747,-50
walk_01,walk_cross_link,RX01,14.955075,748,-50
walk_01,walk_cross_link,RX01,14.976059,749,-50
walk_01,walk_cross_link,RX01,14.993506,750,-50
walk_01,walk_cross_link,RX01,15.01356,751,-49
walk_01,walk_cross_link,RX01,15.033528,752,-50
walk_01,walk_cross_link,RX01,15.053523,753,-50
walk_01,walk_cross_link,RX01,15.07447,754,-50
walk_01,walk_cross_link,RX01,15.095844,755,-50
walk_01,walk_cross_link,RX01,15.11384,756,-50
walk_01,walk_cross_link,RX01,15.134031,757,-50
walk_01,walk_cross_link,RX01,15.155312,758,-50
walk_01,walk_cross_link,RX01,15.175662,759,-50
walk_01,walk_cross_link,RX01,15.198344,760,-50
walk_01,walk_cross_link,RX01,15.213519,761,-50
walk_01,walk_cross_link,RX01,15.236445,762,-50
walk_01,walk_cross_link,RX01,15.257755,763,-50
walk_01,walk_cross_link,RX01,15.275426,764,-50
walk_01,walk_cross_link,RX01,15.300645,765,-50
walk_01,walk_cross_link,RX01,15.313503,766,-50
walk_01,walk_cross_link,RX01,15.333506,767,-50
walk_01,walk_cross_link,RX01,15.353511,768,-50
walk_01,walk_cross_link,RX01,15.373677,769,-50
walk_01,walk_cross_link,RX01,15.395633,770,-49
walk_01,walk_cross_link,RX01,15.415166,771,-49
walk_01,walk_cross_link,RX01,15.43646,772,-49
walk_01,walk_cross_link,RX01,15.454635,773,-49
walk_01,walk_cross_link,RX01,15.475067,774,-49
walk_01,walk_cross_link,RX01,15.494812,775,-49
walk_01,walk_cross_link,RX01,15.51349,776,-50
walk_01,walk_cross_link,RX01,15.533484,777,-50
walk_01,walk_cross_link,RX01,15.557041,778,-50
walk_01,walk_cross_link,RX01,15.577157,779,-50
walk_01,walk_cross_link,RX01,15.613493,781,-50
walk_01,walk_cross_link,RX01,15.634253,782,-50
walk_01,walk_cross_link,RX01,15.654481,783,-50
walk_01,walk_cross_link,RX01,15.673519,784,-50
walk_01,walk_cross_link,RX01,15.699613,785,-49
walk_01,walk_cross_link,RX01,15.713488,786,-50
walk_01,walk_cross_link,RX01,15.733644,787,-50
walk_01,walk_cross_link,RX01,15.754402,788,-49
walk_01,walk_cross_link,RX01,15.774235,789,-49
walk_01,walk_cross_link,RX01,15.793675,790,-50
walk_01,walk_cross_link,RX01,15.813481,791,-49
walk_01,walk_cross_link,RX01,15.835645,792,-49
walk_01,walk_cross_link,RX01,15.853532,793,-49
walk_01,walk_cross_link,RX01,15.876612,794,-49
walk_01,walk_cross_link,RX01,15.893806,795,-50
walk_01,walk_cross_link,RX01,15.915072,796,-49
walk_01,walk_cross_link,RX01,15.938291,797,-50
walk_01,walk_cross_link,RX01,15.953554,798,-50
walk_01,walk_cross_link,RX01,15.974556,799,-50
walk_01,walk_cross_link,RX01,15.993493,800,-50
walk_01,walk_cross_link,RX01,16.017444,801,-50
walk_01,walk_cross_link,RX01,16.033491,802,-50
walk_01,walk_cross_link,RX01,16.055627,803,-50
walk_01,walk_cross_link,RX01,16.076961,804,-50
walk_01,walk_cross_link,RX01,16.09368,805,-50
walk_01,walk_cross_link,RX01,16.116858,806,-50
walk_01,walk_cross_link,RX01,16.133476,807,-50
walk_01,walk_cross_link,RX01,16.153618,808,-50
walk_01,walk_cross_link,RX01,16.173609,809,-50
walk_01,walk_cross_link,RX01,16.193641,810,-50
walk_01,walk_cross_link,RX01,16.213472,811,-50
walk_01,walk_cross_link,RX01,16.234348,812,-49
walk_01,walk_cross_link,RX01,16.254202,813,-50
walk_01,walk_cross_link,RX01,16.273866,814,-49
walk_01,walk_cross_link,RX01,16.293981,815,-49
walk_01,walk_cross_link,RX01,16.313997,816,-49
walk_01,walk_cross_link,RX01,16.333478,817,-50
walk_01,walk_cross_link,RX01,16.353474,818,-49
walk_01,walk_cross_link,RX01,16.376263,819,-49
walk_01,walk_cross_link,RX01,16.394739,820,-49
walk_01,walk_cross_link,RX01,16.413523,821,-50
walk_01,walk_cross_link,RX01,16.433464,822,-49
walk_01,walk_cross_link,RX01,16.453996,823,-49
walk_01,walk_cross_link,RX01,16.474784,824,-49
walk_01,walk_cross_link,RX01,16.4985,825,-50
walk_01,walk_cross_link,RX01,16.513465,826,-49
walk_01,walk_cross_link,RX01,16.533456,827,-49
walk_01,walk_cross_link,RX01,16.553599,828,-49
walk_01,walk_cross_link,RX01,16.573651,829,-49
walk_01,walk_cross_link,RX01,16.593611,830,-49
walk_01,walk_cross_link,RX01,16.614608,831,-49
walk_01,walk_cross_link,RX01,16.633472,832,-49
walk_01,walk_cross_link,RX01,16.653862,833,-49
walk_01,walk_cross_link,RX01,16.673466,834,-50
walk_01,walk_cross_link,RX01,16.695835,835,-49
walk_01,walk_cross_link,RX01,16.715502,836,-50
walk_01,walk_cross_link,RX01,16.73423,837,-49
walk_01,walk_cross_link,RX01,16.754556,838,-50
walk_01,walk_cross_link,RX01,16.773768,839,-50
walk_01,walk_cross_link,RX01,16.793716,840,-49
walk_01,walk_cross_link,RX01,16.814762,841,-50
walk_01,walk_cross_link,RX01,16.833463,842,-50
walk_01,walk_cross_link,RX01,16.8536,843,-50
walk_01,walk_cross_link,RX01,16.87485,844,-49
walk_01,walk_cross_link,RX01,16.894037,845,-49
walk_01,walk_cross_link,RX01,16.914168,846,-49
walk_01,walk_cross_link,RX01,16.936169,847,-49
walk_01,walk_cross_link,RX01,16.953462,848,-49
walk_01,walk_cross_link,RX01,16.97345,849,-49
walk_01,walk_cross_link,RX01,16.99856,850,-49
walk_01,walk_cross_link,RX01,17.013707,851,-49
walk_01,walk_cross_link,RX01,17.035282,852,-50
walk_01,walk_cross_link,RX01,17.05357,853,-49
walk_01,walk_cross_link,RX01,17.073442,854,-50
walk_01,walk_cross_link,RX01,17.100956,855,-50
walk_01,walk_cross_link,RX01,17.113461,856,-49
walk_01,walk_cross_link,RX01,17.133995,857,-50
walk_01,walk_cross_link,RX01,17.153457,858,-50
walk_01,walk_cross_link,RX01,17.174706,859,-49
walk_01,walk_cross_link,RX01,17.195444,860,-49
walk_01,walk_cross_link,RX01,17.215576,861,-50
walk_01,walk_cross_link,RX01,17.234295,862,-49
walk_01,walk_cross_link,RX01,17.253517,863,-50
walk_01,walk_cross_link,RX01,17.273442,864,-50
walk_01,walk_cross_link,RX01,17.293422,865,-50
walk_01,walk_cross_link,RX01,17.31799,866,-50
walk_01,walk_cross_link,RX01,17.335552,867,-50
walk_01,walk_cross_link,RX01,17.353467,868,-50
walk_01,walk_cross_link,RX01,17.37351,869,-50
walk_01,walk_cross_link,RX01,17.39519,870,-49
walk_01,walk_cross_link,RX01,17.414707,871,-49
walk_01,walk_cross_link,RX01,17.434309,872,-50
walk_01,walk_cross_link,RX01,17.45341,873,-49
walk_01,walk_cross_link,RX01,17.474277,874,-50
walk_01,walk_cross_link,RX01,17.497685,875,-50
walk_01,walk_cross_link,RX01,17.515011,876,-49
walk_01,walk_cross_link,RX01,17.536007,877,-49
walk_01,walk_cross_link,RX01,17.553456,878,-49
walk_01,walk_cross_link,RX01,17.573765,879,-49
walk_01,walk_cross_link,RX01,17.593433,880,-49
walk_01,walk_cross_link,RX01,17.613438,881,-49
walk_01,walk_cross_link,RX01,17.635773,882,-50
walk_01,walk_cross_link,RX01,17.655836,883,-49
walk_01,walk_cross_link,RX01,17.677641,884,-50
walk_01,walk_cross_link,RX01,17.694101,885,-50
walk_01,walk_cross_link,RX01,17.715366,886,-50
walk_01,walk_cross_link,RX01,17.733413,887,-50
walk_01,walk_cross_link,RX01,17.75357,888,-50
walk_01,walk_cross_link,RX01,17.773814,889,-50
walk_01,walk_cross_link,RX01,17.798813,890,-50
walk_01,walk_cross_link,RX01,17.813414,891,-50
walk_01,walk_cross_link,RX01,17.833406,892,-49
walk_01,walk_cross_link,RX01,17.860645,893,-49
walk_01,walk_cross_link,RX01,17.873431,894,-49
walk_01,walk_cross_link,RX01,17.893422,895,-50
walk_01,walk_cross_link,RX01,17.920279,896,-50
walk_01,walk_cross_link,RX01,17.933418,897,-50
walk_01,walk_cross_link,RX01,17.953882,898,-50
walk_01,walk_cross_link,RX01,17.975161,899,-50
walk_01,walk_cross_link,RX01,17.99416,900,-50
walk_01,walk_cross_link,RX01,18.014662,901,-50
walk_01,walk_cross_link,RX01,18.033493,902,-50
walk_01,walk_cross_link,RX01,18.05482,903,-50
walk_01,walk_cross_link,RX01,18.073406,904,-50
walk_01,walk_cross_link,RX01,18.093415,905,-50
walk_01,walk_cross_link,RX01,18.11386,906,-50
walk_01,walk_cross_link,RX01,18.138148,907,-50
walk_01,walk_cross_link,RX01,18.154329,908,-49
walk_01,walk_cross_link,RX01,18.173399,909,-50
walk_01,walk_cross_link,RX01,18.193711,910,-50
walk_01,walk_cross_link,RX01,18.21341,911,-50
walk_01,walk_cross_link,RX01,18.233698,912,-50
walk_01,walk_cross_link,RX01,18.253608,913,-50
walk_01,walk_cross_link,RX01,18.273392,914,-50
walk_01,walk_cross_link,RX01,18.29467,915,-50
walk_01,walk_cross_link,RX01,18.313396,916,-50
walk_01,walk_cross_link,RX01,18.334207,917,-50
walk_01,walk_cross_link,RX01,18.353419,918,-50
walk_01,walk_cross_link,RX01,18.373404,919,-50
walk_01,walk_cross_link,RX01,18.393398,920,-49
walk_01,walk_cross_link,RX01,18.413989,921,-49
walk_01,walk_cross_link,RX01,18.438102,922,-49
walk_01,walk_cross_link,RX01,18.453761,923,-49
walk_01,walk_cross_link,RX01,18.475044,924,-49
walk_01,walk_cross_link,RX01,18.495362,925,-49
walk_01,walk_cross_link,RX01,18.515692,926,-49
walk_01,walk_cross_link,RX01,18.53366,927,-49
walk_01,walk_cross_link,RX01,18.555384,928,-50
walk_01,walk_cross_link,RX01,18.573398,929,-50
walk_01,walk_cross_link,RX01,18.593408,930,-50
walk_01,walk_cross_link,RX01,18.615649,931,-49
walk_01,walk_cross_link,RX01,18.634847,932,-49
walk_01,walk_cross_link,RX01,18.655174,933,-49
walk_01,walk_cross_link,RX01,18.679849,934,-49
walk_01,walk_cross_link,RX01,18.693376,935,-50
walk_01,walk_cross_link,RX01,18.713403,936,-50
walk_01,walk_cross_link,RX01,18.733391,937,-50
walk_01,walk_cross_link,RX01,18.75384,938,-50
walk_01,walk_cross_link,RX01,18.774963,939,-50
walk_01,walk_cross_link,RX01,18.794365,940,-49
walk_01,walk_cross_link,RX01,18.813389,941,-50
walk_01,walk_cross_link,RX01,18.83387,942,-50
walk_01,walk_cross_link,RX01,18.853972,943,-49
walk_01,walk_cross_link,RX01,18.874021,944,-50
walk_01,walk_cross_link,RX01,18.896752,945,-49
walk_01,walk_cross_link,RX01,18.913389,946,-50
walk_01,walk_cross_link,RX01,18.937634,947,-50
walk_01,walk_cross_link,RX01,18.953402,948,-50
walk_01,walk_cross_link,RX01,18.973539,949,-50
walk_01,walk_cross_link,RX01,18.993391,950,-50
walk_01,walk_cross_link,RX01,19.013372,951,-50
walk_01,walk_cross_link,RX01,19.033367,952,-50
walk_01,walk_cross_link,RX01,19.058763,953,-50
walk_01,walk_cross_link,RX01,19.076381,954,-49
walk_01,walk_cross_link,RX01,19.093385,955,-50
walk_01,walk_cross_link,RX01,19.113379,956,-50
walk_01,walk_cross_link,RX01,19.13363,957,-50
walk_01,walk_cross_link,RX01,19.15341,958,-50
walk_01,walk_cross_link,RX01,19.173381,959,-50
walk_01,walk_cross_link,RX01,19.19336,960,-50
walk_01,walk_cross_link,RX01,19.213556,961,-50
walk_01,walk_cross_link,RX01,19.233355,962,-50
walk_01,walk_cross_link,RX01,19.255833,963,-50
walk_01,walk_cross_link,RX01,19.27617,964,-50
walk_01,walk_cross_link,RX01,19.294253,965,-50
walk_01,walk_cross_link,RX01,19.314563,966,-50
walk_01,walk_cross_link,RX01,19.33335,967,-50
walk_01,walk_cross_link,RX01,19.358992,968,-50
walk_01,walk_cross_link,RX01,19.376317,969,-50
walk_01,walk_cross_link,RX01,19.393356,970,-50
walk_01,walk_cross_link,RX01,19.413996,971,-50
walk_01,walk_cross_link,RX01,19.434826,972,-50
walk_01,walk_cross_link,RX01,19.455373,973,-50
walk_01,walk_cross_link,RX01,19.473516,974,-50
walk_01,walk_cross_link,RX01,19.495645,975,-50
walk_01,walk_cross_link,RX01,19.51336,976,-49
walk_01,walk_cross_link,RX01,19.537878,977,-49
walk_01,walk_cross_link,RX01,19.553356,978,-50
walk_01,walk_cross_link,RX01,19.573341,979,-49
walk_01,walk_cross_link,RX01,19.596151,980,-49
walk_01,walk_cross_link,RX01,19.613569,981,-49
walk_01,walk_cross_link,RX01,19.633463,982,-49
walk_01,walk_cross_link,RX01,19.654835,983,-49
walk_01,walk_cross_link,RX01,19.673375,984,-50
walk_01,walk_cross_link,RX01,19.697126,985,-50
walk_01,walk_cross_link,RX01,19.713457,986,-49
walk_01,walk_cross_link,RX01,19.733952,987,-50
walk_01,walk_cross_link,RX01,19.757414,988,-49
walk_01,walk_cross_link,RX01,19.775577,989,-49
walk_01,walk_cross_link,RX01,19.795604,990,-50
walk_01,walk_cross_link,RX01,19.813332,991,-50
walk_01,walk_cross_link,RX01,19.833343,992,-50
walk_01,walk_cross_link,RX01,19.854701,993,-50
walk_01,walk_cross_link,RX01,19.87335,994,-50
walk_01,walk_cross_link,RX01,19.898022,995,-49
walk_01,walk_cross_link,RX01,19.913366,996,-49
walk_01,walk_cross_link,RX01,19.933354,997,-49
walk_01,walk_cross_link,RX01,19.96029,998,-50
walk_01,walk_cross_link,RX01,19.97389,999,-50
walk_01,walk_cross_link,RX01,19.993336,1000,-49
walk_01,walk_cross_link,RX01,20.013328,1001,-49
walk_01,walk_cross_link,RX01,20.033977,1002,-49
walk_01,walk_cross_link,RX01,20.055282,1003,-50
walk_01,walk_cross_link,RX01,20.075018,1004,-50
walk_01,walk_cross_link,RX01,20.09334,1005,-49
walk_01,walk_cross_link,RX01,20.11347,1006,-49
walk_01,walk_cross_link,RX01,20.133781,1007,-49
walk_01,walk_cross_link,RX01,20.153347,1008,-49
walk_01,walk_cross_link,RX01,20.173319,1009,-49
walk_01,walk_cross_link,RX01,20.195852,1010,-49
walk_01,walk_cross_link,RX01,20.215857,1011,-49
walk_01,walk_cross_link,RX01,20.233355,1012,-49
walk_01,walk_cross_link,RX01,20.25405,1013,-50
walk_01,walk_cross_link,RX01,20.275403,1014,-50
walk_01,walk_cross_link,RX01,20.293884,1015,-50
walk_01,walk_cross_link,RX01,20.31333,1016,-50
walk_01,walk_cross_link,RX01,20.33332,1017,-50
walk_01,walk_cross_link,RX01,20.356436,1018,-49
walk_01,walk_cross_link,RX01,20.37333,1019,-50
walk_01,walk_cross_link,RX01,20.393927,1020,-50
walk_01,walk_cross_link,RX01,20.413331,1021,-50
walk_01,walk_cross_link,RX01,20.433334,1022,-50
walk_01,walk_cross_link,RX01,20.458833,1023,-50
walk_01,walk_cross_link,RX01,20.473381,1024,-50
walk_01,walk_cross_link,RX01,20.493693,1025,-49
walk_01,walk_cross_link,RX01,20.513573,1026,-49
walk_01,walk_cross_link,RX01,20.535151,1027,-50
walk_01,walk_cross_link,RX01,20.553319,1028,-50
walk_01,walk_cross_link,RX01,20.574666,1029,-50
walk_01,walk_cross_link,RX01,20.594805,1030,-50
walk_01,walk_cross_link,RX01,20.614813,1031,-50
walk_01,walk_cross_link,RX01,20.633339,1032,-50
walk_01,walk_cross_link,RX01,20.655552,1033,-49
walk_01,walk_cross_link,RX01,20.677693,1034,-49
walk_01,walk_cross_link,RX01,20.698152,1035,-48
walk_01,walk_cross_link,RX01,20.717218,1036,-49
walk_01,walk_cross_link,RX01,20.733297,1037,-49
walk_01,walk_cross_link,RX01,20.75707,1038,-49
walk_01,walk_cross_link,RX01,20.773319,1039,-49
walk_01,walk_cross_link,RX01,20.793498,1040,-49
walk_01,walk_cross_link,RX01,20.813311,1041,-49
walk_01,walk_cross_link,RX01,20.833322,1042,-49
walk_01,walk_cross_link,RX01,20.853304,1043,-50
walk_01,walk_cross_link,RX01,20.87448,1044,-50
walk_01,walk_cross_link,RX01,20.894206,1045,-50
walk_01,walk_cross_link,RX01,20.913306,1046,-50
walk_01,walk_cross_link,RX01,20.933291,1047,-50
walk_01,walk_cross_link,RX01,20.955765,1048,-50
walk_01,walk_cross_link,RX01,20.97338,1049,-50
walk_01,walk_cross_link,RX01,20.993313,1050,-50
walk_01,walk_cross_link,RX01,21.016036,1051,-49
walk_01,walk_cross_link,RX01,21.035057,1052,-49
walk_01,walk_cross_link,RX01,21.055425,1053,-49
walk_01,walk_cross_link,RX01,21.07332,1054,-50
walk_01,walk_cross_link,RX01,21.094844,1055,-50
walk_01,walk_cross_link,RX01,21.11413,1056,-50
walk_01,walk_cross_link,RX01,21.13328,1057,-50
walk_01,walk_cross_link,RX01,21.153323,1058,-50
walk_01,walk_cross_link,RX01,21.173282,1059,-50
walk_01,walk_cross_link,RX01,21.196986,1060,-50
walk_01,walk_cross_link,RX01,21.21449,1061,-49
walk_01,walk_cross_link,RX01,21.234795,1062,-49
walk_01,walk_cross_link,RX01,21.253367,1063,-50
walk_01,walk_cross_link,RX01,21.273297,1064,-50
walk_01,walk_cross_link,RX01,21.299397,1065,-50
walk_01,walk_cross_link,RX01,21.313304,1066,-50
walk_01,walk_cross_link,RX01,21.333433,1067,-50
walk_01,walk_cross_link,RX01,21.354372,1068,-49
walk_01,walk_cross_link,RX01,21.373279,1069,-49
walk_01,walk_cross_link,RX01,21.393874,1070,-49
walk_01,walk_cross_link,RX01,21.413996,1071,-50
walk_01,walk_cross_link,RX01,21.434128,1072,-50
walk_01,walk_cross_link,RX01,21.453281,1073,-49
walk_01,walk_cross_link,RX01,21.473901,1074,-49
walk_01,walk_cross_link,RX01,21.496262,1075,-50
walk_01,walk_cross_link,RX01,21.516411,1076,-50
walk_01,walk_cross_link,RX01,21.536425,1077,-50
walk_01,walk_cross_link,RX01,21.553286,1078,-49
walk_01,walk_cross_link,RX01,21.575488,1079,-50
walk_01,walk_cross_link,RX01,21.593283,1080,-50
walk_01,walk_cross_link,RX01,21.613264,1081,-50
walk_01,walk_cross_link,RX01,21.633292,1082,-50
walk_01,walk_cross_link,RX01,21.653291,1083,-49
walk_01,walk_cross_link,RX01,21.673283,1084,-50
walk_01,walk_cross_link,RX01,21.693693,1085,-50
walk_01,walk_cross_link,RX01,21.713418,1086,-50
walk_01,walk_cross_link,RX01,21.753285,1088,-49
walk_01,walk_cross_link,RX01,21.774598,1089,-50
walk_01,walk_cross_link,RX01,21.796102,1090,-50
walk_01,walk_cross_link,RX01,21.815809,1091,-50
walk_01,walk_cross_link,RX01,21.833292,1092,-50
walk_01,walk_cross_link,RX01,21.854252,1093,-50
walk_01,walk_cross_link,RX01,21.875537,1094,-50
walk_01,walk_cross_link,RX01,21.893284,1095,-50
walk_01,walk_cross_link,RX01,21.91379,1096,-49
walk_01,walk_cross_link,RX01,21.935693,1097,-49
walk_01,walk_cross_link,RX01,21.953902,1098,-49
walk_01,walk_cross_link,RX01,21.973287,1099,-50
walk_01,walk_cross_link,RX01,21.994844,1100,-50
walk_01,walk_cross_link,RX01,22.014095,1101,-50
walk_01,walk_cross_link,RX01,22.034585,1102,-50
walk_01,walk_cross_link,RX01,22.05907,1103,-49
walk_01,walk_cross_link,RX01,22.073265,1104,-49
walk_01,walk_cross_link,RX01,22.097256,1105,-49
walk_01,walk_cross_link,RX01,22.118789,1106,-49
walk_01,walk_cross_link,RX01,22.137768,1107,-49
walk_01,walk_cross_link,RX01,22.153264,1108,-49
walk_01,walk_cross_link,RX01,22.173554,1109,-49
walk_01,walk_cross_link,RX01,22.194608,1110,-49
walk_01,walk_cross_link,RX01,22.213269,1111,-48
walk_01,walk_cross_link,RX01,22.238573,1112,-49
walk_01,walk_cross_link,RX01,22.253893,1113,-49
walk_01,walk_cross_link,RX01,22.273248,1114,-48
walk_01,walk_cross_link,RX01,22.293319,1115,-49
walk_01,walk_cross_link,RX01,22.315466,1116,-48
walk_01,walk_cross_link,RX01,22.333268,1117,-48
walk_01,walk_cross_link,RX01,22.355597,1118,-49
walk_01,walk_cross_link,RX01,22.373247,1119,-49
walk_01,walk_cross_link,RX01,22.393257,1120,-49
walk_01,walk_cross_link,RX01,22.418629,1121,-49
walk_01,walk_cross_link,RX01,22.438285,1122,-49
walk_01,walk_cross_link,RX01,22.458015,1123,-49
walk_01,walk_cross_link,RX01,22.473268,1124,-49
walk_01,walk_cross_link,RX01,22.49324,1125,-49
walk_01,walk_cross_link,RX01,22.51604,1126,-49
walk_01,walk_cross_link,RX01,22.53338,1127,-48
walk_01,walk_cross_link,RX01,22.554752,1128,-49
walk_01,walk_cross_link,RX01,22.573255,1129,-49
walk_01,walk_cross_link,RX01,22.593265,1130,-49
walk_01,walk_cross_link,RX01,22.615323,1131,-50
walk_01,walk_cross_link,RX01,22.635007,1132,-51
walk_01,walk_cross_link,RX01,22.653241,1133,-52
walk_01,walk_cross_link,RX01,22.673474,1134,-52
walk_01,walk_cross_link,RX01,22.693803,1135,-53
walk_01,walk_cross_link,RX01,22.714808,1136,-53
walk_01,walk_cross_link,RX01,22.733398,1137,-53
walk_01,walk_cross_link,RX01,22.758035,1138,-53
walk_01,walk_cross_link,RX01,22.775856,1139,-52
walk_01,walk_cross_link,RX01,22.798206,1140,-52
walk_01,walk_cross_link,RX01,22.815252,1141,-52
walk_01,walk_cross_link,RX01,22.8354,1142,-52
walk_01,walk_cross_link,RX01,22.857102,1143,-52
walk_01,walk_cross_link,RX01,22.873249,1144,-52
walk_01,walk_cross_link,RX01,22.898577,1145,-51
walk_01,walk_cross_link,RX01,22.913222,1146,-51
walk_01,walk_cross_link,RX01,22.937833,1147,-51
walk_01,walk_cross_link,RX01,22.953377,1148,-51
walk_01,walk_cross_link,RX01,22.97537,1149,-51
walk_01,walk_cross_link,RX01,22.995216,1150,-51
walk_01,walk_cross_link,RX01,23.015643,1151,-52
walk_01,walk_cross_link,RX01,23.040191,1152,-52
walk_01,walk_cross_link,RX01,23.05324,1153,-52
walk_01,walk_cross_link,RX01,23.073345,1154,-53
walk_01,walk_cross_link,RX01,23.093223,1155,-52
walk_01,walk_cross_link,RX01,23.113269,1156,-53
walk_01,walk_cross_link,RX01,23.134693,1157,-54
walk_01,walk_cross_link,RX01,23.1548,1158,-54
walk_01,walk_cross_link,RX01,23.174811,1159,-54
walk_01,walk_cross_link,RX01,23.193238,1160,-54
walk_01,walk_cross_link,RX01,23.21542,1161,-53
walk_01,walk_cross_link,RX01,23.237071,1162,-53
walk_01,walk_cross_link,RX01,23.253817,1163,-53
walk_01,walk_cross_link,RX01,23.277229,1164,-54
walk_01,walk_cross_link,RX01,23.293238,1165,-55
walk_01,walk_cross_link,RX01,23.314291,1166,-54
walk_01,walk_cross_link,RX01,23.334276,1167,-54
walk_01,walk_cross_link,RX01,23.353208,1168,-54
walk_01,walk_cross_link,RX01,23.373213,1169,-53
walk_01,walk_cross_link,RX01,23.393207,1170,-54
walk_01,walk_cross_link,RX01,23.413239,1171,-54
walk_01,walk_cross_link,RX01,23.433339,1172,-54
walk_01,walk_cross_link,RX01,23.454226,1173,-55
walk_01,walk_cross_link,RX01,23.473372,1174,-54
walk_01,walk_cross_link,RX01,23.493227,1175,-54
walk_01,walk_cross_link,RX01,23.513798,1176,-54
walk_01,walk_cross_link,RX01,23.537141,1177,-54
walk_01,walk_cross_link,RX01,23.556605,1178,-54
walk_01,walk_cross_link,RX01,23.577105,1179,-54
walk_01,walk_cross_link,RX01,23.595083,1180,-55
walk_01,walk_cross_link,RX01,23.615581,1181,-54
walk_01,walk_cross_link,RX01,23.633254,1182,-53
walk_01,walk_cross_link,RX01,23.654621,1183,-53
walk_01,walk_cross_link,RX01,23.673234,1184,-55
walk_01,walk_cross_link,RX01,23.693809,1185,-53
walk_01,walk_cross_link,RX01,23.713222,1186,-54
walk_01,walk_cross_link,RX01,23.735631,1187,-54
walk_01,walk_cross_link,RX01,23.754888,1188,-54
walk_01,walk_cross_link,RX01,23.773658,1189,-54
walk_01,walk_cross_link,RX01,23.799858,1190,-54
walk_01,walk_cross_link,RX01,23.813222,1191,-54
walk_01,walk_cross_link,RX01,23.833579,1192,-54
walk_01,walk_cross_link,RX01,23.853208,1193,-54
walk_01,walk_cross_link,RX01,23.876291,1194,-54
walk_01,walk_cross_link,RX01,23.893209,1195,-54
walk_01,walk_cross_link,RX01,23.91434,1196,-54
walk_01,walk_cross_link,RX01,23.935167,1197,-54
walk_01,walk_cross_link,RX01,23.953875,1198,-54
walk_01,walk_cross_link,RX01,23.974,1199,-53
walk_01,walk_cross_link,RX01,23.994022,1200,-53
walk_01,walk_cross_link,RX01,24.013195,1201,-52
walk_01,walk_cross_link,RX01,24.033198,1202,-51
walk_01,walk_cross_link,RX01,24.056306,1203,-51
walk_01,walk_cross_link,RX01,24.073202,1204,-50
walk_01,walk_cross_link,RX01,24.096421,1205,-50
walk_01,walk_cross_link,RX01,24.113212,1206,-50
walk_01,walk_cross_link,RX01,24.133192,1207,-50
walk_01,walk_cross_link,RX01,24.158702,1208,-50
walk_01,walk_cross_link,RX01,24.173261,1209,-50
walk_01,walk_cross_link,RX01,24.213204,1211,-51
walk_01,walk_cross_link,RX01,24.233181,1212,-51
walk_01,walk_cross_link,RX01,24.255278,1213,-51
walk_01,walk_cross_link,RX01,24.273425,1214,-51
walk_01,walk_cross_link,RX01,24.294826,1215,-51
walk_01,walk_cross_link,RX01,24.313196,1216,-51
walk_01,walk_cross_link,RX01,24.335083,1217,-51
walk_01,walk_cross_link,RX01,24.353191,1218,-51
walk_01,walk_cross_link,RX01,24.375813,1219,-51
walk_01,walk_cross_link,RX01,24.394085,1220,-51
walk_01,walk_cross_link,RX01,24.414269,1221,-51
walk_01,walk_cross_link,RX01,24.433196,1222,-51
walk_01,walk_cross_link,RX01,24.454135,1223,-50
walk_01,walk_cross_link,RX01,24.475099,1224,-50
walk_01,walk_cross_link,RX01,24.493182,1225,-50
walk_01,walk_cross_link,RX01,24.513322,1226,-50
walk_01,walk_cross_link,RX01,24.533869,1227,-50
walk_01,walk_cross_link,RX01,24.55485,1228,-50
walk_01,walk_cross_link,RX01,24.577425,1229,-50
walk_01,walk_cross_link,RX01,24.59319,1230,-50
walk_01,walk_cross_link,RX01,24.613512,1231,-49
walk_01,walk_cross_link,RX01,24.633352,1232,-49
walk_01,walk_cross_link,RX01,24.653181,1233,-49
walk_01,walk_cross_link,RX01,24.673194,1234,-49
walk_01,walk_cross_link,RX01,24.695674,1235,-49
walk_01,walk_cross_link,RX01,24.713186,1236,-49
walk_01,walk_cross_link,RX01,24.733566,1237,-49
walk_01,walk_cross_link,RX01,24.754425,1238,-50
walk_01,walk_cross_link,RX01,24.773169,1239,-50
walk_01,walk_cross_link,RX01,24.793344,1240,-50
walk_01,walk_cross_link,RX01,24.813805,1241,-50
walk_01,walk_cross_link,RX01,24.833173,1242,-50
walk_01,walk_cross_link,RX01,24.853396,1243,-50
walk_01,walk_cross_link,RX01,24.875503,1244,-50
walk_01,walk_cross_link,RX01,24.893166,1245,-51
walk_01,walk_cross_link,RX01,24.915622,1246,-51
walk_01,walk_cross_link,RX01,24.933149,1247,-51
walk_01,walk_cross_link,RX01,24.953297,1248,-51
walk_01,walk_cross_link,RX01,24.973177,1249,-51
walk_01,walk_cross_link,RX01,24.995251,1250,-51
walk_01,walk_cross_link,RX01,25.018019,1251,-51
walk_01,walk_cross_link,RX01,25.033177,1252,-51
walk_01,walk_cross_link,RX01,25.053154,1253,-51
walk_01,walk_cross_link,RX01,25.074766,1254,-51
walk_01,walk_cross_link,RX01,25.093153,1255,-51
walk_01,walk_cross_link,RX01,25.113181,1256,-51
walk_01,walk_cross_link,RX01,25.133161,1257,-50
walk_01,walk_cross_link,RX01,25.15318,1258,-50
walk_01,walk_cross_link,RX01,25.173205,1259,-50
walk_01,walk_cross_link,RX01,25.195035,1260,-50
walk_01,walk_cross_link,RX01,25.222797,1261,-50
walk_01,walk_cross_link,RX01,25.233488,1262,-50
walk_01,walk_cross_link,RX01,25.253816,1263,-50
walk_01,walk_cross_link,RX01,25.277787,1264,-50
walk_01,walk_cross_link,RX01,25.297403,1265,-49
walk_01,walk_cross_link,RX01,25.313447,1266,-49
walk_01,walk_cross_link,RX01,25.335866,1267,-49
walk_01,walk_cross_link,RX01,25.357583,1268,-50
walk_01,walk_cross_link,RX01,25.374057,1269,-50
walk_01,walk_cross_link,RX01,25.393319,1270,-50
walk_01,walk_cross_link,RX01,25.41314,1271,-50
walk_01,walk_cross_link,RX01,25.433148,1272,-50
walk_01,walk_cross_link,RX01,25.453704,1273,-50
walk_01,walk_cross_link,RX01,25.473147,1274,-50
walk_01,walk_cross_link,RX01,25.513288,1276,-50
walk_01,walk_cross_link,RX01,25.535386,1277,-50
walk_01,walk_cross_link,RX01,25.553135,1278,-50
walk_01,walk_cross_link,RX01,25.573209,1279,-50
walk_01,walk_cross_link,RX01,25.593156,1280,-50
walk_01,walk_cross_link,RX01,25.613149,1281,-50
walk_01,walk_cross_link,RX01,25.633134,1282,-50
walk_01,walk_cross_link,RX01,25.653142,1283,-50
walk_01,walk_cross_link,RX01,25.673151,1284,-50
walk_01,walk_cross_link,RX01,25.694705,1285,-50
walk_01,walk_cross_link,RX01,25.714817,1286,-50
walk_01,walk_cross_link,RX01,25.733133,1287,-50
walk_01,walk_cross_link,RX01,25.753146,1288,-50
walk_01,walk_cross_link,RX01,25.773131,1289,-50
walk_01,walk_cross_link,RX01,25.793132,1290,-50
walk_01,walk_cross_link,RX01,25.814776,1291,-49
walk_01,walk_cross_link,RX01,25.837218,1292,-50
walk_01,walk_cross_link,RX01,25.853137,1293,-50
walk_01,walk_cross_link,RX01,25.873152,1294,-50
walk_01,walk_cross_link,RX01,25.893268,1295,-50
walk_01,walk_cross_link,RX01,25.91337,1296,-50
walk_01,walk_cross_link,RX01,25.939616,1297,-50
walk_01,walk_cross_link,RX01,25.953131,1298,-50
walk_01,walk_cross_link,RX01,25.973685,1299,-49
walk_01,walk_cross_link,RX01,25.99457,1300,-49
walk_01,walk_cross_link,RX01,26.014216,1301,-49
walk_01,walk_cross_link,RX01,26.035108,1302,-49
walk_01,walk_cross_link,RX01,26.053144,1303,-49
walk_01,walk_cross_link,RX01,26.073145,1304,-49
walk_01,walk_cross_link,RX01,26.093526,1305,-49
walk_01,walk_cross_link,RX01,26.113128,1306,-49
walk_01,walk_cross_link,RX01,26.133459,1307,-49
walk_01,walk_cross_link,RX01,26.155088,1308,-50
walk_01,walk_cross_link,RX01,26.173127,1309,-50
walk_01,walk_cross_link,RX01,26.19323,1310,-50
walk_01,walk_cross_link,RX01,26.214774,1311,-50
walk_01,walk_cross_link,RX01,26.233126,1312,-50
walk_01,walk_cross_link,RX01,26.253672,1313,-50
walk_01,walk_cross_link,RX01,26.275078,1314,-50
walk_01,walk_cross_link,RX01,26.295661,1315,-50
walk_01,walk_cross_link,RX01,26.315971,1316,-50
walk_01,walk_cross_link,RX01,26.334753,1317,-50
walk_01,walk_cross_link,RX01,26.355614,1318,-50
walk_01,walk_cross_link,RX01,26.373181,1319,-50
walk_01,walk_cross_link,RX01,26.393124,1320,-50
walk_01,walk_cross_link,RX01,26.413102,1321,-50
walk_01,walk_cross_link,RX01,26.435357,1322,-50
walk_01,walk_cross_link,RX01,26.45312,1323,-50
walk_01,walk_cross_link,RX01,26.474348,1324,-50
walk_01,walk_cross_link,RX01,26.495611,1325,-49
walk_01,walk_cross_link,RX01,26.513905,1326,-50
walk_01,walk_cross_link,RX01,26.534036,1327,-50
walk_01,walk_cross_link,RX01,26.554004,1328,-50
walk_01,walk_cross_link,RX01,26.573148,1329,-50
walk_01,walk_cross_link,RX01,26.595521,1330,-50
walk_01,walk_cross_link,RX01,26.616485,1331,-50
walk_01,walk_cross_link,RX01,26.63312,1332,-50
walk_01,walk_cross_link,RX01,26.656424,1333,-50
walk_01,walk_cross_link,RX01,26.673106,1334,-50
walk_01,walk_cross_link,RX01,26.697454,1335,-49
walk_01,walk_cross_link,RX01,26.713107,1336,-49
walk_01,walk_cross_link,RX01,26.733568,1337,-50
walk_01,walk_cross_link,RX01,26.758618,1338,-49
walk_01,walk_cross_link,RX01,26.773114,1339,-49
walk_01,walk_cross_link,RX01,26.79604,1340,-50
walk_01,walk_cross_link,RX01,26.813784,1341,-50
walk_01,walk_cross_link,RX01,26.833429,1342,-50
walk_01,walk_cross_link,RX01,26.855315,1343,-50
walk_01,walk_cross_link,RX01,26.873089,1344,-50
walk_01,walk_cross_link,RX01,26.894113,1345,-49
walk_01,walk_cross_link,RX01,26.913111,1346,-49
walk_01,walk_cross_link,RX01,26.935816,1347,-49
walk_01,walk_cross_link,RX01,26.953084,1348,-49
walk_01,walk_cross_link,RX01,26.974278,1349,-49
walk_01,walk_cross_link,RX01,26.999334,1350,-49
walk_01,walk_cross_link,RX01,27.013238,1351,-49
walk_01,walk_cross_link,RX01,27.033867,1352,-49
walk_01,walk_cross_link,RX01,27.058131,1353,-49
walk_01,walk_cross_link,RX01,27.076702,1354,-49
walk_01,walk_cross_link,RX01,27.094464,1355,-50
walk_01,walk_cross_link,RX01,27.114831,1356,-50
walk_01,walk_cross_link,RX01,27.13627,1357,-50
walk_01,walk_cross_link,RX01,27.158078,1358,-50
walk_01,walk_cross_link,RX01,27.173099,1359,-49
walk_01,walk_cross_link,RX01,27.195636,1360,-49
walk_01,walk_cross_link,RX01,27.213094,1361,-49
walk_01,walk_cross_link,RX01,27.238683,1362,-49
walk_01,walk_cross_link,RX01,27.253153,1363,-49
walk_01,walk_cross_link,RX01,27.27509,1364,-49
walk_01,walk_cross_link,RX01,27.293096,1365,-49
walk_01,walk_cross_link,RX01,27.315098,1366,-49
walk_01,walk_cross_link,RX01,27.333844,1367,-49
walk_01,walk_cross_link,RX01,27.353237,1368,-49
walk_01,walk_cross_link,RX01,27.374319,1369,-50
walk_01,walk_cross_link,RX01,27.39307,1370,-49
walk_01,walk_cross_link,RX01,27.41408,1371,-49
walk_01,walk_cross_link,RX01,27.435504,1372,-49
walk_01,walk_cross_link,RX01,27.457744,1373,-50
walk_01,walk_cross_link,RX01,27.474361,1374,-49
walk_01,walk_cross_link,RX01,27.493079,1375,-49
walk_01,walk_cross_link,RX01,27.514241,1376,-50
walk_01,walk_cross_link,RX01,27.538011,1377,-50
walk_01,walk_cross_link,RX01,27.555748,1378,-50
walk_01,walk_cross_link,RX01,27.57514,1379,-49
walk_01,walk_cross_link,RX01,27.593058,1380,-50
walk_01,walk_cross_link,RX01,27.613296,1381,-50
walk_01,walk_cross_link,RX01,27.633985,1382,-50
walk_01,walk_cross_link,RX01,27.655856,1383,-50
walk_01,walk_cross_link,RX01,27.693079,1385,-50
walk_01,walk_cross_link,RX01,27.721926,1386,-50
walk_01,walk_cross_link,RX01,27.754475,1388,-49
walk_01,walk_cross_link,RX01,27.781765,1389,-50
walk_01,walk_cross_link,RX01,27.7935,1390,-50
walk_01,walk_cross_link,RX01,27.813828,1391,-50
walk_01,walk_cross_link,RX01,27.837883,1392,-50
walk_01,walk_cross_link,RX01,27.853555,1393,-50
walk_01,walk_cross_link,RX01,27.874144,1394,-50
walk_01,walk_cross_link,RX01,27.895883,1395,-50
walk_01,walk_cross_link,RX01,27.913074,1396,-50
walk_01,walk_cross_link,RX01,27.934054,1397,-50
walk_01,walk_cross_link,RX01,27.953352,1398,-50
walk_01,walk_cross_link,RX01,27.973054,1399,-50
walk_01,walk_cross_link,RX01,27.993077,1400,-49
walk_01,walk_cross_link,RX01,28.013068,1401,-49
walk_01,walk_cross_link,RX01,28.033059,1402,-49
walk_01,walk_cross_link,RX01,28.055828,1403,-50
walk_01,walk_cross_link,RX01,28.077655,1404,-50
walk_01,walk_cross_link,RX01,28.09665,1405,-50
walk_01,walk_cross_link,RX01,28.114014,1406,-50
walk_01,walk_cross_link,RX01,28.134424,1407,-50
walk_01,walk_cross_link,RX01,28.153061,1408,-49
walk_01,walk_cross_link,RX01,28.173237,1409,-49
walk_01,walk_cross_link,RX01,28.194323,1410,-50
walk_01,walk_cross_link,RX01,28.213048,1411,-50
walk_01,walk_cross_link,RX01,28.23306,1412,-50
walk_01,walk_cross_link,RX01,28.254701,1413,-50
walk_01,walk_cross_link,RX01,28.274834,1414,-50
walk_01,walk_cross_link,RX01,28.295035,1415,-50
walk_01,walk_cross_link,RX01,28.313064,1416,-50
walk_01,walk_cross_link,RX01,28.337644,1417,-50
walk_01,walk_cross_link,RX01,28.35306,1418,-49
walk_01,walk_cross_link,RX01,28.373872,1419,-49
walk_01,walk_cross_link,RX01,28.394347,1420,-50
walk_01,walk_cross_link,RX01,28.413033,1421,-50
walk_01,walk_cross_link,RX01,28.437859,1422,-50
walk_01,walk_cross_link,RX01,28.453576,1423,-50
walk_01,walk_cross_link,RX01,28.473052,1424,-50
walk_01,walk_cross_link,RX01,28.499632,1425,-50
walk_01,walk_cross_link,RX01,28.513054,1426,-50
walk_01,walk_cross_link,RX01,28.533046,1427,-49
walk_01,walk_cross_link,RX01,28.553039,1428,-50
walk_01,walk_cross_link,RX01,28.574206,1429,-50
walk_01,walk_cross_link,RX01,28.593188,1430,-49
walk_01,walk_cross_link,RX01,28.613055,1431,-49
walk_01,walk_cross_link,RX01,28.634624,1432,-50
walk_01,walk_cross_link,RX01,28.656683,1433,-50
walk_01,walk_cross_link,RX01,28.673024,1434,-49
walk_01,walk_cross_link,RX01,28.693027,1435,-50
walk_01,walk_cross_link,RX01,28.715083,1436,-50
walk_01,walk_cross_link,RX01,28.733045,1437,-50
walk_01,walk_cross_link,RX01,28.753233,1438,-50
walk_01,walk_cross_link,RX01,28.773983,1439,-49
walk_01,walk_cross_link,RX01,28.796337,1440,-50
walk_01,walk_cross_link,RX01,28.813784,1441,-50
walk_01,walk_cross_link,RX01,28.83345,1442,-50
walk_01,walk_cross_link,RX01,28.855664,1443,-49
walk_01,walk_cross_link,RX01,28.877084,1444,-49
walk_01,walk_cross_link,RX01,28.893257,1445,-49
walk_01,walk_cross_link,RX01,28.913026,1446,-49
walk_01,walk_cross_link,RX01,28.936994,1447,-50
walk_01,walk_cross_link,RX01,28.958033,1448,-49
walk_01,walk_cross_link,RX01,28.973026,1449,-50
walk_01,walk_cross_link,RX01,28.993008,1450,-50
walk_01,walk_cross_link,RX01,29.013036,1451,-50
walk_01,walk_cross_link,RX01,29.033008,1452,-49
walk_01,walk_cross_link,RX01,29.05304,1453,-50
walk_01,walk_cross_link,RX01,29.07393,1454,-50
walk_01,walk_cross_link,RX01,29.094034,1455,-50
walk_01,walk_cross_link,RX01,29.114012,1456,-50
walk_01,walk_cross_link,RX01,29.133007,1457,-50
walk_01,walk_cross_link,RX01,29.153007,1458,-50
walk_01,walk_cross_link,RX01,29.173148,1459,-50
walk_01,walk_cross_link,RX01,29.193017,1460,-50
walk_01,walk_cross_link,RX01,29.217542,1461,-50
walk_01,walk_cross_link,RX01,29.233008,1462,-50
walk_01,walk_cross_link,RX01,29.253954,1463,-50
walk_01,walk_cross_link,RX01,29.27301,1464,-50
walk_01,walk_cross_link,RX01,29.298863,1465,-50
walk_01,walk_cross_link,RX01,29.318955,1466,-50
walk_01,walk_cross_link,RX01,29.333,1467,-50
walk_01,walk_cross_link,RX01,29.356342,1468,-50
walk_01,walk_cross_link,RX01,29.373838,1469,-50
walk_01,walk_cross_link,RX01,29.39341,1470,-50
walk_01,walk_cross_link,RX01,29.419977,1471,-50
walk_01,walk_cross_link,RX01,29.433012,1472,-50
walk_01,walk_cross_link,RX01,29.453022,1473,-50
walk_01,walk_cross_link,RX01,29.476222,1474,-50
walk_01,walk_cross_link,RX01,29.495994,1475,-50
walk_01,walk_cross_link,RX01,29.517511,1476,-50
walk_01,walk_cross_link,RX01,29.534318,1477,-50
walk_01,walk_cross_link,RX01,29.555627,1478,-50
walk_01,walk_cross_link,RX01,29.573021,1479,-50
walk_01,walk_cross_link,RX01,29.592996,1480,-50
walk_01,walk_cross_link,RX01,29.617148,1481,-50
walk_01,walk_cross_link,RX01,29.636705,1482,-50
walk_01,walk_cross_link,RX01,29.652996,1483,-50
walk_01,walk_cross_link,RX01,29.674856,1484,-50
walk_01,walk_cross_link,RX01,29.697522,1485,-50
walk_01,walk_cross_link,RX01,29.713039,1486,-50
walk_01,walk_cross_link,RX01,29.735175,1487,-50
walk_01,walk_cross_link,RX01,29.753003,1488,-50
walk_01,walk_cross_link,RX01,29.772988,1489,-50
walk_01,walk_cross_link,RX01,29.795509,1490,-50
walk_01,walk_cross_link,RX01,29.812989,1491,-50
walk_01,walk_cross_link,RX01,29.834711,1492,-50
walk_01,walk_cross_link,RX01,29.853544,1493,-50
walk_01,walk_cross_link,RX01,29.874299,1494,-50
walk_01,walk_cross_link,RX01,29.893127,1495,-50
walk_01,walk_cross_link,RX01,29.913478,1496,-50
walk_01,walk_cross_link,RX01,29.933583,1497,-50
walk_01,walk_cross_link,RX01,29.955947,1498,-50
walk_01,walk_cross_link,RX01,29.973228,1499,-50
walk_01,walk_cross_link,RX01,29.995526,1500,-50
walk_01,walk_cross_link,RX01,30.01565,1501,-50
walk_01,walk_cross_link,RX01,30.03562,1502,-49
walk_01,walk_cross_link,RX01,30.052997,1503,-49
walk_01,walk_cross_link,RX01,30.074012,1504,-50
walk_01,walk_cross_link,RX01,30.093049,1505,-50
walk_01,walk_cross_link,RX01,30.113552,1506,-50
walk_01,walk_cross_link,RX01,30.135524,1507,-50
walk_01,walk_cross_link,RX01,30.153003,1508,-50
walk_01,walk_cross_link,RX01,30.175591,1509,-50
walk_01,walk_cross_link,RX01,30.194859,1510,-50
walk_01,walk_cross_link,RX01,30.21299,1511,-49
walk_01,walk_cross_link,RX01,30.233751,1512,-49
walk_01,walk_cross_link,RX01,30.253039,1513,-49
walk_01,walk_cross_link,RX01,30.27298,1514,-50
walk_01,walk_cross_link,RX01,30.292996,1515,-50
walk_01,walk_cross_link,RX01,30.315018,1516,-51
walk_01,walk_cross_link,RX01,30.333968,1517,-51
walk_01,walk_cross_link,RX01,30.353521,1518,-50
walk_01,walk_cross_link,RX01,30.373827,1519,-51
walk_01,walk_cross_link,RX01,30.393143,1520,-50
walk_01,walk_cross_link,RX01,30.41312,1521,-51
walk_01,walk_cross_link,RX01,30.43298,1522,-50
walk_01,walk_cross_link,RX01,30.455904,1523,-50
walk_01,walk_cross_link,RX01,30.472977,1524,-50
walk_01,walk_cross_link,RX01,30.494048,1525,-51
walk_01,walk_cross_link,RX01,30.532965,1527,-51
walk_01,walk_cross_link,RX01,30.554243,1528,-51
walk_01,walk_cross_link,RX01,30.57299,1529,-51
walk_01,walk_cross_link,RX01,30.596457,1530,-51
walk_01,walk_cross_link,RX01,30.615807,1531,-50
walk_01,walk_cross_link,RX01,30.634401,1532,-50
walk_01,walk_cross_link,RX01,30.652965,1533,-50
walk_01,walk_cross_link,RX01,30.672993,1534,-50
walk_01,walk_cross_link,RX01,30.692966,1535,-50
walk_01,walk_cross_link,RX01,30.71818,1536,-50
walk_01,walk_cross_link,RX01,30.732974,1537,-50
walk_01,walk_cross_link,RX01,30.752965,1538,-50
walk_01,walk_cross_link,RX01,30.775136,1539,-50
walk_01,walk_cross_link,RX01,30.792987,1540,-50
walk_01,walk_cross_link,RX01,30.814719,1541,-50
walk_01,walk_cross_link,RX01,30.834855,1542,-49
walk_01,walk_cross_link,RX01,30.854816,1543,-50
walk_01,walk_cross_link,RX01,30.872986,1544,-50
walk_01,walk_cross_link,RX01,30.894075,1545,-50
walk_01,walk_cross_link,RX01,30.912984,1546,-49
walk_01,walk_cross_link,RX01,30.933085,1547,-49
walk_01,walk_cross_link,RX01,30.953085,1548,-49
walk_01,walk_cross_link,RX01,30.972952,1549,-48
walk_01,walk_cross_link,RX01,30.99298,1550,-49
walk_01,walk_cross_link,RX01,31.012958,1551,-49
walk_01,walk_cross_link,RX01,31.034567,1552,-50
walk_01,walk_cross_link,RX01,31.05295,1553,-50
walk_01,walk_cross_link,RX01,31.072965,1554,-50
walk_01,walk_cross_link,RX01,31.094897,1555,-49
walk_01,walk_cross_link,RX01,31.114623,1556,-49
walk_01,walk_cross_link,RX01,31.13436,1557,-49
walk_01,walk_cross_link,RX01,31.153235,1558,-49
walk_01,walk_cross_link,RX01,31.173718,1559,-49
walk_01,walk_cross_link,RX01,31.193059,1560,-49
walk_01,walk_cross_link,RX01,31.217787,1561,-49
walk_01,walk_cross_link,RX01,31.232974,1562,-49
walk_01,walk_cross_link,RX01,31.257397,1563,-50
walk_01,walk_cross_link,RX01,31.275119,1564,-50
walk_01,walk_cross_link,RX01,31.295504,1565,-50
walk_01,walk_cross_link,RX01,31.313267,1566,-50
walk_01,walk_cross_link,RX01,31.335007,1567,-49
walk_01,walk_cross_link,RX01,31.353892,1568,-50
walk_01,walk_cross_link,RX01,31.373495,1569,-50
walk_01,walk_cross_link,RX01,31.392945,1570,-50
walk_01,walk_cross_link,RX01,31.415663,1571,-49
walk_01,walk_cross_link,RX01,31.437119,1572,-49
walk_01,walk_cross_link,RX01,31.453751,1573,-49
walk_01,walk_cross_link,RX01,31.475155,1574,-49
walk_01,walk_cross_link,RX01,31.492937,1575,-48
walk_01,walk_cross_link,RX01,31.512944,1576,-48
walk_01,walk_cross_link,RX01,31.534472,1577,-49
walk_01,walk_cross_link,RX01,31.553423,1578,-49
walk_01,walk_cross_link,RX01,31.575164,1579,-49
walk_01,walk_cross_link,RX01,31.594349,1580,-48
walk_01,walk_cross_link,RX01,31.612996,1581,-49
walk_01,walk_cross_link,RX01,31.633928,1582,-50
walk_01,walk_cross_link,RX01,31.654074,1583,-50
walk_01,walk_cross_link,RX01,31.673606,1584,-51
walk_01,walk_cross_link,RX01,31.692944,1585,-52
walk_01,walk_cross_link,RX01,31.714099,1586,-52
walk_01,walk_cross_link,RX01,31.732945,1587,-52
walk_01,walk_cross_link,RX01,31.753931,1588,-53
walk_01,walk_cross_link,RX01,31.773349,1589,-52
walk_01,walk_cross_link,RX01,31.792926,1590,-52
walk_01,walk_cross_link,RX01,31.812924,1591,-52
walk_01,walk_cross_link,RX01,31.838746,1592,-52
walk_01,walk_cross_link,RX01,31.854171,1593,-53
walk_01,walk_cross_link,RX01,31.872967,1594,-53
walk_01,walk_cross_link,RX01,31.892901,1595,-52
walk_01,walk_cross_link,RX01,31.916721,1596,-52
walk_01,walk_cross_link,RX01,31.936266,1597,-52
walk_01,walk_cross_link,RX01,31.953413,1598,-52
walk_01,walk_cross_link,RX01,31.974484,1599,-52
walk_01,walk_cross_link,RX01,31.992941,1600,-52
walk_01,walk_cross_link,RX01,32.015926,1601,-52
walk_01,walk_cross_link,RX01,32.032945,1602,-52
walk_01,walk_cross_link,RX01,32.0558,1603,-52
walk_01,walk_cross_link,RX01,32.073268,1604,-53
walk_01,walk_cross_link,RX01,32.094319,1605,-53
walk_01,walk_cross_link,RX01,32.116034,1606,-53
walk_01,walk_cross_link,RX01,32.135475,1607,-54
walk_01,walk_cross_link,RX01,32.154452,1608,-54
walk_01,walk_cross_link,RX01,32.175085,1609,-53
walk_01,walk_cross_link,RX01,32.205555,1610,-55
walk_01,walk_cross_link,RX01,32.212893,1611,-55
walk_01,walk_cross_link,RX01,32.234859,1612,-54
walk_01,walk_cross_link,RX01,32.254221,1613,-55
walk_01,walk_cross_link,RX01,32.272902,1614,-55
walk_01,walk_cross_link,RX01,32.292973,1615,-56
walk_01,walk_cross_link,RX01,32.317021,1616,-56
walk_01,walk_cross_link,RX01,32.333839,1617,-55
walk_01,walk_cross_link,RX01,32.352931,1618,-55
walk_01,walk_cross_link,RX01,32.372895,1619,-55
walk_01,walk_cross_link,RX01,32.392912,1620,-56
walk_01,walk_cross_link,RX01,32.413552,1621,-55
walk_01,walk_cross_link,RX01,32.43291,1622,-56
walk_01,walk_cross_link,RX01,32.453874,1623,-56
walk_01,walk_cross_link,RX01,32.473288,1624,-56
walk_01,walk_cross_link,RX01,32.493209,1625,-56
walk_01,walk_cross_link,RX01,32.512888,1626,-56
walk_01,walk_cross_link,RX01,32.536343,1627,-56
walk_01,walk_cross_link,RX01,32.555544,1628,-56
walk_01,walk_cross_link,RX01,32.572885,1629,-56
walk_01,walk_cross_link,RX01,32.596745,1630,-56
walk_01,walk_cross_link,RX01,32.612883,1631,-57
walk_01,walk_cross_link,RX01,32.633707,1632,-57
walk_01,walk_cross_link,RX01,32.652952,1633,-56
walk_01,walk_cross_link,RX01,32.673114,1634,-56
walk_01,walk_cross_link,RX01,32.692897,1635,-56
walk_01,walk_cross_link,RX01,32.712883,1636,-56
walk_01,walk_cross_link,RX01,32.733189,1637,-56
walk_01,walk_cross_link,RX01,32.753641,1638,-55
walk_01,walk_cross_link,RX01,32.778161,1639,-55
walk_01,walk_cross_link,RX01,32.792905,1640,-55
walk_01,walk_cross_link,RX01,32.812875,1641,-54
walk_01,walk_cross_link,RX01,32.832911,1642,-56
walk_01,walk_cross_link,RX01,32.855474,1643,-55
walk_01,walk_cross_link,RX01,32.875008,1644,-54
walk_01,walk_cross_link,RX01,32.892891,1645,-54
walk_01,walk_cross_link,RX01,32.913511,1646,-55
walk_01,walk_cross_link,RX01,32.933867,1647,-54
walk_01,walk_cross_link,RX01,32.954362,1648,-53
walk_01,walk_cross_link,RX01,32.973108,1649,-53
walk_01,walk_cross_link,RX01,32.997597,1650,-53
walk_01,walk_cross_link,RX01,33.012882,1651,-54
walk_01,walk_cross_link,RX01,33.032902,1652,-54
walk_01,walk_cross_link,RX01,33.054056,1653,-54
walk_01,walk_cross_link,RX01,33.07342,1654,-54
walk_01,walk_cross_link,RX01,33.094583,1655,-54
walk_01,walk_cross_link,RX01,33.112869,1656,-54
walk_01,walk_cross_link,RX01,33.135181,1657,-54
walk_01,walk_cross_link,RX01,33.153354,1658,-54
walk_01,walk_cross_link,RX01,33.17579,1659,-54
walk_01,walk_cross_link,RX01,33.19395,1660,-54
walk_01,walk_cross_link,RX01,33.215082,1661,-54
walk_01,walk_cross_link,RX01,33.232875,1662,-54
walk_01,walk_cross_link,RX01,33.252945,1663,-54
walk_01,walk_cross_link,RX01,33.280304,1664,-54
walk_01,walk_cross_link,RX01,33.292872,1665,-54
walk_01,walk_cross_link,RX01,33.317508,1666,-54
walk_01,walk_cross_link,RX01,33.335135,1667,-54
walk_01,walk_cross_link,RX01,33.353553,1668,-54
walk_01,walk_cross_link,RX01,33.374732,1669,-54
walk_01,walk_cross_link,RX01,33.394872,1670,-54
walk_01,walk_cross_link,RX01,33.414806,1671,-54
walk_01,walk_cross_link,RX01,33.432872,1672,-53
walk_01,walk_cross_link,RX01,33.454775,1673,-54
walk_01,walk_cross_link,RX01,33.472873,1674,-54
walk_01,walk_cross_link,RX01,33.493447,1675,-53
walk_01,walk_cross_link,RX01,33.51724,1676,-53
walk_01,walk_cross_link,RX01,33.532867,1677,-53
walk_01,walk_cross_link,RX01,33.552874,1678,-53
walk_01,walk_cross_link,RX01,33.572861,1679,-52
walk_01,walk_cross_link,RX01,33.599683,1680,-51
walk_01,walk_cross_link,RX01,33.614038,1681,-51
walk_01,walk_cross_link,RX01,33.63286,1682,-51
walk_01,walk_cross_link,RX01,33.65517,1683,-51
walk_01,walk_cross_link,RX01,33.67471,1684,-52
walk_01,walk_cross_link,RX01,33.694208,1685,-52
walk_01,walk_cross_link,RX01,33.713196,1686,-52
walk_01,walk_cross_link,RX01,33.732871,1687,-52
walk_01,walk_cross_link,RX01,33.753049,1688,-52
walk_01,walk_cross_link,RX01,33.772854,1689,-52
walk_01,walk_cross_link,RX01,33.792868,1690,-52
walk_01,walk_cross_link,RX01,33.812848,1691,-52
walk_01,walk_cross_link,RX01,33.835131,1692,-52
walk_01,walk_cross_link,RX01,33.853162,1693,-51
walk_01,walk_cross_link,RX01,33.873243,1694,-51
walk_01,walk_cross_link,RX01,33.894708,1695,-51
walk_01,walk_cross_link,RX01,33.914794,1696,-51
walk_01,walk_cross_link,RX01,33.933896,1697,-51
walk_01,walk_cross_link,RX01,33.952856,1698,-51
walk_01,walk_cross_link,RX01,33.977085,1699,-51
walk_01,walk_cross_link,RX01,34.001421,1700,-51
walk_01,walk_cross_link,RX01,34.012852,1701,-51
walk_01,walk_cross_link,RX01,34.034944,1702,-51
walk_01,walk_cross_link,RX01,34.054573,1703,-51
walk_01,walk_cross_link,RX01,34.073183,1704,-50
walk_01,walk_cross_link,RX01,34.092858,1705,-50
walk_01,walk_cross_link,RX01,34.117016,1706,-50
walk_01,walk_cross_link,RX01,34.134752,1707,-50
walk_01,walk_cross_link,RX01,34.154339,1708,-49
walk_01,walk_cross_link,RX01,34.1747,1709,-49
walk_01,walk_cross_link,RX01,34.193968,1710,-49
walk_01,walk_cross_link,RX01,34.214065,1711,-49
walk_01,walk_cross_link,RX01,34.234023,1712,-49
walk_01,walk_cross_link,RX01,34.252897,1713,-50
walk_01,walk_cross_link,RX01,34.277516,1714,-50
walk_01,walk_cross_link,RX01,34.296345,1715,-50
walk_01,walk_cross_link,RX01,34.312841,1716,-50
walk_01,walk_cross_link,RX01,34.336438,1717,-49
walk_01,walk_cross_link,RX01,34.352846,1718,-49
walk_01,walk_cross_link,RX01,34.3743,1719,-49
walk_01,walk_cross_link,RX01,34.393298,1720,-49
walk_01,walk_cross_link,RX01,34.418899,1721,-49
walk_01,walk_cross_link,RX01,34.438832,1722,-49
walk_01,walk_cross_link,RX01,34.452836,1723,-48
walk_01,walk_cross_link,RX01,34.474493,1724,-49
walk_01,walk_cross_link,RX01,34.49394,1725,-49
walk_01,walk_cross_link,RX01,34.51342,1726,-49
walk_01,walk_cross_link,RX01,34.532833,1727,-49
walk_01,walk_cross_link,RX01,34.552824,1728,-49
walk_01,walk_cross_link,RX01,34.57429,1729,-49
walk_01,walk_cross_link,RX01,34.592816,1730,-49
walk_01,walk_cross_link,RX01,34.617459,1731,-49
walk_01,walk_cross_link,RX01,34.632833,1732,-49
walk_01,walk_cross_link,RX01,34.65282,1733,-49
walk_01,walk_cross_link,RX01,34.675714,1734,-49
walk_01,walk_cross_link,RX01,34.692957,1735,-49
walk_01,walk_cross_link,RX01,34.713961,1736,-49
walk_01,walk_cross_link,RX01,34.733415,1737,-50
walk_01,walk_cross_link,RX01,34.752985,1738,-49
walk_01,walk_cross_link,RX01,34.772846,1739,-49
walk_01,walk_cross_link,RX01,34.794862,1740,-49
walk_01,walk_cross_link,RX01,34.815287,1741,-50
walk_01,walk_cross_link,RX01,34.837559,1742,-49
walk_01,walk_cross_link,RX01,34.857718,1743,-49
walk_01,walk_cross_link,RX01,34.872891,1744,-49
walk_01,walk_cross_link,RX01,34.89724,1745,-49
walk_01,walk_cross_link,RX01,34.913632,1746,-50
walk_01,walk_cross_link,RX01,34.93413,1747,-49
walk_01,walk_cross_link,RX01,34.957982,1748,-49
walk_01,walk_cross_link,RX01,34.972826,1749,-49
walk_01,walk_cross_link,RX01,35.003632,1750,-49
walk_01,walk_cross_link,RX01,35.014191,1751,-49
walk_01,walk_cross_link,RX01,35.035554,1752,-49
walk_01,walk_cross_link,RX01,35.058322,1753,-49
walk_01,walk_cross_link,RX01,35.072805,1754,-49
walk_01,walk_cross_link,RX01,35.097151,1755,-49
walk_01,walk_cross_link,RX01,35.136048,1757,-49
walk_01,walk_cross_link,RX01,35.160243,1758,-49
walk_01,walk_cross_link,RX01,35.172816,1759,-49
walk_01,walk_cross_link,RX01,35.221427,1761,-49
walk_01,walk_cross_link,RX01,35.233672,1762,-49
walk_01,walk_cross_link,RX01,35.259699,1763,-49
walk_01,walk_cross_link,RX01,35.273761,1764,-49
walk_01,walk_cross_link,RX01,35.303552,1765,-51
walk_01,walk_cross_link,RX01,35.313086,1766,-49
walk_01,walk_cross_link,RX01,35.33596,1767,-49
walk_01,walk_cross_link,RX01,35.352815,1768,-49
walk_01,walk_cross_link,RX01,35.372809,1769,-49
walk_01,walk_cross_link,RX01,35.39281,1770,-49
walk_01,walk_cross_link,RX01,35.412804,1771,-49
walk_01,walk_cross_link,RX01,35.435008,1772,-50
walk_01,walk_cross_link,RX01,35.454115,1773,-50
walk_01,walk_cross_link,RX01,35.472792,1774,-50
walk_01,walk_cross_link,RX01,35.493875,1775,-50
walk_01,walk_cross_link,RX01,35.515119,1776,-50
walk_01,walk_cross_link,RX01,35.533142,1777,-50
walk_01,walk_cross_link,RX01,35.554294,1778,-49
walk_01,walk_cross_link,RX01,35.575381,1779,-49
walk_01,walk_cross_link,RX01,35.592951,1780,-50
walk_01,walk_cross_link,RX01,35.61278,1781,-50
walk_01,walk_cross_link,RX01,35.635543,1782,-50
walk_01,walk_cross_link,RX01,35.652771,1783,-50
walk_01,walk_cross_link,RX01,35.674763,1784,-50
walk_01,walk_cross_link,RX01,35.694028,1785,-50
walk_01,walk_cross_link,RX01,35.715372,1786,-50
walk_01,walk_cross_link,RX01,35.737952,1787,-49
walk_01,walk_cross_link,RX01,35.752779,1788,-50
walk_01,walk_cross_link,RX01,35.774809,1789,-50
walk_01,walk_cross_link,RX01,35.792806,1790,-49
walk_01,walk_cross_link,RX01,35.812794,1791,-50
walk_01,walk_cross_link,RX01,35.832788,1792,-50
walk_01,walk_cross_link,RX01,35.852781,1793,-50
walk_01,walk_cross_link,RX01,35.87305,1794,-50
walk_01,walk_cross_link,RX01,35.895152,1795,-50
walk_01,walk_cross_link,RX01,35.931803,1796,-50
walk_01,walk_cross_link,RX01,35.936789,1797,-50
walk_01,walk_cross_link,RX01,35.955882,1798,-50
walk_01,walk_cross_link,RX01,36.012793,1801,-50
walk_01,walk_cross_link,RX01,36.033374,1802,-50
walk_01,walk_cross_link,RX01,36.052773,1803,-50
walk_01,walk_cross_link,RX01,36.07724,1804,-50
walk_01,walk_cross_link,RX01,36.09277,1805,-50
walk_01,walk_cross_link,RX01,36.112783,1806,-50
walk_01,walk_cross_link,RX01,36.133411,1807,-50
walk_01,walk_cross_link,RX01,36.152756,1808,-50
walk_01,walk_cross_link,RX01,36.172759,1809,-50
walk_01,walk_cross_link,RX01,36.19277,1810,-50
walk_01,walk_cross_link,RX01,36.215131,1811,-50
walk_01,walk_cross_link,RX01,36.235945,1812,-50
walk_01,walk_cross_link,RX01,36.254216,1813,-50
walk_01,walk_cross_link,RX01,36.279302,1814,-50
walk_01,walk_cross_link,RX01,36.296157,1815,-50
walk_01,walk_cross_link,RX01,36.314168,1816,-50
walk_01,walk_cross_link,RX01,36.35024,1817,-50
walk_01,walk_cross_link,RX01,36.356601,1818,-50
walk_01,walk_cross_link,RX01,36.372759,1819,-50
walk_01,walk_cross_link,RX01,36.394563,1820,-50
walk_01,walk_cross_link,RX01,36.41275,1821,-50
walk_01,walk_cross_link,RX01,36.433273,1822,-50
walk_01,walk_cross_link,RX01,36.45482,1823,-50
walk_01,walk_cross_link,RX01,36.472792,1824,-50
walk_01,walk_cross_link,RX01,36.493901,1825,-49
walk_01,walk_cross_link,RX01,36.512766,1826,-50
walk_01,walk_cross_link,RX01,36.53566,1827,-50
walk_01,walk_cross_link,RX01,36.556748,1828,-50
walk_01,walk_cross_link,RX01,36.575924,1829,-50
walk_01,walk_cross_link,RX01,36.592752,1830,-50
walk_01,walk_cross_link,RX01,36.61277,1831,-50
walk_01,walk_cross_link,RX01,36.656615,1833,-50
walk_01,walk_cross_link,RX01,36.691408,1834,-50
walk_01,walk_cross_link,RX01,36.697435,1835,-50
walk_01,walk_cross_link,RX01,36.712748,1836,-50
walk_01,walk_cross_link,RX01,36.733984,1837,-50
walk_01,walk_cross_link,RX01,36.753141,1838,-50
walk_01,walk_cross_link,RX01,36.774996,1839,-50
walk_01,walk_cross_link,RX01,36.794595,1840,-49
walk_01,walk_cross_link,RX01,36.812766,1841,-49
walk_01,walk_cross_link,RX01,36.832743,1842,-50
walk_01,walk_cross_link,RX01,36.856641,1843,-50
walk_01,walk_cross_link,RX01,36.873262,1844,-49
walk_01,walk_cross_link,RX01,36.893351,1845,-50
walk_01,walk_cross_link,RX01,36.919143,1846,-49
walk_01,walk_cross_link,RX01,36.935569,1847,-50
walk_01,walk_cross_link,RX01,36.953809,1848,-49
walk_01,walk_cross_link,RX01,36.979775,1849,-49
walk_01,walk_cross_link,RX01,37.000476,1850,-50
walk_01,walk_cross_link,RX01,37.012744,1851,-50
walk_01,walk_cross_link,RX01,37.037396,1852,-50
walk_01,walk_cross_link,RX01,37.05456,1853,-50
walk_01,walk_cross_link,RX01,37.073397,1854,-49
walk_01,walk_cross_link,RX01,37.101222,1855,-49
walk_01,walk_cross_link,RX01,37.112727,1856,-49
walk_01,walk_cross_link,RX01,37.132749,1857,-49
walk_01,walk_cross_link,RX01,37.152741,1858,-49
walk_01,walk_cross_link,RX01,37.175802,1859,-49
walk_01,walk_cross_link,RX01,37.192743,1860,-49
walk_01,walk_cross_link,RX01,37.212721,1861,-49
walk_01,walk_cross_link,RX01,37.232719,1862,-49
walk_01,walk_cross_link,RX01,37.252782,1863,-50
walk_01,walk_cross_link,RX01,37.274021,1864,-50
walk_01,walk_cross_link,RX01,37.292721,1865,-50
walk_01,walk_cross_link,RX01,37.312749,1866,-50
walk_01,walk_cross_link,RX01,37.332713,1867,-50
walk_01,walk_cross_link,RX01,37.352736,1868,-50
walk_01,walk_cross_link,RX01,37.372739,1869,-49
walk_01,walk_cross_link,RX01,37.39317,1870,-50
walk_01,walk_cross_link,RX01,37.421574,1871,-50
walk_01,walk_cross_link,RX01,37.434004,1872,-50
walk_01,walk_cross_link,RX01,37.456244,1873,-50
walk_01,walk_cross_link,RX01,37.478731,1874,-49
walk_01,walk_cross_link,RX01,37.492708,1875,-50
walk_01,walk_cross_link,RX01,37.51271,1876,-49
walk_01,walk_cross_link,RX01,37.532706,1877,-49
walk_01,walk_cross_link,RX01,37.554638,1878,-49
walk_01,walk_cross_link,RX01,37.572725,1879,-50
walk_01,walk_cross_link,RX01,37.594174,1880,-50
walk_01,walk_cross_link,RX01,37.613234,1881,-49
walk_01,walk_cross_link,RX01,37.632707,1882,-49
walk_01,walk_cross_link,RX01,37.652995,1883,-49
walk_01,walk_cross_link,RX01,37.67274,1884,-50
walk_01,walk_cross_link,RX01,37.692771,1885,-49
walk_01,walk_cross_link,RX01,37.712748,1886,-50
walk_01,walk_cross_link,RX01,37.732719,1887,-50
walk_01,walk_cross_link,RX01,37.752704,1888,-50
walk_01,walk_cross_link,RX01,37.77777,1889,-50
walk_01,walk_cross_link,RX01,37.795363,1890,-50
walk_01,walk_cross_link,RX01,37.816333,1891,-49
walk_01,walk_cross_link,RX01,37.832724,1892,-50
walk_01,walk_cross_link,RX01,37.853712,1893,-50
walk_01,walk_cross_link,RX01,37.873167,1894,-50
walk_01,walk_cross_link,RX01,37.892727,1895,-49
walk_01,walk_cross_link,RX01,37.932695,1897,-50
walk_01,walk_cross_link,RX01,37.953271,1898,-50
walk_01,walk_cross_link,RX01,37.979616,1899,-50
walk_01,walk_cross_link,RX01,37.99502,1900,-50
walk_01,walk_cross_link,RX01,38.014231,1901,-50
walk_01,walk_cross_link,RX01,38.032702,1902,-50
walk_01,walk_cross_link,RX01,38.052693,1903,-50
walk_01,walk_cross_link,RX01,38.072699,1904,-50
walk_01,walk_cross_link,RX01,38.094137,1905,-50
walk_01,walk_cross_link,RX01,38.112712,1906,-49
walk_01,walk_cross_link,RX01,38.132704,1907,-49
walk_01,walk_cross_link,RX01,38.153643,1908,-49
walk_01,walk_cross_link,RX01,38.174204,1909,-49
walk_01,walk_cross_link,RX01,38.193443,1910,-49
walk_01,walk_cross_link,RX01,38.213405,1911,-49
walk_01,walk_cross_link,RX01,38.233141,1912,-49
walk_01,walk_cross_link,RX01,38.252763,1913,-49
walk_01,walk_cross_link,RX01,38.284259,1914,-50
walk_01,walk_cross_link,RX01,38.313374,1916,-50
walk_01,walk_cross_link,RX01,38.332681,1917,-49
walk_01,walk_cross_link,RX01,38.354561,1918,-50
walk_01,walk_cross_link,RX01,38.372689,1919,-50
walk_01,walk_cross_link,RX01,38.398281,1920,-50
walk_01,walk_cross_link,RX01,38.41293,1921,-50
walk_01,walk_cross_link,RX01,38.432695,1922,-50
walk_01,walk_cross_link,RX01,38.452681,1923,-50
walk_01,walk_cross_link,RX01,38.476969,1924,-50
walk_01,walk_cross_link,RX01,38.492706,1925,-50
walk_01,walk_cross_link,RX01,38.51732,1926,-49
walk_01,walk_cross_link,RX01,38.534841,1927,-49
walk_01,walk_cross_link,RX01,38.552696,1928,-50
walk_01,walk_cross_link,RX01,38.572682,1929,-50
walk_01,walk_cross_link,RX01,38.593214,1930,-50
walk_01,walk_cross_link,RX01,38.613206,1931,-50
walk_01,walk_cross_link,RX01,38.649289,1932,-50
walk_01,walk_cross_link,RX01,38.652688,1933,-50
walk_01,walk_cross_link,RX01,38.673,1934,-49
walk_01,walk_cross_link,RX01,38.694806,1935,-49
walk_01,walk_cross_link,RX01,38.715729,1936,-49
walk_01,walk_cross_link,RX01,38.733187,1937,-49
walk_01,walk_cross_link,RX01,38.757454,1938,-49
walk_01,walk_cross_link,RX01,38.774712,1939,-49
walk_01,walk_cross_link,RX01,38.810113,1940,-49
walk_01,walk_cross_link,RX01,38.826622,1941,-49
walk_01,walk_cross_link,RX01,38.833489,1942,-49
walk_01,walk_cross_link,RX01,38.858054,1943,-50
walk_01,walk_cross_link,RX01,38.873173,1944,-49
walk_01,walk_cross_link,RX01,38.892684,1945,-50
walk_01,walk_cross_link,RX01,38.926782,1946,-49
walk_01,walk_cross_link,RX01,38.932686,1947,-49
walk_01,walk_cross_link,RX01,38.96455,1948,-49
walk_01,walk_cross_link,RX01,38.983208,1949,-49
walk_01,walk_cross_link,RX01,38.993263,1950,-49
walk_01,walk_cross_link,RX01,39.027734,1951,-49
walk_01,walk_cross_link,RX01,39.032992,1952,-49
walk_01,walk_cross_link,RX01,39.062012,1953,-49
walk_01,walk_cross_link,RX01,39.074156,1954,-49
walk_01,walk_cross_link,RX01,39.095649,1955,-49
walk_01,walk_cross_link,RX01,39.117035,1956,-49
walk_01,walk_cross_link,RX01,39.134091,1957,-49
walk_01,walk_cross_link,RX01,39.160735,1958,-49
walk_01,walk_cross_link,RX01,39.177177,1959,-49
walk_01,walk_cross_link,RX01,39.192655,1960,-49
walk_01,walk_cross_link,RX01,39.212821,1961,-49
walk_01,walk_cross_link,RX01,39.233141,1962,-49
walk_01,walk_cross_link,RX01,39.253853,1963,-49
walk_01,walk_cross_link,RX01,39.272657,1964,-49
walk_01,walk_cross_link,RX01,39.294912,1965,-49
walk_01,walk_cross_link,RX01,39.312678,1966,-50
walk_01,walk_cross_link,RX01,39.33413,1967,-50
walk_01,walk_cross_link,RX01,39.354044,1968,-50
walk_01,walk_cross_link,RX01,39.372655,1969,-50
walk_01,walk_cross_link,RX01,39.393057,1970,-49
walk_01,walk_cross_link,RX01,39.41265,1971,-49
walk_01,walk_cross_link,RX01,39.432784,1972,-49
walk_01,walk_cross_link,RX01,39.456447,1973,-49
walk_01,walk_cross_link,RX01,39.472657,1974,-50
walk_01,walk_cross_link,RX01,39.494623,1975,-49
walk_01,walk_cross_link,RX01,39.516573,1976,-50
walk_01,walk_cross_link,RX01,39.533586,1977,-49
walk_01,walk_cross_link,RX01,39.557525,1978,-49
walk_01,walk_cross_link,RX01,39.576301,1979,-50
walk_01,walk_cross_link,RX01,39.599103,1980,-50
walk_01,walk_cross_link,RX01,39.635351,1981,-50
walk_01,walk_cross_link,RX01,39.663118,1983,-50
walk_01,walk_cross_link,RX01,39.678806,1984,-50
walk_01,walk_cross_link,RX01,39.696089,1985,-50
walk_01,walk_cross_link,RX01,39.716421,1986,-50
walk_01,walk_cross_link,RX01,39.744655,1987,-50
walk_01,walk_cross_link,RX01,39.75621,1988,-50
walk_01,walk_cross_link,RX01,39.780044,1989,-50
walk_01,walk_cross_link,RX01,39.800076,1990,-49
walk_01,walk_cross_link,RX01,39.8188,1991,-50
walk_01,walk_cross_link,RX01,39.8382,1992,-50
walk_01,walk_cross_link,RX01,39.857656,1993,-49
walk_01,walk_cross_link,RX01,39.8761,1994,-49
walk_01,walk_cross_link,RX01,39.897104,1995,-49
walk_01,walk_cross_link,RX01,39.91758,1996,-50
walk_01,walk_cross_link,RX01,39.936403,1997,-50
walk_01,walk_cross_link,RX01,39.956094,1998,-50
walk_01,walk_cross_link,RX01,39.979007,1999,-50
walk_01,walk_cross_link,RX01,39.996097,2000,-50
walk_01,walk_cross_link,RX01,40.017254,2001,-50
walk_01,walk_cross_link,RX01,40.037773,2002,-50
walk_01,walk_cross_link,RX01,40.057404,2003,-50
walk_01,walk_cross_link,RX01,40.081173,2004,-50
walk_01,walk_cross_link,RX01,40.096084,2005,-50
walk_01,walk_cross_link,RX01,40.116091,2006,-50
walk_01,walk_cross_link,RX01,40.157035,2008,-50
walk_01,walk_cross_link,RX01,40.186909,2009,-50
walk_01,walk_cross_link,RX01,40.19938,2010,-50
walk_01,walk_cross_link,RX01,40.222068,2011,-50
walk_01,walk_cross_link,RX01,40.236557,2012,-49
walk_01,walk_cross_link,RX01,40.260419,2013,-49
walk_01,walk_cross_link,RX01,40.279021,2014,-49
walk_01,walk_cross_link,RX01,40.299169,2015,-49
walk_01,walk_cross_link,RX01,40.31914,2016,-49
walk_01,walk_cross_link,RX01,40.339836,2017,-49
walk_01,walk_cross_link,RX01,40.376112,2019,-49
walk_01,walk_cross_link,RX01,40.396319,2020,-48
walk_01,walk_cross_link,RX01,40.434132,2021,-49
walk_01,walk_cross_link,RX01,40.438559,2022,-49
walk_01,walk_cross_link,RX01,40.45621,2023,-49
walk_01,walk_cross_link,RX01,40.488438,2024,-49
walk_01,walk_cross_link,RX01,40.496071,2025,-49
walk_01,walk_cross_link,RX01,40.518876,2026,-50
walk_01,walk_cross_link,RX01,40.541532,2027,-49
walk_01,walk_cross_link,RX01,40.558348,2028,-49
walk_01,walk_cross_link,RX01,40.576612,2029,-49
walk_01,walk_cross_link,RX01,40.596061,2030,-49
walk_01,walk_cross_link,RX01,40.617805,2031,-49
walk_01,walk_cross_link,RX01,40.636051,2032,-49
walk_01,walk_cross_link,RX01,40.657396,2033,-50
walk_01,walk_cross_link,RX01,40.678762,2034,-50
walk_01,walk_cross_link,RX01,40.696058,2035,-50
walk_01,walk_cross_link,RX01,40.716077,2036,-49
walk_01,walk_cross_link,RX01,40.736422,2037,-50
walk_01,walk_cross_link,RX01,40.756079,2038,-49
walk_01,walk_cross_link,RX01,40.776049,2039,-49
walk_01,walk_cross_link,RX01,40.796194,2040,-49
walk_01,walk_cross_link,RX01,40.818794,2041,-50
walk_01,walk_cross_link,RX01,40.83646,2042,-49
walk_01,walk_cross_link,RX01,40.857996,2043,-49
walk_01,walk_cross_link,RX01,40.877067,2044,-49
walk_01,walk_cross_link,RX01,40.90175,2045,-49
walk_01,walk_cross_link,RX01,40.919066,2046,-49
walk_01,walk_cross_link,RX01,40.936043,2047,-49
walk_01,walk_cross_link,RX01,40.958264,2048,-49
walk_01,walk_cross_link,RX01,40.976335,2049,-49
walk_01,walk_cross_link,RX01,40.996055,2050,-49
walk_01,walk_cross_link,RX01,41.016067,2051,-49
walk_01,walk_cross_link,RX01,41.036052,2052,-49
walk_01,walk_cross_link,RX01,41.056145,2053,-50
walk_01,walk_cross_link,RX01,41.07604,2054,-50
walk_01,walk_cross_link,RX01,41.097166,2055,-50
walk_01,walk_cross_link,RX01,41.116035,2056,-50
walk_01,walk_cross_link,RX01,41.136498,2057,-49
walk_01,walk_cross_link,RX01,41.157804,2058,-49
walk_01,walk_cross_link,RX01,41.177311,2059,-50
walk_01,walk_cross_link,RX01,41.197233,2060,-49
walk_01,walk_cross_link,RX01,41.216047,2061,-49
walk_01,walk_cross_link,RX01,41.237945,2062,-49
walk_01,walk_cross_link,RX01,41.256116,2063,-50
walk_01,walk_cross_link,RX01,41.276285,2064,-49
walk_01,walk_cross_link,RX01,41.298149,2065,-50
walk_01,walk_cross_link,RX01,41.316036,2066,-49
walk_01,walk_cross_link,RX01,41.33906,2067,-50
walk_01,walk_cross_link,RX01,41.357805,2068,-49
walk_01,walk_cross_link,RX01,41.376165,2069,-49
walk_01,walk_cross_link,RX01,41.396049,2070,-49
walk_01,walk_cross_link,RX01,41.416031,2071,-49
walk_01,walk_cross_link,RX01,41.436034,2072,-49
walk_01,walk_cross_link,RX01,41.456036,2073,-50
walk_01,walk_cross_link,RX01,41.476626,2074,-50
walk_01,walk_cross_link,RX01,41.496049,2075,-50
walk_01,walk_cross_link,RX01,41.516019,2076,-50
walk_01,walk_cross_link,RX01,41.536028,2077,-50
walk_01,walk_cross_link,RX01,41.559656,2078,-50
walk_01,walk_cross_link,RX01,41.616023,2081,-50
walk_01,walk_cross_link,RX01,41.63796,2082,-50
walk_01,walk_cross_link,RX01,41.656044,2083,-49
walk_01,walk_cross_link,RX01,41.67773,2084,-50
walk_01,walk_cross_link,RX01,41.696037,2085,-50
walk_01,walk_cross_link,RX01,41.716046,2086,-50
walk_01,walk_cross_link,RX01,41.73603,2087,-50
walk_01,walk_cross_link,RX01,41.758069,2088,-50
walk_01,walk_cross_link,RX01,41.778007,2089,-50
walk_01,walk_cross_link,RX01,41.796221,2090,-50
walk_01,walk_cross_link,RX01,41.818675,2091,-50
walk_01,walk_cross_link,RX01,41.836018,2092,-50
walk_01,walk_cross_link,RX01,41.856555,2093,-50
walk_01,walk_cross_link,RX01,41.880499,2094,-50
walk_01,walk_cross_link,RX01,41.896143,2095,-50
walk_01,walk_cross_link,RX01,41.917911,2096,-50
walk_01,walk_cross_link,RX01,41.936731,2097,-50
walk_01,walk_cross_link,RX01,41.956037,2098,-50
walk_01,walk_cross_link,RX01,41.976036,2099,-50
walk_01,walk_cross_link,RX01,41.996541,2100,-50
walk_01,walk_cross_link,RX01,42.016024,2101,-50
walk_01,walk_cross_link,RX01,42.036019,2102,-50
walk_01,walk_cross_link,RX01,42.056716,2103,-50
walk_01,walk_cross_link,RX01,42.076017,2104,-50
walk_01,walk_cross_link,RX01,42.100728,2105,-50
walk_01,walk_cross_link,RX01,42.116399,2106,-50
walk_01,walk_cross_link,RX01,42.136007,2107,-50
walk_01,walk_cross_link,RX01,42.156007,2108,-50
walk_01,walk_cross_link,RX01,42.17799,2109,-49
walk_01,walk_cross_link,RX01,42.19791,2110,-49
walk_01,walk_cross_link,RX01,42.21817,2111,-49
walk_01,walk_cross_link,RX01,42.236968,2112,-50
walk_01,walk_cross_link,RX01,42.256062,2113,-50
walk_01,walk_cross_link,RX01,42.276471,2114,-50
walk_01,walk_cross_link,RX01,42.296017,2115,-50
walk_01,walk_cross_link,RX01,42.323651,2116,-50
walk_01,walk_cross_link,RX01,42.336025,2117,-50
walk_01,walk_cross_link,RX01,42.356242,2118,-50
walk_01,walk_cross_link,RX01,42.37887,2119,-49
walk_01,walk_cross_link,RX01,42.398226,2120,-49
walk_01,walk_cross_link,RX01,42.416007,2121,-49
walk_01,walk_cross_link,RX01,42.43602,2122,-49
walk_01,walk_cross_link,RX01,42.455994,2123,-49
walk_01,walk_cross_link,RX01,42.475994,2124,-50
walk_01,walk_cross_link,RX01,42.496429,2125,-50
walk_01,walk_cross_link,RX01,42.515991,2126,-50
walk_01,walk_cross_link,RX01,42.535996,2127,-49
walk_01,walk_cross_link,RX01,42.556333,2128,-49
walk_01,walk_cross_link,RX01,42.577275,2129,-49
walk_01,walk_cross_link,RX01,42.618055,2131,-49
walk_01,walk_cross_link,RX01,42.638765,2132,-49
walk_01,walk_cross_link,RX01,42.657555,2133,-49
walk_01,walk_cross_link,RX01,42.679662,2134,-49
walk_01,walk_cross_link,RX01,42.701212,2135,-50
walk_01,walk_cross_link,RX01,42.718028,2136,-50
walk_01,walk_cross_link,RX01,42.736012,2137,-50
walk_01,walk_cross_link,RX01,42.756086,2138,-50
walk_01,walk_cross_link,RX01,42.77599,2139,-50
walk_01,walk_cross_link,RX01,42.795996,2140,-50
walk_01,walk_cross_link,RX01,42.816122,2141,-50
walk_01,walk_cross_link,RX01,42.835978,2142,-50
walk_01,walk_cross_link,RX01,42.858334,2143,-50
walk_01,walk_cross_link,RX01,42.877645,2144,-50
walk_01,walk_cross_link,RX01,42.896,2145,-50
walk_01,walk_cross_link,RX01,42.918131,2146,-50
walk_01,walk_cross_link,RX01,42.938049,2147,-50
walk_01,walk_cross_link,RX01,42.955995,2148,-50
walk_01,walk_cross_link,RX01,42.975995,2149,-50
walk_01,walk_cross_link,RX01,42.995977,2150,-50
walk_01,walk_cross_link,RX01,43.015997,2151,-50
walk_01,walk_cross_link,RX01,43.037563,2152,-50
walk_01,walk_cross_link,RX01,43.056007,2153,-50
walk_01,walk_cross_link,RX01,43.077698,2154,-50
walk_01,walk_cross_link,RX01,43.101086,2155,-50
walk_01,walk_cross_link,RX01,43.11653,2156,-50
walk_01,walk_cross_link,RX01,43.136225,2157,-50
walk_01,walk_cross_link,RX01,43.155983,2158,-50
walk_01,walk_cross_link,RX01,43.178934,2159,-50
walk_01,walk_cross_link,RX01,43.196257,2160,-50
walk_01,walk_cross_link,RX01,43.217426,2161,-50
walk_01,walk_cross_link,RX01,43.235987,2162,-50
walk_01,walk_cross_link,RX01,43.256052,2163,-50
walk_01,walk_cross_link,RX01,43.276309,2164,-50
walk_01,walk_cross_link,RX01,43.296236,2165,-50
walk_01,walk_cross_link,RX01,43.315989,2166,-50
walk_01,walk_cross_link,RX01,43.340692,2167,-50
walk_01,walk_cross_link,RX01,43.3561,2168,-50
walk_01,walk_cross_link,RX01,43.378732,2169,-50
walk_01,walk_cross_link,RX01,43.396476,2170,-50
walk_01,walk_cross_link,RX01,43.41821,2171,-50
walk_01,walk_cross_link,RX01,43.438659,2172,-49
walk_01,walk_cross_link,RX01,43.455996,2173,-49
walk_01,walk_cross_link,RX01,43.475966,2174,-49
walk_01,walk_cross_link,RX01,43.498881,2175,-50
walk_01,walk_cross_link,RX01,43.518292,2176,-50
walk_01,walk_cross_link,RX01,43.535979,2177,-50
walk_01,walk_cross_link,RX01,43.558781,2178,-49
walk_01,walk_cross_link,RX01,43.575973,2179,-49
walk_01,walk_cross_link,RX01,43.595953,2180,-49
walk_01,walk_cross_link,RX01,43.622945,2181,-49
walk_01,walk_cross_link,RX01,43.638298,2182,-49
walk_01,walk_cross_link,RX01,43.656733,2183,-49
walk_01,walk_cross_link,RX01,43.677555,2184,-49
walk_01,walk_cross_link,RX01,43.696989,2185,-49
walk_01,walk_cross_link,RX01,43.717094,2186,-49
walk_01,walk_cross_link,RX01,43.737349,2187,-49
walk_01,walk_cross_link,RX01,43.755956,2188,-48
walk_01,walk_cross_link,RX01,43.775977,2189,-49
walk_01,walk_cross_link,RX01,43.797308,2190,-49
walk_01,walk_cross_link,RX01,43.817823,2191,-49
walk_01,walk_cross_link,RX01,43.839828,2192,-50
walk_01,walk_cross_link,RX01,43.858927,2193,-51
walk_01,walk_cross_link,RX01,43.875955,2194,-51
walk_01,walk_cross_link,RX01,43.897997,2195,-51
walk_01,walk_cross_link,RX01,43.918554,2196,-51
walk_01,walk_cross_link,RX01,43.938466,2197,-51
walk_01,walk_cross_link,RX01,43.960525,2198,-51
walk_01,walk_cross_link,RX01,43.975945,2199,-51
walk_01,walk_cross_link,RX01,43.995951,2200,-51
walk_01,walk_cross_link,RX01,44.017282,2201,-51
walk_01,walk_cross_link,RX01,44.036603,2202,-51
walk_01,walk_cross_link,RX01,44.0587,2203,-51
walk_01,walk_cross_link,RX01,44.075945,2204,-50
walk_01,walk_cross_link,RX01,44.096161,2205,-50
walk_01,walk_cross_link,RX01,44.119698,2206,-50
walk_01,walk_cross_link,RX01,44.139025,2207,-50
walk_01,walk_cross_link,RX01,44.157693,2208,-50
walk_01,walk_cross_link,RX01,44.175942,2209,-50
walk_01,walk_cross_link,RX01,44.195941,2210,-50
walk_01,walk_cross_link,RX01,44.215961,2211,-50
walk_01,walk_cross_link,RX01,44.241403,2212,-49
walk_01,walk_cross_link,RX01,44.257226,2213,-49
walk_01,walk_cross_link,RX01,44.276824,2214,-49
walk_01,walk_cross_link,RX01,44.295945,2215,-49
walk_01,walk_cross_link,RX01,44.318069,2216,-49
walk_01,walk_cross_link,RX01,44.337512,2217,-49
walk_01,walk_cross_link,RX01,44.355955,2218,-49
walk_01,walk_cross_link,RX01,44.377509,2219,-48
walk_01,walk_cross_link,RX01,44.398786,2220,-49
walk_01,walk_cross_link,RX01,44.416975,2221,-49
walk_01,walk_cross_link,RX01,44.435931,2222,-50
walk_01,walk_cross_link,RX01,44.456061,2223,-50
walk_01,walk_cross_link,RX01,44.47886,2224,-51
walk_01,walk_cross_link,RX01,44.497373,2225,-51
walk_01,walk_cross_link,RX01,44.515954,2226,-52
walk_01,walk_cross_link,RX01,44.53594,2227,-53
walk_01,walk_cross_link,RX01,44.556537,2228,-54
walk_01,walk_cross_link,RX01,44.576433,2229,-54
walk_01,walk_cross_link,RX01,44.59594,2230,-53
walk_01,walk_cross_link,RX01,44.616252,2231,-53
walk_01,walk_cross_link,RX01,44.635929,2232,-53
walk_01,walk_cross_link,RX01,44.659479,2233,-54
walk_01,walk_cross_link,RX01,44.678832,2234,-54
walk_01,walk_cross_link,RX01,44.695929,2235,-53
walk_01,walk_cross_link,RX01,44.7164,2236,-54
walk_01,walk_cross_link,RX01,44.735945,2237,-54
walk_01,walk_cross_link,RX01,44.755924,2238,-54
walk_01,walk_cross_link,RX01,44.781244,2239,-54
walk_01,walk_cross_link,RX01,44.79594,2240,-54
walk_01,walk_cross_link,RX01,44.815938,2241,-54
walk_01,walk_cross_link,RX01,44.836493,2242,-54
walk_01,walk_cross_link,RX01,44.856119,2243,-53
walk_01,walk_cross_link,RX01,44.876032,2244,-55
walk_01,walk_cross_link,RX01,44.895911,2245,-54
walk_01,walk_cross_link,RX01,44.915931,2246,-55
walk_01,walk_cross_link,RX01,44.938906,2247,-55
walk_01,walk_cross_link,RX01,44.95822,2248,-54
walk_01,walk_cross_link,RX01,44.975933,2249,-53
walk_01,walk_cross_link,RX01,44.997767,2250,-54
walk_01,walk_cross_link,RX01,45.017133,2251,-53
walk_01,walk_cross_link,RX01,45.036437,2252,-53
walk_01,walk_cross_link,RX01,45.056454,2253,-55
walk_01,walk_cross_link,RX01,45.076198,2254,-54
walk_01,walk_cross_link,RX01,45.100665,2255,-55
walk_01,walk_cross_link,RX01,45.117062,2256,-55
walk_01,walk_cross_link,RX01,45.137264,2257,-55
walk_01,walk_cross_link,RX01,45.15673,2258,-55
walk_01,walk_cross_link,RX01,45.1762,2259,-55
walk_01,walk_cross_link,RX01,45.195888,2260,-54
walk_01,walk_cross_link,RX01,45.217413,2261,-54
walk_01,walk_cross_link,RX01,45.239651,2262,-54
walk_01,walk_cross_link,RX01,45.260529,2263,-54
walk_01,walk_cross_link,RX01,45.275896,2264,-54
walk_01,walk_cross_link,RX01,45.295925,2265,-54
walk_01,walk_cross_link,RX01,45.317459,2266,-54
walk_01,walk_cross_link,RX01,45.337861,2267,-56
walk_01,walk_cross_link,RX01,45.358135,2268,-54
walk_01,walk_cross_link,RX01,45.377232,2269,-54
walk_01,walk_cross_link,RX01,45.39605,2270,-54
walk_01,walk_cross_link,RX01,45.415912,2271,-54
walk_01,walk_cross_link,RX01,45.436054,2272,-54
walk_01,walk_cross_link,RX01,45.456215,2273,-54
walk_01,walk_cross_link,RX01,45.480049,2274,-54
walk_01,walk_cross_link,RX01,45.496771,2275,-54
walk_01,walk_cross_link,RX01,45.515906,2276,-54
walk_01,walk_cross_link,RX01,45.538857,2277,-54
walk_01,walk_cross_link,RX01,45.557974,2278,-55
walk_01,walk_cross_link,RX01,45.578071,2279,-55
walk_01,walk_cross_link,RX01,45.595891,2280,-55
walk_01,walk_cross_link,RX01,45.615882,2281,-54
walk_01,walk_cross_link,RX01,45.636379,2282,-53
walk_01,walk_cross_link,RX01,45.657486,2283,-54
walk_01,walk_cross_link,RX01,45.678319,2284,-54
walk_01,walk_cross_link,RX01,45.69782,2285,-54
walk_01,walk_cross_link,RX01,45.716957,2286,-54
walk_01,walk_cross_link,RX01,45.735882,2287,-54
walk_01,walk_cross_link,RX01,45.756257,2288,-54
walk_01,walk_cross_link,RX01,45.780716,2289,-53
walk_01,walk_cross_link,RX01,45.796028,2290,-53
walk_01,walk_cross_link,RX01,45.815882,2291,-55
walk_01,walk_cross_link,RX01,45.83745,2292,-53
walk_01,walk_cross_link,RX01,45.858418,2293,-53
walk_01,walk_cross_link,RX01,45.87588,2294,-55
walk_01,walk_cross_link,RX01,45.897889,2295,-53
walk_01,walk_cross_link,RX01,45.916039,2296,-55
walk_01,walk_cross_link,RX01,45.935868,2297,-54
walk_01,walk_cross_link,RX01,45.95885,2298,-54
walk_01,walk_cross_link,RX01,45.976677,2299,-54
walk_01,walk_cross_link,RX01,46.011123,2300,-54
walk_01,walk_cross_link,RX01,46.016057,2301,-54
walk_01,walk_cross_link,RX01,46.03587,2302,-53
walk_01,walk_cross_link,RX01,46.061233,2303,-52
walk_01,walk_cross_link,RX01,46.08468,2304,-52
walk_01,walk_cross_link,RX01,46.095886,2305,-52
walk_01,walk_cross_link,RX01,46.119087,2306,-52
walk_01,walk_cross_link,RX01,46.136398,2307,-52
walk_01,walk_cross_link,RX01,46.155868,2308,-52
walk_01,walk_cross_link,RX01,46.182828,2309,-52
walk_01,walk_cross_link,RX01,46.196255,2310,-52
walk_01,walk_cross_link,RX01,46.218,2311,-52
walk_01,walk_cross_link,RX01,46.237549,2312,-52
walk_01,walk_cross_link,RX01,46.255941,2313,-52
walk_01,walk_cross_link,RX01,46.276791,2314,-52
walk_01,walk_cross_link,RX01,46.297376,2315,-52
walk_01,walk_cross_link,RX01,46.317382,2316,-52
walk_01,walk_cross_link,RX01,46.33587,2317,-52
walk_01,walk_cross_link,RX01,46.355871,2318,-51
walk_01,walk_cross_link,RX01,46.376432,2319,-51
walk_01,walk_cross_link,RX01,46.396496,2320,-52
walk_01,walk_cross_link,RX01,46.418718,2321,-51
walk_01,walk_cross_link,RX01,46.457961,2323,-51
walk_01,walk_cross_link,RX01,46.477999,2324,-51
walk_01,walk_cross_link,RX01,46.512459,2325,-50
walk_01,walk_cross_link,RX01,46.522028,2326,-50
walk_01,walk_cross_link,RX01,46.536738,2327,-50
walk_01,walk_cross_link,RX01,46.558871,2328,-49
walk_01,walk_cross_link,RX01,46.57599,2329,-49
walk_01,walk_cross_link,RX01,46.608589,2330,-49
walk_01,walk_cross_link,RX01,46.616562,2331,-49
walk_01,walk_cross_link,RX01,46.635841,2332,-49
walk_01,walk_cross_link,RX01,46.659367,2333,-49
walk_01,walk_cross_link,RX01,46.682103,2334,-49
walk_01,walk_cross_link,RX01,46.735891,2337,-50
walk_01,walk_cross_link,RX01,46.771808,2338,-49
walk_01,walk_cross_link,RX01,46.778193,2339,-49
walk_01,walk_cross_link,RX01,46.801701,2340,-49
walk_01,walk_cross_link,RX01,46.817639,2341,-49
walk_01,walk_cross_link,RX01,46.837289,2342,-49
walk_01,walk_cross_link,RX01,46.855835,2343,-49
walk_01,walk_cross_link,RX01,46.884532,2344,-49
walk_01,walk_cross_link,RX01,46.899664,2345,-49
walk_01,walk_cross_link,RX01,46.921562,2346,-49
walk_01,walk_cross_link,RX01,46.936217,2347,-49
walk_01,walk_cross_link,RX01,46.957045,2348,-49
walk_01,walk_cross_link,RX01,46.97659,2349,-49
walk_01,walk_cross_link,RX01,47.002307,2350,-49
walk_01,walk_cross_link,RX01,47.016258,2351,-49
walk_01,walk_cross_link,RX01,47.039723,2352,-49
walk_01,walk_cross_link,RX01,47.056746,2353,-49
walk_01,walk_cross_link,RX01,47.091248,2354,-49
walk_01,walk_cross_link,RX01,47.096398,2355,-49
walk_01,walk_cross_link,RX01,47.116853,2356,-49
walk_01,walk_cross_link,RX01,47.141875,2357,-49
walk_01,walk_cross_link,RX01,47.155829,2358,-49
walk_01,walk_cross_link,RX01,47.176077,2359,-49
walk_01,walk_cross_link,RX01,47.197269,2360,-48
walk_01,walk_cross_link,RX01,47.218978,2361,-49
walk_01,walk_cross_link,RX01,47.245818,2362,-49
walk_01,walk_cross_link,RX01,47.255898,2363,-49
walk_01,walk_cross_link,RX01,47.276804,2364,-49
walk_01,walk_cross_link,RX01,47.300556,2365,-50
walk_01,walk_cross_link,RX01,47.317555,2366,-50
walk_01,walk_cross_link,RX01,47.349271,2367,-50
walk_01,walk_cross_link,RX01,47.376874,2369,-50
walk_01,walk_cross_link,RX01,47.405083,2370,-50
walk_01,walk_cross_link,RX01,47.41657,2371,-50
walk_01,walk_cross_link,RX01,47.438136,2372,-50
walk_01,walk_cross_link,RX01,47.455847,2373,-50
walk_01,walk_cross_link,RX01,47.47824,2374,-50
walk_01,walk_cross_link,RX01,47.49643,2375,-50
walk_01,walk_cross_link,RX01,47.526155,2376,-50
walk_01,walk_cross_link,RX01,47.540492,2377,-50
walk_01,walk_cross_link,RX01,47.558252,2378,-50
walk_01,walk_cross_link,RX01,47.577349,2379,-50
walk_01,walk_cross_link,RX01,47.595842,2380,-50
walk_01,walk_cross_link,RX01,47.628732,2381,-50
walk_01,walk_cross_link,RX01,47.6381,2382,-50
walk_01,walk_cross_link,RX01,47.667291,2383,-50
walk_01,walk_cross_link,RX01,47.675814,2384,-50
walk_01,walk_cross_link,RX01,47.697285,2385,-50
walk_01,walk_cross_link,RX01,47.743595,2387,-50
walk_01,walk_cross_link,RX01,47.758161,2388,-50
walk_01,walk_cross_link,RX01,47.775805,2389,-49
walk_01,walk_cross_link,RX01,47.795823,2390,-50
walk_01,walk_cross_link,RX01,47.838025,2392,-49
walk_01,walk_cross_link,RX01,47.86304,2393,-50
walk_01,walk_cross_link,RX01,47.877281,2394,-49
walk_01,walk_cross_link,RX01,47.897655,2395,-50
walk_01,walk_cross_link,RX01,47.916066,2396,-50
walk_01,walk_cross_link,RX01,47.942057,2397,-50
walk_01,walk_cross_link,RX01,47.955819,2398,-50
walk_01,walk_cross_link,RX01,47.99384,2399,-49
walk_01,walk_cross_link,RX01,47.998333,2400,-50
walk_01,walk_cross_link,RX01,48.015796,2401,-49
walk_01,walk_cross_link,RX01,48.038174,2402,-50
walk_01,walk_cross_link,RX01,48.058055,2403,-50
walk_01,walk_cross_link,RX01,48.075815,2404,-50
walk_01,walk_cross_link,RX01,48.095814,2405,-50
walk_01,walk_cross_link,RX01,48.115906,2406,-50
walk_01,walk_cross_link,RX01,48.140678,2407,-50
walk_01,walk_cross_link,RX01,48.155821,2408,-50
walk_01,walk_cross_link,RX01,48.175819,2409,-50
walk_01,walk_cross_link,RX01,48.197755,2410,-50
walk_01,walk_cross_link,RX01,48.217756,2411,-50
walk_01,walk_cross_link,RX01,48.235802,2412,-50
walk_01,walk_cross_link,RX01,48.262848,2413,-50
walk_01,walk_cross_link,RX01,48.275805,2414,-49
walk_01,walk_cross_link,RX01,48.297866,2415,-50
walk_01,walk_cross_link,RX01,48.318144,2416,-49
walk_01,walk_cross_link,RX01,48.396348,2420,-49
walk_01,walk_cross_link,RX01,48.416538,2421,-49
walk_01,walk_cross_link,RX01,48.44224,2422,-49
walk_01,walk_cross_link,RX01,48.456874,2423,-49
walk_01,walk_cross_link,RX01,48.476182,2424,-49
walk_01,walk_cross_link,RX01,48.508511,2425,-49
walk_01,walk_cross_link,RX01,48.516468,2426,-49
walk_01,walk_cross_link,RX01,48.574552,2428,-49
walk_01,walk_cross_link,RX01,48.578668,2429,-49
walk_01,walk_cross_link,RX01,48.598695,2430,-49
walk_01,walk_cross_link,RX01,48.618859,2431,-49
walk_01,walk_cross_link,RX01,48.638369,2432,-49
walk_01,walk_cross_link,RX01,48.657361,2433,-49
walk_01,walk_cross_link,RX01,48.676155,2434,-49
walk_01,walk_cross_link,RX01,48.700363,2435,-50
walk_01,walk_cross_link,RX01,48.721283,2436,-50
walk_01,walk_cross_link,RX01,48.735766,2437,-50
walk_01,walk_cross_link,RX01,48.755893,2438,-50
walk_01,walk_cross_link,RX01,48.775776,2439,-50
walk_01,walk_cross_link,RX01,48.795763,2440,-50
walk_01,walk_cross_link,RX01,48.820477,2441,-50
walk_01,walk_cross_link,RX01,48.837111,2442,-50
walk_01,walk_cross_link,RX01,48.857366,2443,-50
walk_01,walk_cross_link,RX01,48.877227,2444,-50
walk_01,walk_cross_link,RX01,48.895776,2445,-50
walk_01,walk_cross_link,RX01,48.915789,2446,-50
walk_01,walk_cross_link,RX01,48.937248,2447,-50
walk_01,walk_cross_link,RX01,48.973533,2448,-50
walk_01,walk_cross_link,RX01,48.984115,2449,-50
walk_01,walk_cross_link,RX01,48.995759,2450,-50
walk_01,walk_cross_link,RX01,49.015755,2451,-50
walk_01,walk_cross_link,RX01,49.035767,2452,-50
walk_01,walk_cross_link,RX01,49.058102,2453,-50
walk_01,walk_cross_link,RX01,49.0824,2454,-50
walk_01,walk_cross_link,RX01,49.095766,2455,-50
walk_01,walk_cross_link,RX01,49.130856,2456,-50
walk_01,walk_cross_link,RX01,49.135785,2457,-50
walk_01,walk_cross_link,RX01,49.156618,2458,-50
walk_01,walk_cross_link,RX01,49.180864,2459,-50
walk_01,walk_cross_link,RX01,49.201169,2460,-50
walk_01,walk_cross_link,RX01,49.227802,2461,-50
walk_01,walk_cross_link,RX01,49.247309,2462,-50
walk_01,walk_cross_link,RX01,49.260288,2463,-50
walk_01,walk_cross_link,RX01,49.28973,2464,-50
walk_01,walk_cross_link,RX01,49.301961,2465,-50
walk_01,walk_cross_link,RX01,49.335881,2467,-50
walk_01,walk_cross_link,RX01,49.35737,2468,-50
walk_01,walk_cross_link,RX01,49.380765,2469,-50
walk_01,walk_cross_link,RX01,49.395758,2470,-50
walk_01,walk_cross_link,RX01,49.41688,2471,-50
walk_01,walk_cross_link,RX01,49.438081,2472,-50
walk_01,walk_cross_link,RX01,49.457568,2473,-50
walk_01,walk_cross_link,RX01,49.476555,2474,-50
walk_01,walk_cross_link,RX01,49.49575,2475,-50
walk_01,walk_cross_link,RX01,49.515744,2476,-50
walk_01,walk_cross_link,RX01,49.540456,2477,-50
walk_01,walk_cross_link,RX01,49.556183,2478,-50
walk_01,walk_cross_link,RX01,49.575742,2479,-50
walk_01,walk_cross_link,RX01,49.596164,2480,-50
walk_01,walk_cross_link,RX01,49.616754,2481,-49
walk_01,walk_cross_link,RX01,49.636803,2482,-50
walk_01,walk_cross_link,RX01,49.65608,2483,-49
walk_01,walk_cross_link,RX01,49.676575,2484,-49
walk_01,walk_cross_link,RX01,49.696443,2485,-50
walk_01,walk_cross_link,RX01,49.715802,2486,-50
walk_01,walk_cross_link,RX01,49.736912,2487,-50
walk_01,walk_cross_link,RX01,49.755746,2488,-50
walk_01,walk_cross_link,RX01,49.778977,2489,-49
walk_01,walk_cross_link,RX01,49.798839,2490,-49
walk_01,walk_cross_link,RX01,49.815756,2491,-49
walk_01,walk_cross_link,RX01,49.835742,2492,-50
walk_01,walk_cross_link,RX01,49.855724,2493,-50
walk_01,walk_cross_link,RX01,49.875898,2494,-50
walk_01,walk_cross_link,RX01,49.895727,2495,-50
walk_01,walk_cross_link,RX01,49.915729,2496,-49
walk_01,walk_cross_link,RX01,49.93811,2497,-50
walk_01,walk_cross_link,RX01,49.956587,2498,-49
walk_01,walk_cross_link,RX01,49.975847,2499,-49
walk_01,walk_cross_link,RX02,10.014177,501,-53
walk_01,walk_cross_link,RX02,10.035439,502,-53
walk_01,walk_cross_link,RX02,10.055164,503,-53
walk_01,walk_cross_link,RX02,10.074503,504,-54
walk_01,walk_cross_link,RX02,10.095399,505,-54
walk_01,walk_cross_link,RX02,10.116574,506,-54
walk_01,walk_cross_link,RX02,10.137831,507,-54
walk_01,walk_cross_link,RX02,10.157365,508,-53
walk_01,walk_cross_link,RX02,10.173836,509,-53
walk_01,walk_cross_link,RX02,10.193904,510,-54
walk_01,walk_cross_link,RX02,10.213837,511,-53
walk_01,walk_cross_link,RX02,10.240245,512,-54
walk_01,walk_cross_link,RX02,10.254585,513,-54
walk_01,walk_cross_link,RX02,10.273856,514,-54
walk_01,walk_cross_link,RX02,10.293827,515,-54
walk_01,walk_cross_link,RX02,10.313845,516,-54
walk_01,walk_cross_link,RX02,10.334793,517,-54
walk_01,walk_cross_link,RX02,10.35489,518,-54
walk_01,walk_cross_link,RX02,10.37496,519,-54
walk_01,walk_cross_link,RX02,10.393831,520,-54
walk_01,walk_cross_link,RX02,10.415375,521,-54
walk_01,walk_cross_link,RX02,10.433849,522,-54
walk_01,walk_cross_link,RX02,10.453827,523,-54
walk_01,walk_cross_link,RX02,10.477352,524,-54
walk_01,walk_cross_link,RX02,10.493859,525,-54
walk_01,walk_cross_link,RX02,10.514375,526,-54
walk_01,walk_cross_link,RX02,10.539597,527,-54
walk_01,walk_cross_link,RX02,10.55637,528,-54
walk_01,walk_cross_link,RX02,10.576708,529,-54
walk_01,walk_cross_link,RX02,10.593842,530,-54
walk_01,walk_cross_link,RX02,10.618793,531,-53
walk_01,walk_cross_link,RX02,10.634469,532,-53
walk_01,walk_cross_link,RX02,10.654377,533,-54
walk_01,walk_cross_link,RX02,10.673839,534,-54
walk_01,walk_cross_link,RX02,10.693837,535,-54
walk_01,walk_cross_link,RX02,10.713856,536,-55
walk_01,walk_cross_link,RX02,10.736861,537,-53
walk_01,walk_cross_link,RX02,10.75681,538,-54
walk_01,walk_cross_link,RX02,10.773975,539,-54
walk_01,walk_cross_link,RX02,10.795181,540,-54
walk_01,walk_cross_link,RX02,10.815489,541,-53
walk_01,walk_cross_link,RX02,10.839265,542,-54
walk_01,walk_cross_link,RX02,10.854644,543,-54
walk_01,walk_cross_link,RX02,10.875612,544,-53
walk_01,walk_cross_link,RX02,10.893836,545,-53
walk_01,walk_cross_link,RX02,10.917913,546,-53
walk_01,walk_cross_link,RX02,10.935792,547,-54
walk_01,walk_cross_link,RX02,10.957047,548,-53
walk_01,walk_cross_link,RX02,10.973842,549,-53
walk_01,walk_cross_link,RX02,10.996779,550,-53
walk_01,walk_cross_link,RX02,11.013826,551,-55
walk_01,walk_cross_link,RX02,11.033816,552,-55
walk_01,walk_cross_link,RX02,11.057347,553,-53
walk_01,walk_cross_link,RX02,11.075938,554,-54
walk_01,walk_cross_link,RX02,11.094758,555,-54
walk_01,walk_cross_link,RX02,11.114533,556,-54
walk_01,walk_cross_link,RX02,11.136799,557,-54
walk_01,walk_cross_link,RX02,11.153996,558,-54
walk_01,walk_cross_link,RX02,11.174104,559,-54
walk_01,walk_cross_link,RX02,11.193841,560,-54
walk_01,walk_cross_link,RX02,11.21694,561,-54
walk_01,walk_cross_link,RX02,11.233847,562,-53
walk_01,walk_cross_link,RX02,11.256403,563,-54
walk_01,walk_cross_link,RX02,11.276642,564,-53
walk_01,walk_cross_link,RX02,11.298286,565,-54
walk_01,walk_cross_link,RX02,11.313845,566,-54
walk_01,walk_cross_link,RX02,11.335504,567,-53
walk_01,walk_cross_link,RX02,11.358809,568,-54
walk_01,walk_cross_link,RX02,11.37624,569,-54
walk_01,walk_cross_link,RX02,11.398979,570,-53
walk_01,walk_cross_link,RX02,11.413829,571,-54
walk_01,walk_cross_link,RX02,11.433839,572,-54
walk_01,walk_cross_link,RX02,11.456468,573,-54
walk_01,walk_cross_link,RX02,11.47385,574,-55
walk_01,walk_cross_link,RX02,11.501392,575,-54
walk_01,walk_cross_link,RX02,11.513832,576,-55
walk_01,walk_cross_link,RX02,11.534253,577,-54
walk_01,walk_cross_link,RX02,11.556099,578,-54
walk_01,walk_cross_link,RX02,11.576021,579,-55
walk_01,walk_cross_link,RX02,11.59807,580,-54
walk_01,walk_cross_link,RX02,11.614377,581,-54
walk_01,walk_cross_link,RX02,11.634738,582,-55
walk_01,walk_cross_link,RX02,11.65381,583,-54
walk_01,walk_cross_link,RX02,11.67523,584,-54
walk_01,walk_cross_link,RX02,11.696303,585,-53
walk_01,walk_cross_link,RX02,11.716801,586,-55
walk_01,walk_cross_link,RX02,11.733816,587,-53
walk_01,walk_cross_link,RX02,11.755031,588,-55
walk_01,walk_cross_link,RX02,11.776283,589,-53
walk_01,walk_cross_link,RX02,11.793822,590,-54
walk_01,walk_cross_link,RX02,11.815673,591,-53
walk_01,walk_cross_link,RX02,11.834696,592,-53
walk_01,walk_cross_link,RX02,11.857408,593,-55
walk_01,walk_cross_link,RX02,11.876562,594,-54
walk_01,walk_cross_link,RX02,11.897465,595,-53
walk_01,walk_cross_link,RX02,11.915109,596,-54
walk_01,walk_cross_link,RX02,11.935731,597,-54
walk_01,walk_cross_link,RX02,11.953809,598,-54
walk_01,walk_cross_link,RX02,11.973812,599,-54
walk_01,walk_cross_link,RX02,11.998497,600,-54
walk_01,walk_cross_link,RX02,12.013799,601,-54
walk_01,walk_cross_link,RX02,12.038275,602,-53
walk_01,walk_cross_link,RX02,12.055242,603,-54
walk_01,walk_cross_link,RX02,12.075606,604,-54
walk_01,walk_cross_link,RX02,12.115248,606,-53
walk_01,walk_cross_link,RX02,12.135832,607,-54
walk_01,walk_cross_link,RX02,12.158894,608,-54
walk_01,walk_cross_link,RX02,12.17379,609,-54
walk_01,walk_cross_link,RX02,12.193821,610,-55
walk_01,walk_cross_link,RX02,12.218207,611,-54
walk_01,walk_cross_link,RX02,12.233823,612,-54
walk_01,walk_cross_link,RX02,12.254394,613,-55
walk_01,walk_cross_link,RX02,12.273801,614,-54
walk_01,walk_cross_link,RX02,12.294981,615,-54
walk_01,walk_cross_link,RX02,12.314321,616,-54
walk_01,walk_cross_link,RX02,12.333815,617,-55
walk_01,walk_cross_link,RX02,12.356388,618,-54
walk_01,walk_cross_link,RX02,12.375317,619,-53
walk_01,walk_cross_link,RX02,12.39525,620,-55
walk_01,walk_cross_link,RX02,12.413815,621,-54
walk_01,walk_cross_link,RX02,12.433819,622,-55
walk_01,walk_cross_link,RX02,12.453935,623,-53
walk_01,walk_cross_link,RX02,12.474434,624,-53
walk_01,walk_cross_link,RX02,12.493787,625,-55
walk_01,walk_cross_link,RX02,12.513931,626,-55
walk_01,walk_cross_link,RX02,12.536011,627,-55
walk_01,walk_cross_link,RX02,12.553809,628,-53
walk_01,walk_cross_link,RX02,12.574233,629,-53
walk_01,walk_cross_link,RX02,12.595254,630,-54
walk_01,walk_cross_link,RX02,12.62198,631,-54
walk_01,walk_cross_link,RX02,12.634989,632,-53
walk_01,walk_cross_link,RX02,12.654585,633,-53
walk_01,walk_cross_link,RX02,12.67664,634,-55
walk_01,walk_cross_link,RX02,12.698211,635,-54
walk_01,walk_cross_link,RX02,12.713803,636,-55
walk_01,walk_cross_link,RX02,12.733804,637,-54
walk_01,walk_cross_link,RX02,12.754164,638,-54
walk_01,walk_cross_link,RX02,12.773789,639,-54
walk_01,walk_cross_link,RX02,12.794102,640,-53
walk_01,walk_cross_link,RX02,12.814996,641,-55
walk_01,walk_cross_link,RX02,12.83394,642,-53
walk_01,walk_cross_link,RX02,12.853777,643,-54
walk_01,walk_cross_link,RX02,12.874705,644,-54
walk_01,walk_cross_link,RX02,12.89485,645,-54
walk_01,walk_cross_link,RX02,12.915275,646,-54
walk_01,walk_cross_link,RX02,12.93571,647,-54
walk_01,walk_cross_link,RX02,12.953784,648,-54
walk_01,walk_cross_link,RX02,12.973777,649,-54
walk_01,walk_cross_link,RX02,12.994093,650,-54
walk_01,walk_cross_link,RX02,13.013988,651,-54
walk_01,walk_cross_link,RX02,13.033807,652,-54
walk_01,walk_cross_link,RX02,13.053778,653,-54
walk_01,walk_cross_link,RX02,13.075851,654,-54
walk_01,walk_cross_link,RX02,13.093868,655,-54
walk_01,walk_cross_link,RX02,13.114084,656,-54
walk_01,walk_cross_link,RX02,13.1341,657,-55
walk_01,walk_cross_link,RX02,13.153802,658,-53
walk_01,walk_cross_link,RX02,13.173783,659,-55
walk_01,walk_cross_link,RX02,13.193816,660,-53
walk_01,walk_cross_link,RX02,13.214419,661,-53
walk_01,walk_cross_link,RX02,13.236109,662,-54
walk_01,walk_cross_link,RX02,13.25385,663,-55
walk_01,walk_cross_link,RX02,13.274163,664,-53
walk_01,walk_cross_link,RX02,13.296253,665,-54
walk_01,walk_cross_link,RX02,13.316843,666,-54
walk_01,walk_cross_link,RX02,13.335547,667,-54
walk_01,walk_cross_link,RX02,13.355222,668,-54
walk_01,walk_cross_link,RX02,13.37558,669,-53
walk_01,walk_cross_link,RX02,13.395864,670,-54
walk_01,walk_cross_link,RX02,13.415492,671,-54
walk_01,walk_cross_link,RX02,13.434977,672,-55
walk_01,walk_cross_link,RX02,13.453782,673,-55
walk_01,walk_cross_link,RX02,13.473787,674,-54
walk_01,walk_cross_link,RX02,13.49583,675,-54
walk_01,walk_cross_link,RX02,13.515894,676,-55
walk_01,walk_cross_link,RX02,13.53377,677,-55
walk_01,walk_cross_link,RX02,13.554971,678,-55
walk_01,walk_cross_link,RX02,13.574344,679,-54
walk_01,walk_cross_link,RX02,13.598367,680,-53
walk_01,walk_cross_link,RX02,13.61953,681,-53
walk_01,walk_cross_link,RX02,13.635523,682,-55
walk_01,walk_cross_link,RX02,13.655039,683,-55
walk_01,walk_cross_link,RX02,13.674585,684,-53
walk_01,walk_cross_link,RX02,13.693788,685,-55
walk_01,walk_cross_link,RX02,13.714047,686,-55
walk_01,walk_cross_link,RX02,13.734173,687,-53
walk_01,walk_cross_link,RX02,13.754222,688,-55
walk_01,walk_cross_link,RX02,13.776973,689,-54
walk_01,walk_cross_link,RX02,13.793791,690,-55
walk_01,walk_cross_link,RX02,13.816563,691,-53
walk_01,walk_cross_link,RX02,13.834054,692,-54
walk_01,walk_cross_link,RX02,13.856627,693,-54
walk_01,walk_cross_link,RX02,13.873769,694,-54
walk_01,walk_cross_link,RX02,13.896149,695,-54
walk_01,walk_cross_link,RX02,13.914266,696,-54
walk_01,walk_cross_link,RX02,13.933774,697,-54
walk_01,walk_cross_link,RX02,13.959017,698,-54
walk_01,walk_cross_link,RX02,13.973778,699,-54
walk_01,walk_cross_link,RX02,13.9938,700,-54
walk_01,walk_cross_link,RX02,14.013915,701,-56
walk_01,walk_cross_link,RX02,14.033914,702,-55
walk_01,walk_cross_link,RX02,14.054694,703,-55
walk_01,walk_cross_link,RX02,14.073755,704,-54
walk_01,walk_cross_link,RX02,14.095363,705,-54
walk_01,walk_cross_link,RX02,14.116289,706,-53
walk_01,walk_cross_link,RX02,14.136037,707,-54
walk_01,walk_cross_link,RX02,14.155892,708,-54
walk_01,walk_cross_link,RX02,14.174463,709,-54
walk_01,walk_cross_link,RX02,14.194737,710,-54
walk_01,walk_cross_link,RX02,14.213822,711,-53
walk_01,walk_cross_link,RX02,14.233777,712,-54
walk_01,walk_cross_link,RX02,14.253837,713,-54
walk_01,walk_cross_link,RX02,14.276849,714,-54
walk_01,walk_cross_link,RX02,14.294175,715,-54
walk_01,walk_cross_link,RX02,14.315052,716,-54
walk_01,walk_cross_link,RX02,14.355326,718,-54
walk_01,walk_cross_link,RX02,14.373914,719,-53
walk_01,walk_cross_link,RX02,14.394515,720,-53
walk_01,walk_cross_link,RX02,14.413813,721,-53
walk_01,walk_cross_link,RX02,14.435611,722,-53
walk_01,walk_cross_link,RX02,14.456476,723,-55
walk_01,walk_cross_link,RX02,14.473754,724,-53
walk_01,walk_cross_link,RX02,14.493808,725,-53
walk_01,walk_cross_link,RX02,14.515327,726,-53
walk_01,walk_cross_link,RX02,14.535299,727,-53
walk_01,walk_cross_link,RX02,14.55377,728,-54
walk_01,walk_cross_link,RX02,14.574342,729,-54
walk_01,walk_cross_link,RX02,14.5941,730,-54
walk_01,walk_cross_link,RX02,14.614968,731,-53
walk_01,walk_cross_link,RX02,14.655781,733,-54
walk_01,walk_cross_link,RX02,14.675185,734,-54
walk_01,walk_cross_link,RX02,14.693747,735,-55
walk_01,walk_cross_link,RX02,14.713776,736,-54
walk_01,walk_cross_link,RX02,14.733743,737,-54
walk_01,walk_cross_link,RX02,14.757476,738,-58
walk_01,walk_cross_link,RX02,14.77376,739,-54
walk_01,walk_cross_link,RX02,14.793759,740,-54
walk_01,walk_cross_link,RX02,14.816285,741,-54
walk_01,walk_cross_link,RX02,14.834418,742,-54
walk_01,walk_cross_link,RX02,14.856269,743,-54
walk_01,walk_cross_link,RX02,14.873998,744,-54
walk_01,walk_cross_link,RX02,14.894445,745,-54
walk_01,walk_cross_link,RX02,14.918309,746,-54
walk_01,walk_cross_link,RX02,14.935406,747,-54
walk_01,walk_cross_link,RX02,14.955312,748,-55
walk_01,walk_cross_link,RX02,14.976293,749,-56
walk_01,walk_cross_link,RX02,14.99374,750,-56
walk_01,walk_cross_link,RX02,15.01379,751,-55
walk_01,walk_cross_link,RX02,15.033763,752,-55
walk_01,walk_cross_link,RX02,15.05375,753,-56
walk_01,walk_cross_link,RX02,15.074709,754,-55
walk_01,walk_cross_link,RX02,15.096079,755,-55
walk_01,walk_cross_link,RX02,15.11408,756,-55
walk_01,walk_cross_link,RX02,15.134262,757,-56
walk_01,walk_cross_link,RX02,15.155552,758,-55
walk_01,walk_cross_link,RX02,15.175895,759,-55
walk_01,walk_cross_link,RX02,15.198585,760,-55
walk_01,walk_cross_link,RX02,15.213749,761,-55
walk_01,walk_cross_link,RX02,15.236686,762,-55
walk_01,walk_cross_link,RX02,15.257989,763,-55
walk_01,walk_cross_link,RX02,15.275668,764,-55
walk_01,walk_cross_link,RX02,15.300879,765,-55
walk_01,walk_cross_link,RX02,15.313747,766,-55
walk_01,walk_cross_link,RX02,15.333742,767,-55
walk_01,walk_cross_link,RX02,15.353751,768,-55
walk_01,walk_cross_link,RX02,15.373913,769,-56
walk_01,walk_cross_link,RX02,15.395877,770,-56
walk_01,walk_cross_link,RX02,15.415402,771,-57
walk_01,walk_cross_link,RX02,15.436704,772,-58
walk_01,walk_cross_link,RX02,15.454872,773,-58
walk_01,walk_cross_link,RX02,15.475312,774,-59
walk_01,walk_cross_link,RX02,15.495053,775,-59
walk_01,walk_cross_link,RX02,15.513735,776,-60
walk_01,walk_cross_link,RX02,15.533722,777,-60
walk_01,walk_cross_link,RX02,15.557287,778,-60
walk_01,walk_cross_link,RX02,15.577396,779,-59
walk_01,walk_cross_link,RX02,15.613738,781,-58
walk_01,walk_cross_link,RX02,15.6345,782,-58
walk_01,walk_cross_link,RX02,15.654729,783,-58
walk_01,walk_cross_link,RX02,15.673753,784,-58
walk_01,walk_cross_link,RX02,15.699861,785,-59
walk_01,walk_cross_link,RX02,15.713728,786,-59
walk_01,walk_cross_link,RX02,15.733894,787,-59
walk_01,walk_cross_link,RX02,15.754643,788,-59
walk_01,walk_cross_link,RX02,15.774492,789,-59
walk_01,walk_cross_link,RX02,15.793917,790,-59
walk_01,walk_cross_link,RX02,15.813731,791,-59
walk_01,walk_cross_link,RX02,15.835888,792,-59
walk_01,walk_cross_link,RX02,15.85378,793,-59
walk_01,walk_cross_link,RX02,15.876856,794,-59
walk_01,walk_cross_link,RX02,15.894069,795,-59
walk_01,walk_cross_link,RX02,15.915316,796,-59
walk_01,walk_cross_link,RX02,15.938544,797,-59
walk_01,walk_cross_link,RX02,15.953791,798,-59
walk_01,walk_cross_link,RX02,15.974808,799,-59
walk_01,walk_cross_link,RX02,15.993737,800,-59
walk_01,walk_cross_link,RX02,16.017698,801,-59
walk_01,walk_cross_link,RX02,16.033736,802,-59
walk_01,walk_cross_link,RX02,16.055881,803,-59
walk_01,walk_cross_link,RX02,16.077196,804,-59
walk_01,walk_cross_link,RX02,16.09395,805,-59
walk_01,walk_cross_link,RX02,16.117105,806,-58
walk_01,walk_cross_link,RX02,16.133732,807,-58
walk_01,walk_cross_link,RX02,16.153869,808,-58
walk_01,walk_cross_link,RX02,16.173865,809,-58
walk_01,walk_cross_link,RX02,16.19389,810,-58
walk_01,walk_cross_link,RX02,16.213728,811,-58
walk_01,walk_cross_link,RX02,16.234597,812,-57
walk_01,walk_cross_link,RX02,16.254469,813,-57
walk_01,walk_cross_link,RX02,16.274116,814,-57
walk_01,walk_cross_link,RX02,16.29423,815,-57
walk_01,walk_cross_link,RX02,16.31424,816,-57
walk_01,walk_cross_link,RX02,16.333737,817,-57
walk_01,walk_cross_link,RX02,16.353724,818,-57
walk_01,walk_cross_link,RX02,16.376522,819,-58
walk_01,walk_cross_link,RX02,16.394991,820,-58
walk_01,walk_cross_link,RX02,16.43372,822,-60
walk_01,walk_cross_link,RX02,16.454249,823,-60
walk_01,walk_cross_link,RX02,16.475044,824,-60
walk_01,walk_cross_link,RX02,16.498755,825,-59
walk_01,walk_cross_link,RX02,16.513722,826,-59
walk_01,walk_cross_link,RX02,16.533714,827,-58
walk_01,walk_cross_link,RX02,16.553856,828,-58
walk_01,walk_cross_link,RX02,16.573909,829,-58
walk_01,walk_cross_link,RX02,16.59387,830,-58
walk_01,walk_cross_link,RX02,16.614867,831,-58
walk_01,walk_cross_link,RX02,16.633731,832,-57
walk_01,walk_cross_link,RX02,16.654121,833,-57
walk_01,walk_cross_link,RX02,16.673722,834,-57
walk_01,walk_cross_link,RX02,16.696095,835,-57
walk_01,walk_cross_link,RX02,16.715759,836,-57
walk_01,walk_cross_link,RX02,16.734498,837,-57
walk_01,walk_cross_link,RX02,16.754806,838,-57
walk_01,walk_cross_link,RX02,16.774033,839,-57
walk_01,walk_cross_link,RX02,16.793978,840,-57
walk_01,walk_cross_link,RX02,16.815028,841,-57
walk_01,walk_cross_link,RX02,16.833725,842,-57
walk_01,walk_cross_link,RX02,16.853863,843,-57
walk_01,walk_cross_link,RX02,16.875113,844,-56
walk_01,walk_cross_link,RX02,16.8943,845,-57
walk_01,walk_cross_link,RX02,16.914441,846,-56
walk_01,walk_cross_link,RX02,16.936444,847,-56
walk_01,walk_cross_link,RX02,16.953727,848,-57
walk_01,walk_cross_link,RX02,16.973718,849,-56
walk_01,walk_cross_link,RX02,16.998824,850,-56
walk_01,walk_cross_link,RX02,17.013972,851,-56
walk_01,walk_cross_link,RX02,17.035547,852,-55
walk_01,walk_cross_link,RX02,17.053836,853,-55
walk_01,walk_cross_link,RX02,17.073708,854,-55
walk_01,walk_cross_link,RX02,17.101217,855,-54
walk_01,walk_cross_link,RX02,17.113727,856,-54
walk_01,walk_cross_link,RX02,17.134254,857,-53
walk_01,walk_cross_link,RX02,17.153725,858,-53
walk_01,walk_cross_link,RX02,17.174973,859,-53
walk_01,walk_cross_link,RX02,17.195712,860,-54
walk_01,walk_cross_link,RX02,17.215844,861,-53
walk_01,walk_cross_link,RX02,17.253787,863,-54
walk_01,walk_cross_link,RX02,17.273707,864,-54
walk_01,walk_cross_link,RX02,17.293695,865,-54
walk_01,walk_cross_link,RX02,17.318248,866,-54
walk_01,walk_cross_link,RX02,17.335824,867,-54
walk_01,walk_cross_link,RX02,17.353734,868,-54
walk_01,walk_cross_link,RX02,17.373781,869,-53
walk_01,walk_cross_link,RX02,17.395468,870,-54
walk_01,walk_cross_link,RX02,17.414982,871,-53
walk_01,walk_cross_link,RX02,17.434577,872,-53
walk_01,walk_cross_link,RX02,17.453686,873,-53
walk_01,walk_cross_link,RX02,17.474545,874,-53
walk_01,walk_cross_link,RX02,17.497962,875,-53
walk_01,walk_cross_link,RX02,17.51528,876,-53
walk_01,walk_cross_link,RX02,17.536282,877,-53
walk_01,walk_cross_link,RX02,17.553726,878,-53
walk_01,walk_cross_link,RX02,17.574045,879,-53
walk_01,walk_cross_link,RX02,17.593703,880,-53
walk_01,walk_cross_link,RX02,17.613716,881,-53
walk_01,walk_cross_link,RX02,17.636047,882,-53
walk_01,walk_cross_link,RX02,17.656115,883,-53
walk_01,walk_cross_link,RX02,17.677908,884,-53
walk_01,walk_cross_link,RX02,17.694381,885,-53
walk_01,walk_cross_link,RX02,17.715638,886,-53
walk_01,walk_cross_link,RX02,17.733693,887,-53
walk_01,walk_cross_link,RX02,17.753843,888,-53
walk_01,walk_cross_link,RX02,17.774094,889,-54
walk_01,walk_cross_link,RX02,17.799086,890,-54
walk_01,walk_cross_link,RX02,17.813696,891,-55
walk_01,walk_cross_link,RX02,17.83368,892,-55
walk_01,walk_cross_link,RX02,17.860928,893,-54
walk_01,walk_cross_link,RX02,17.873705,894,-55
walk_01,walk_cross_link,RX02,17.893705,895,-54
walk_01,walk_cross_link,RX02,17.920554,896,-54
walk_01,walk_cross_link,RX02,17.933701,897,-54
walk_01,walk_cross_link,RX02,17.954158,898,-54
walk_01,walk_cross_link,RX02,17.975453,899,-54
walk_01,walk_cross_link,RX02,17.994447,900,-54
walk_01,walk_cross_link,RX02,18.014947,901,-54
walk_01,walk_cross_link,RX02,18.033768,902,-54
walk_01,walk_cross_link,RX02,18.055105,903,-55
walk_01,walk_cross_link,RX02,18.073683,904,-54
walk_01,walk_cross_link,RX02,18.093705,905,-53
walk_01,walk_cross_link,RX02,18.114138,906,-53
walk_01,walk_cross_link,RX02,18.138446,907,-54
walk_01,walk_cross_link,RX02,18.154608,908,-53
walk_01,walk_cross_link,RX02,18.173686,909,-54
walk_01,walk_cross_link,RX02,18.19399,910,-54
walk_01,walk_cross_link,RX02,18.213698,911,-54
walk_01,walk_cross_link,RX02,18.233978,912,-54
walk_01,walk_cross_link,RX02,18.253896,913,-54
walk_01,walk_cross_link,RX02,18.273673,914,-54
walk_01,walk_cross_link,RX02,18.294959,915,-54
walk_01,walk_cross_link,RX02,18.313677,916,-54
walk_01,walk_cross_link,RX02,18.334504,917,-53
walk_01,walk_cross_link,RX02,18.353701,918,-54
walk_01,walk_cross_link,RX02,18.373695,919,-54
walk_01,walk_cross_link,RX02,18.39368,920,-53
walk_01,walk_cross_link,RX02,18.414273,921,-54
walk_01,walk_cross_link,RX02,18.438385,922,-53
walk_01,walk_cross_link,RX02,18.454055,923,-54
walk_01,walk_cross_link,RX02,18.475328,924,-54
walk_01,walk_cross_link,RX02,18.495654,925,-53
walk_01,walk_cross_link,RX02,18.515977,926,-53
walk_01,walk_cross_link,RX02,18.533952,927,-53
walk_01,walk_cross_link,RX02,18.555669,928,-53
walk_01,walk_cross_link,RX02,18.573692,929,-53
walk_01,walk_cross_link,RX02,18.593693,930,-54
walk_01,walk_cross_link,RX02,18.615943,931,-54
walk_01,walk_cross_link,RX02,18.635133,932,-55
walk_01,walk_cross_link,RX02,18.655479,933,-54
walk_01,walk_cross_link,RX02,18.680132,934,-54
walk_01,walk_cross_link,RX02,18.693675,935,-53
walk_01,walk_cross_link,RX02,18.713691,936,-54
walk_01,walk_cross_link,RX02,18.733686,937,-54
walk_01,walk_cross_link,RX02,18.754128,938,-53
walk_01,walk_cross_link,RX02,18.775248,939,-54
walk_01,walk_cross_link,RX02,18.794653,940,-54
walk_01,walk_cross_link,RX02,18.813686,941,-54
walk_01,walk_cross_link,RX02,18.834159,942,-53
walk_01,walk_cross_link,RX02,18.85426,943,-54
walk_01,walk_cross_link,RX02,18.874311,944,-53
walk_01,walk_cross_link,RX02,18.897053,945,-54
walk_01,walk_cross_link,RX02,18.91368,946,-54
walk_01,walk_cross_link,RX02,18.937932,947,-53
walk_01,walk_cross_link,RX02,18.953693,948,-53
walk_01,walk_cross_link,RX02,18.993686,950,-54
walk_01,walk_cross_link,RX02,19.013668,951,-54
walk_01,walk_cross_link,RX02,19.033664,952,-54
walk_01,walk_cross_link,RX02,19.059067,953,-54
walk_01,walk_cross_link,RX02,19.076678,954,-53
walk_01,walk_cross_link,RX02,19.093686,955,-54
walk_01,walk_cross_link,RX02,19.113677,956,-54
walk_01,walk_cross_link,RX02,19.133928,957,-54
walk_01,walk_cross_link,RX02,19.153708,958,-54
walk_01,walk_cross_link,RX02,19.173684,959,-54
walk_01,walk_cross_link,RX02,19.193658,960,-54
walk_01,walk_cross_link,RX02,19.213855,961,-54
walk_01,walk_cross_link,RX02,19.233655,962,-54
walk_01,walk_cross_link,RX02,19.256133,963,-54
walk_01,walk_cross_link,RX02,19.27648,964,-54
walk_01,walk_cross_link,RX02,19.294553,965,-55
walk_01,walk_cross_link,RX02,19.314863,966,-54
walk_01,walk_cross_link,RX02,19.333655,967,-54
walk_01,walk_cross_link,RX02,19.359286,968,-55
walk_01,walk_cross_link,RX02,19.376619,969,-54
walk_01,walk_cross_link,RX02,19.393658,970,-53
walk_01,walk_cross_link,RX02,19.414298,971,-54
walk_01,walk_cross_link,RX02,19.435129,972,-54
walk_01,walk_cross_link,RX02,19.455676,973,-54
walk_01,walk_cross_link,RX02,19.473817,974,-54
walk_01,walk_cross_link,RX02,19.495948,975,-54
walk_01,walk_cross_link,RX02,19.513664,976,-54
walk_01,walk_cross_link,RX02,19.538183,977,-54
walk_01,walk_cross_link,RX02,19.55366,978,-54
walk_01,walk_cross_link,RX02,19.573646,979,-54
walk_01,walk_cross_link,RX02,19.596468,980,-54
walk_01,walk_cross_link,RX02,19.613874,981,-54
walk_01,walk_cross_link,RX02,19.633773,982,-54
walk_01,walk_cross_link,RX02,19.655141,983,-54
walk_01,walk_cross_link,RX02,19.673677,984,-54
walk_01,walk_cross_link,RX02,19.697444,985,-54
walk_01,walk_cross_link,RX02,19.713764,986,-54
walk_01,walk_cross_link,RX02,19.734249,987,-54
walk_01,walk_cross_link,RX02,19.757721,988,-54
walk_01,walk_cross_link,RX02,19.775885,989,-54
walk_01,walk_cross_link,RX02,19.795912,990,-54
walk_01,walk_cross_link,RX02,19.81364,991,-54
walk_01,walk_cross_link,RX02,19.833652,992,-54
walk_01,walk_cross_link,RX02,19.855013,993,-54
walk_01,walk_cross_link,RX02,19.873659,994,-54
walk_01,walk_cross_link,RX02,19.898331,995,-54
walk_01,walk_cross_link,RX02,19.913676,996,-54
walk_01,walk_cross_link,RX02,19.933665,997,-54
walk_01,walk_cross_link,RX02,19.960601,998,-53
walk_01,walk_cross_link,RX02,19.974201,999,-54
walk_01,walk_cross_link,RX02,19.993648,1000,-54
walk_01,walk_cross_link,RX02,20.013639,1001,-54
walk_01,walk_cross_link,RX02,20.034279,1002,-56
walk_01,walk_cross_link,RX02,20.055594,1003,-59
walk_01,walk_cross_link,RX02,20.075331,1004,-59
walk_01,walk_cross_link,RX02,20.093668,1005,-57
walk_01,walk_cross_link,RX02,20.113783,1006,-56
walk_01,walk_cross_link,RX02,20.134095,1007,-55
walk_01,walk_cross_link,RX02,20.15366,1008,-55
walk_01,walk_cross_link,RX02,20.173633,1009,-55
walk_01,walk_cross_link,RX02,20.196167,1010,-55
walk_01,walk_cross_link,RX02,20.216172,1011,-55
walk_01,walk_cross_link,RX02,20.23367,1012,-54
walk_01,walk_cross_link,RX02,20.254365,1013,-54
walk_01,walk_cross_link,RX02,20.275719,1014,-54
walk_01,walk_cross_link,RX02,20.2942,1015,-54
walk_01,walk_cross_link,RX02,20.313646,1016,-55
walk_01,walk_cross_link,RX02,20.333637,1017,-54
walk_01,walk_cross_link,RX02,20.356753,1018,-54
walk_01,walk_cross_link,RX02,20.373647,1019,-54
walk_01,walk_cross_link,RX02,20.394235,1020,-54
walk_01,walk_cross_link,RX02,20.413649,1021,-54
walk_01,walk_cross_link,RX02,20.433652,1022,-55
walk_01,walk_cross_link,RX02,20.459151,1023,-54
walk_01,walk_cross_link,RX02,20.4737,1024,-54
walk_01,walk_cross_link,RX02,20.494015,1025,-54
walk_01,walk_cross_link,RX02,20.513892,1026,-55
walk_01,walk_cross_link,RX02,20.535481,1027,-57
walk_01,walk_cross_link,RX02,20.553642,1028,-57
walk_01,walk_cross_link,RX02,20.574986,1029,-58
walk_01,walk_cross_link,RX02,20.595126,1030,-59
walk_01,walk_cross_link,RX02,20.615134,1031,-60
walk_01,walk_cross_link,RX02,20.63366,1032,-60
walk_01,walk_cross_link,RX02,20.655872,1033,-59
walk_01,walk_cross_link,RX02,20.678014,1034,-58
walk_01,walk_cross_link,RX02,20.698485,1035,-58
walk_01,walk_cross_link,RX02,20.71754,1036,-58
walk_01,walk_cross_link,RX02,20.73362,1037,-58
walk_01,walk_cross_link,RX02,20.757394,1038,-57
walk_01,walk_cross_link,RX02,20.773642,1039,-57
walk_01,walk_cross_link,RX02,20.793819,1040,-57
walk_01,walk_cross_link,RX02,20.813635,1041,-57
walk_01,walk_cross_link,RX02,20.833646,1042,-56
walk_01,walk_cross_link,RX02,20.853629,1043,-57
walk_01,walk_cross_link,RX02,20.874805,1044,-57
walk_01,walk_cross_link,RX02,20.894531,1045,-57
walk_01,walk_cross_link,RX02,20.913631,1046,-57
walk_01,walk_cross_link,RX02,20.933617,1047,-56
walk_01,walk_cross_link,RX02,20.956092,1048,-57
walk_01,walk_cross_link,RX02,20.973706,1049,-57
walk_01,walk_cross_link,RX02,20.99364,1050,-57
walk_01,walk_cross_link,RX02,21.016363,1051,-57
walk_01,walk_cross_link,RX02,21.035384,1052,-57
walk_01,walk_cross_link,RX02,21.055753,1053,-57
walk_01,walk_cross_link,RX02,21.073648,1054,-57
walk_01,walk_cross_link,RX02,21.095177,1055,-57
walk_01,walk_cross_link,RX02,21.114468,1056,-57
walk_01,walk_cross_link,RX02,21.133609,1057,-57
walk_01,walk_cross_link,RX02,21.153653,1058,-57
walk_01,walk_cross_link,RX02,21.173611,1059,-57
walk_01,walk_cross_link,RX02,21.197307,1060,-57
walk_01,walk_cross_link,RX02,21.21482,1061,-57
walk_01,walk_cross_link,RX02,21.235125,1062,-58
walk_01,walk_cross_link,RX02,21.253698,1063,-58
walk_01,walk_cross_link,RX02,21.273628,1064,-58
walk_01,walk_cross_link,RX02,21.299729,1065,-58
walk_01,walk_cross_link,RX02,21.313636,1066,-58
walk_01,walk_cross_link,RX02,21.333765,1067,-58
walk_01,walk_cross_link,RX02,21.354705,1068,-57
walk_01,walk_cross_link,RX02,21.373611,1069,-55
walk_01,walk_cross_link,RX02,21.394207,1070,-55
walk_01,walk_cross_link,RX02,21.41433,1071,-54
walk_01,walk_cross_link,RX02,21.434474,1072,-53
walk_01,walk_cross_link,RX02,21.453615,1073,-55
walk_01,walk_cross_link,RX02,21.474235,1074,-53
walk_01,walk_cross_link,RX02,21.496597,1075,-54
walk_01,walk_cross_link,RX02,21.516746,1076,-54
walk_01,walk_cross_link,RX02,21.53676,1077,-54
walk_01,walk_cross_link,RX02,21.553622,1078,-55
walk_01,walk_cross_link,RX02,21.575823,1079,-54
walk_01,walk_cross_link,RX02,21.593619,1080,-54
walk_01,walk_cross_link,RX02,21.613601,1081,-55
walk_01,walk_cross_link,RX02,21.633629,1082,-53
walk_01,walk_cross_link,RX02,21.653628,1083,-54
walk_01,walk_cross_link,RX02,21.673616,1084,-53
walk_01,walk_cross_link,RX02,21.694035,1085,-53
walk_01,walk_cross_link,RX02,21.713756,1086,-53
walk_01,walk_cross_link,RX02,21.738478,1087,-56
walk_01,walk_cross_link,RX02,21.753628,1088,-53
walk_01,walk_cross_link,RX02,21.774934,1089,-54
walk_01,walk_cross_link,RX02,21.796453,1090,-53
walk_01,walk_cross_link,RX02,21.816145,1091,-53
walk_01,walk_cross_link,RX02,21.833636,1092,-53
walk_01,walk_cross_link,RX02,21.854588,1093,-54
walk_01,walk_cross_link,RX02,21.875878,1094,-54
walk_01,walk_cross_link,RX02,21.893621,1095,-55
walk_01,walk_cross_link,RX02,21.914135,1096,-54
walk_01,walk_cross_link,RX02,21.936034,1097,-54
walk_01,walk_cross_link,RX02,21.954248,1098,-53
walk_01,walk_cross_link,RX02,21.973626,1099,-54
walk_01,walk_cross_link,RX02,21.99519,1100,-53
walk_01,walk_cross_link,RX02,22.014445,1101,-53
walk_01,walk_cross_link,RX02,22.034932,1102,-53
walk_01,walk_cross_link,RX02,22.05941,1103,-53
walk_01,walk_cross_link,RX02,22.073613,1104,-53
walk_01,walk_cross_link,RX02,22.0976,1105,-54
walk_01,walk_cross_link,RX02,22.119138,1106,-54
walk_01,walk_cross_link,RX02,22.138108,1107,-54
walk_01,walk_cross_link,RX02,22.153613,1108,-54
walk_01,walk_cross_link,RX02,22.173886,1109,-54
walk_01,walk_cross_link,RX02,22.194957,1110,-54
walk_01,walk_cross_link,RX02,22.213611,1111,-54
walk_01,walk_cross_link,RX02,22.238923,1112,-54
walk_01,walk_cross_link,RX02,22.254235,1113,-54
walk_01,walk_cross_link,RX02,22.273599,1114,-54
walk_01,walk_cross_link,RX02,22.293662,1115,-54
walk_01,walk_cross_link,RX02,22.315818,1116,-54
walk_01,walk_cross_link,RX02,22.333612,1117,-54
walk_01,walk_cross_link,RX02,22.355949,1118,-53
walk_01,walk_cross_link,RX02,22.373592,1119,-55
walk_01,walk_cross_link,RX02,22.393609,1120,-53
walk_01,walk_cross_link,RX02,22.418974,1121,-54
walk_01,walk_cross_link,RX02,22.438638,1122,-55
walk_01,walk_cross_link,RX02,22.458361,1123,-54
walk_01,walk_cross_link,RX02,22.473622,1124,-55
walk_01,walk_cross_link,RX02,22.493586,1125,-55
walk_01,walk_cross_link,RX02,22.516395,1126,-54
walk_01,walk_cross_link,RX02,22.533727,1127,-54
walk_01,walk_cross_link,RX02,22.555107,1128,-54
walk_01,walk_cross_link,RX02,22.573603,1129,-54
walk_01,walk_cross_link,RX02,22.59362,1130,-54
walk_01,walk_cross_link,RX02,22.615671,1131,-55
walk_01,walk_cross_link,RX02,22.635362,1132,-54
walk_01,walk_cross_link,RX02,22.653589,1133,-54
walk_01,walk_cross_link,RX02,22.673827,1134,-55
walk_01,walk_cross_link,RX02,22.694152,1135,-54
walk_01,walk_cross_link,RX02,22.715166,1136,-53
walk_01,walk_cross_link,RX02,22.733748,1137,-54
walk_01,walk_cross_link,RX02,22.758393,1138,-54
walk_01,walk_cross_link,RX02,22.776207,1139,-55
walk_01,walk_cross_link,RX02,22.798565,1140,-54
walk_01,walk_cross_link,RX02,22.815603,1141,-54
walk_01,walk_cross_link,RX02,22.83576,1142,-54
walk_01,walk_cross_link,RX02,22.857465,1143,-54
walk_01,walk_cross_link,RX02,22.873609,1144,-54
walk_01,walk_cross_link,RX02,22.898929,1145,-54
walk_01,walk_cross_link,RX02,22.913587,1146,-55
walk_01,walk_cross_link,RX02,22.938187,1147,-54
walk_01,walk_cross_link,RX02,22.953738,1148,-55
walk_01,walk_cross_link,RX02,22.975724,1149,-54
walk_01,walk_cross_link,RX02,22.995578,1150,-54
walk_01,walk_cross_link,RX02,23.016001,1151,-54
walk_01,walk_cross_link,RX02,23.040554,1152,-54
walk_01,walk_cross_link,RX02,23.053595,1153,-55
walk_01,walk_cross_link,RX02,23.073708,1154,-54
walk_01,walk_cross_link,RX02,23.093594,1155,-55
walk_01,walk_cross_link,RX02,23.113633,1156,-53
walk_01,walk_cross_link,RX02,23.135052,1157,-54
walk_01,walk_cross_link,RX02,23.155164,1158,-54
walk_01,walk_cross_link,RX02,23.175168,1159,-54
walk_01,walk_cross_link,RX02,23.193603,1160,-54
walk_01,walk_cross_link,RX02,23.215777,1161,-54
walk_01,walk_cross_link,RX02,23.237448,1162,-54
walk_01,walk_cross_link,RX02,23.254175,1163,-54
walk_01,walk_cross_link,RX02,23.277595,1164,-54
walk_01,walk_cross_link,RX02,23.293597,1165,-55
walk_01,walk_cross_link,RX02,23.314658,1166,-54
walk_01,walk_cross_link,RX02,23.334635,1167,-54
walk_01,walk_cross_link,RX02,23.353575,1168,-54
walk_01,walk_cross_link,RX02,23.373573,1169,-53
walk_01,walk_cross_link,RX02,23.393576,1170,-54
walk_01,walk_cross_link,RX02,23.413599,1171,-54
walk_01,walk_cross_link,RX02,23.433708,1172,-54
walk_01,walk_cross_link,RX02,23.454587,1173,-55
walk_01,walk_cross_link,RX02,23.473741,1174,-55
walk_01,walk_cross_link,RX02,23.493589,1175,-55
walk_01,walk_cross_link,RX02,23.514168,1176,-53
walk_01,walk_cross_link,RX02,23.537504,1177,-53
walk_01,walk_cross_link,RX02,23.556975,1178,-53
walk_01,walk_cross_link,RX02,23.577479,1179,-55
walk_01,walk_cross_link,RX02,23.595466,1180,-55
walk_01,walk_cross_link,RX02,23.615944,1181,-54
walk_01,walk_cross_link,RX02,23.633626,1182,-54
walk_01,walk_cross_link,RX02,23.654985,1183,-54
walk_01,walk_cross_link,RX02,23.673602,1184,-54
walk_01,walk_cross_link,RX02,23.694174,1185,-54
walk_01,walk_cross_link,RX02,23.713595,1186,-55
walk_01,walk_cross_link,RX02,23.735997,1187,-55
walk_01,walk_cross_link,RX02,23.755261,1188,-54
walk_01,walk_cross_link,RX02,23.774028,1189,-54
walk_01,walk_cross_link,RX02,23.800233,1190,-55
walk_01,walk_cross_link,RX02,23.813588,1191,-55
walk_01,walk_cross_link,RX02,23.833954,1192,-54
walk_01,walk_cross_link,RX02,23.853576,1193,-54
walk_01,walk_cross_link,RX02,23.876667,1194,-54
walk_01,walk_cross_link,RX02,23.893577,1195,-54
walk_01,walk_cross_link,RX02,23.914716,1196,-54
walk_01,walk_cross_link,RX02,23.935536,1197,-54
walk_01,walk_cross_link,RX02,23.954252,1198,-54
walk_01,walk_cross_link,RX02,23.974369,1199,-53
walk_01,walk_cross_link,RX02,23.9944,1200,-53
walk_01,walk_cross_link,RX02,24.013564,1201,-54
walk_01,walk_cross_link,RX02,24.033576,1202,-54
walk_01,walk_cross_link,RX02,24.056677,1203,-53
walk_01,walk_cross_link,RX02,24.073581,1204,-53
walk_01,walk_cross_link,RX02,24.096796,1205,-53
walk_01,walk_cross_link,RX02,24.113591,1206,-54
walk_01,walk_cross_link,RX02,24.133564,1207,-53
walk_01,walk_cross_link,RX02,24.159083,1208,-54
walk_01,walk_cross_link,RX02,24.173633,1209,-54
walk_01,walk_cross_link,RX02,24.196322,1210,-53
walk_01,walk_cross_link,RX02,24.21358,1211,-54
walk_01,walk_cross_link,RX02,24.233558,1212,-54
walk_01,walk_cross_link,RX02,24.255656,1213,-54
walk_01,walk_cross_link,RX02,24.273803,1214,-54
walk_01,walk_cross_link,RX02,24.295204,1215,-54
walk_01,walk_cross_link,RX02,24.313574,1216,-54
walk_01,walk_cross_link,RX02,24.335472,1217,-54
walk_01,walk_cross_link,RX02,24.35357,1218,-54
walk_01,walk_cross_link,RX02,24.376192,1219,-54
walk_01,walk_cross_link,RX02,24.394476,1220,-54
walk_01,walk_cross_link,RX02,24.41465,1221,-54
walk_01,walk_cross_link,RX02,24.433576,1222,-54
walk_01,walk_cross_link,RX02,24.454516,1223,-53
walk_01,walk_cross_link,RX02,24.47549,1224,-53
walk_01,walk_cross_link,RX02,24.493563,1225,-55
walk_01,walk_cross_link,RX02,24.513704,1226,-54
walk_01,walk_cross_link,RX02,24.534251,1227,-54
walk_01,walk_cross_link,RX02,24.555233,1228,-55
walk_01,walk_cross_link,RX02,24.577807,1229,-54
walk_01,walk_cross_link,RX02,24.593573,1230,-53
walk_01,walk_cross_link,RX02,24.613892,1231,-54
walk_01,walk_cross_link,RX02,24.633735,1232,-55
walk_01,walk_cross_link,RX02,24.653565,1233,-53
walk_01,walk_cross_link,RX02,24.673574,1234,-53
walk_01,walk_cross_link,RX02,24.696069,1235,-53
walk_01,walk_cross_link,RX02,24.713571,1236,-54
walk_01,walk_cross_link,RX02,24.733951,1237,-54
walk_01,walk_cross_link,RX02,24.754811,1238,-53
walk_01,walk_cross_link,RX02,24.773554,1239,-54
walk_01,walk_cross_link,RX02,24.79373,1240,-54
walk_01,walk_cross_link,RX02,24.814192,1241,-54
walk_01,walk_cross_link,RX02,24.833559,1242,-54
walk_01,walk_cross_link,RX02,24.853783,1243,-54
walk_01,walk_cross_link,RX02,24.875888,1244,-53
walk_01,walk_cross_link,RX02,24.893553,1245,-54
walk_01,walk_cross_link,RX02,24.916012,1246,-54
walk_01,walk_cross_link,RX02,24.933537,1247,-54
walk_01,walk_cross_link,RX02,24.953686,1248,-54
walk_01,walk_cross_link,RX02,24.973566,1249,-54
walk_01,walk_cross_link,RX02,24.99564,1250,-54
walk_01,walk_cross_link,RX02,25.018409,1251,-53
walk_01,walk_cross_link,RX02,25.033566,1252,-55
walk_01,walk_cross_link,RX02,25.053544,1253,-55
walk_01,walk_cross_link,RX02,25.075157,1254,-54
walk_01,walk_cross_link,RX02,25.093547,1255,-54
walk_01,walk_cross_link,RX02,25.113576,1256,-55
walk_01,walk_cross_link,RX02,25.133552,1257,-55
walk_01,walk_cross_link,RX02,25.153572,1258,-55
walk_01,walk_cross_link,RX02,25.173597,1259,-53
walk_01,walk_cross_link,RX02,25.195437,1260,-54
walk_01,walk_cross_link,RX02,25.22319,1261,-54
walk_01,walk_cross_link,RX02,25.23388,1262,-54
walk_01,walk_cross_link,RX02,25.254209,1263,-54
walk_01,walk_cross_link,RX02,25.278181,1264,-54
walk_01,walk_cross_link,RX02,25.297797,1265,-54
walk_01,walk_cross_link,RX02,25.313841,1266,-53
walk_01,walk_cross_link,RX02,25.33626,1267,-55
walk_01,walk_cross_link,RX02,25.357978,1268,-54
walk_01,walk_cross_link,RX02,25.374463,1269,-53
walk_01,walk_cross_link,RX02,25.393714,1270,-53
walk_01,walk_cross_link,RX02,25.413536,1271,-53
walk_01,walk_cross_link,RX02,25.433543,1272,-53
walk_01,walk_cross_link,RX02,25.4541,1273,-54
walk_01,walk_cross_link,RX02,25.473544,1274,-54
walk_01,walk_cross_link,RX02,25.513685,1276,-54
walk_01,walk_cross_link,RX02,25.535783,1277,-54
walk_01,walk_cross_link,RX02,25.553533,1278,-54
walk_01,walk_cross_link,RX02,25.573607,1279,-54
walk_01,walk_cross_link,RX02,25.593554,1280,-54
walk_01,walk_cross_link,RX02,25.613548,1281,-54
walk_01,walk_cross_link,RX02,25.633533,1282,-54
walk_01,walk_cross_link,RX02,25.653541,1283,-54
walk_01,walk_cross_link,RX02,25.673547,1284,-54
walk_01,walk_cross_link,RX02,25.695105,1285,-54
walk_01,walk_cross_link,RX02,25.715217,1286,-53
walk_01,walk_cross_link,RX02,25.733534,1287,-53
walk_01,walk_cross_link,RX02,25.753547,1288,-55
walk_01,walk_cross_link,RX02,25.773532,1289,-54
walk_01,walk_cross_link,RX02,25.793533,1290,-54
walk_01,walk_cross_link,RX02,25.815178,1291,-54
walk_01,walk_cross_link,RX02,25.837621,1292,-53
walk_01,walk_cross_link,RX02,25.853539,1293,-55
walk_01,walk_cross_link,RX02,25.873555,1294,-54
walk_01,walk_cross_link,RX02,25.893671,1295,-53
walk_01,walk_cross_link,RX02,25.913773,1296,-54
walk_01,walk_cross_link,RX02,25.940022,1297,-53
walk_01,walk_cross_link,RX02,25.953535,1298,-54
walk_01,walk_cross_link,RX02,25.97409,1299,-53
walk_01,walk_cross_link,RX02,25.994974,1300,-54
walk_01,walk_cross_link,RX02,26.014621,1301,-55
walk_01,walk_cross_link,RX02,26.035518,1302,-53
walk_01,walk_cross_link,RX02,26.053549,1303,-53
walk_01,walk_cross_link,RX02,26.073551,1304,-54
walk_01,walk_cross_link,RX02,26.093933,1305,-54
walk_01,walk_cross_link,RX02,26.113534,1306,-54
walk_01,walk_cross_link,RX02,26.133866,1307,-53
walk_01,walk_cross_link,RX02,26.155503,1308,-55
walk_01,walk_cross_link,RX02,26.173535,1309,-53
walk_01,walk_cross_link,RX02,26.193638,1310,-55
walk_01,walk_cross_link,RX02,26.215182,1311,-53
walk_01,walk_cross_link,RX02,26.233535,1312,-54
walk_01,walk_cross_link,RX02,26.25408,1313,-54
walk_01,walk_cross_link,RX02,26.275494,1314,-53
walk_01,walk_cross_link,RX02,26.296072,1315,-54
walk_01,walk_cross_link,RX02,26.31637,1316,-54
walk_01,walk_cross_link,RX02,26.335163,1317,-54
walk_01,walk_cross_link,RX02,26.356028,1318,-53
walk_01,walk_cross_link,RX02,26.373592,1319,-53
walk_01,walk_cross_link,RX02,26.393535,1320,-53
walk_01,walk_cross_link,RX02,26.413515,1321,-54
walk_01,walk_cross_link,RX02,26.435769,1322,-54
walk_01,walk_cross_link,RX02,26.453531,1323,-54
walk_01,walk_cross_link,RX02,26.47476,1324,-54
walk_01,walk_cross_link,RX02,26.496026,1325,-54
walk_01,walk_cross_link,RX02,26.514318,1326,-54
walk_01,walk_cross_link,RX02,26.534458,1327,-54
walk_01,walk_cross_link,RX02,26.554414,1328,-54
walk_01,walk_cross_link,RX02,26.573562,1329,-54
walk_01,walk_cross_link,RX02,26.595933,1330,-54
walk_01,walk_cross_link,RX02,26.616899,1331,-54
walk_01,walk_cross_link,RX02,26.633535,1332,-54
walk_01,walk_cross_link,RX02,26.656839,1333,-53
walk_01,walk_cross_link,RX02,26.673517,1334,-55
walk_01,walk_cross_link,RX02,26.69787,1335,-53
walk_01,walk_cross_link,RX02,26.713523,1336,-54
walk_01,walk_cross_link,RX02,26.733984,1337,-54
walk_01,walk_cross_link,RX02,26.759037,1338,-54
walk_01,walk_cross_link,RX02,26.773531,1339,-54
walk_01,walk_cross_link,RX02,26.796469,1340,-54
walk_01,walk_cross_link,RX02,26.814201,1341,-54
walk_01,walk_cross_link,RX02,26.833847,1342,-54
walk_01,walk_cross_link,RX02,26.855733,1343,-54
walk_01,walk_cross_link,RX02,26.873511,1344,-55
walk_01,walk_cross_link,RX02,26.894532,1345,-53
walk_01,walk_cross_link,RX02,26.91353,1346,-53
walk_01,walk_cross_link,RX02,26.936235,1347,-54
walk_01,walk_cross_link,RX02,26.953504,1348,-54
walk_01,walk_cross_link,RX02,26.974698,1349,-55
walk_01,walk_cross_link,RX02,26.999755,1350,-54
walk_01,walk_cross_link,RX02,27.013658,1351,-54
walk_01,walk_cross_link,RX02,27.034288,1352,-54
walk_01,walk_cross_link,RX02,27.058552,1353,-53
walk_01,walk_cross_link,RX02,27.077123,1354,-54
walk_01,walk_cross_link,RX02,27.09489,1355,-53
walk_01,walk_cross_link,RX02,27.115253,1356,-54
walk_01,walk_cross_link,RX02,27.136693,1357,-53
walk_01,walk_cross_link,RX02,27.173518,1359,-53
walk_01,walk_cross_link,RX02,27.196071,1360,-54
walk_01,walk_cross_link,RX02,27.213514,1361,-54
walk_01,walk_cross_link,RX02,27.239111,1362,-53
walk_01,walk_cross_link,RX02,27.253574,1363,-53
walk_01,walk_cross_link,RX02,27.275518,1364,-54
walk_01,walk_cross_link,RX02,27.293517,1365,-54
walk_01,walk_cross_link,RX02,27.315527,1366,-53
walk_01,walk_cross_link,RX02,27.334265,1367,-54
walk_01,walk_cross_link,RX02,27.353667,1368,-54
walk_01,walk_cross_link,RX02,27.374741,1369,-54
walk_01,walk_cross_link,RX02,27.393508,1370,-54
walk_01,walk_cross_link,RX02,27.414504,1371,-53
walk_01,walk_cross_link,RX02,27.435932,1372,-54
walk_01,walk_cross_link,RX02,27.458168,1373,-54
walk_01,walk_cross_link,RX02,27.474792,1374,-54
walk_01,walk_cross_link,RX02,27.493504,1375,-54
walk_01,walk_cross_link,RX02,27.514674,1376,-54
walk_01,walk_cross_link,RX02,27.538447,1377,-54
walk_01,walk_cross_link,RX02,27.556181,1378,-53
walk_01,walk_cross_link,RX02,27.575565,1379,-54
walk_01,walk_cross_link,RX02,27.593499,1380,-55
walk_01,walk_cross_link,RX02,27.613722,1381,-54
walk_01,walk_cross_link,RX02,27.634412,1382,-54
walk_01,walk_cross_link,RX02,27.656283,1383,-54
walk_01,walk_cross_link,RX02,27.680585,1384,-54
walk_01,walk_cross_link,RX02,27.693511,1385,-54
walk_01,walk_cross_link,RX02,27.722347,1386,-54
walk_01,walk_cross_link,RX02,27.734636,1387,-55
walk_01,walk_cross_link,RX02,27.754911,1388,-54
walk_01,walk_cross_link,RX02,27.782193,1389,-54
walk_01,walk_cross_link,RX02,27.793933,1390,-54
walk_01,walk_cross_link,RX02,27.814257,1391,-54
walk_01,walk_cross_link,RX02,27.83832,1392,-53
walk_01,walk_cross_link,RX02,27.853978,1393,-54
walk_01,walk_cross_link,RX02,27.874581,1394,-54
walk_01,walk_cross_link,RX02,27.896313,1395,-54
walk_01,walk_cross_link,RX02,27.913515,1396,-54
walk_01,walk_cross_link,RX02,27.934493,1397,-54
walk_01,walk_cross_link,RX02,27.953791,1398,-53
walk_01,walk_cross_link,RX02,27.973493,1399,-54
walk_01,walk_cross_link,RX02,27.993518,1400,-54
walk_01,walk_cross_link,RX02,28.013504,1401,-54
walk_01,walk_cross_link,RX02,28.033507,1402,-54
walk_01,walk_cross_link,RX02,28.056261,1403,-53
walk_01,walk_cross_link,RX02,28.078096,1404,-54
walk_01,walk_cross_link,RX02,28.097087,1405,-54
walk_01,walk_cross_link,RX02,28.114467,1406,-53
walk_01,walk_cross_link,RX02,28.134858,1407,-53
walk_01,walk_cross_link,RX02,28.153508,1408,-54
walk_01,walk_cross_link,RX02,28.173672,1409,-53
walk_01,walk_cross_link,RX02,28.194766,1410,-53
walk_01,walk_cross_link,RX02,28.21349,1411,-54
walk_01,walk_cross_link,RX02,28.233508,1412,-53
walk_01,walk_cross_link,RX02,28.255137,1413,-53
walk_01,walk_cross_link,RX02,28.275279,1414,-53
walk_01,walk_cross_link,RX02,28.295482,1415,-54
walk_01,walk_cross_link,RX02,28.313508,1416,-54
walk_01,walk_cross_link,RX02,28.338081,1417,-53
walk_01,walk_cross_link,RX02,28.353508,1418,-53
walk_01,walk_cross_link,RX02,28.37431,1419,-53
walk_01,walk_cross_link,RX02,28.394793,1420,-54
walk_01,walk_cross_link,RX02,28.413482,1421,-54
walk_01,walk_cross_link,RX02,28.438305,1422,-53
walk_01,walk_cross_link,RX02,28.454018,1423,-54
walk_01,walk_cross_link,RX02,28.473507,1424,-53
walk_01,walk_cross_link,RX02,28.500072,1425,-53
walk_01,walk_cross_link,RX02,28.513508,1426,-54
walk_01,walk_cross_link,RX02,28.533494,1427,-55
walk_01,walk_cross_link,RX02,28.553494,1428,-53
walk_01,walk_cross_link,RX02,28.574647,1429,-53
walk_01,walk_cross_link,RX02,28.593637,1430,-54
walk_01,walk_cross_link,RX02,28.613504,1431,-54
walk_01,walk_cross_link,RX02,28.635074,1432,-53
walk_01,walk_cross_link,RX02,28.657125,1433,-53
walk_01,walk_cross_link,RX02,28.673481,1434,-54
walk_01,walk_cross_link,RX02,28.69348,1435,-53
walk_01,walk_cross_link,RX02,28.715534,1436,-54
walk_01,walk_cross_link,RX02,28.733496,1437,-53
walk_01,walk_cross_link,RX02,28.753684,1438,-53
walk_01,walk_cross_link,RX02,28.774418,1439,-54
walk_01,walk_cross_link,RX02,28.796789,1440,-53
walk_01,walk_cross_link,RX02,28.814229,1441,-53
walk_01,walk_cross_link,RX02,28.833903,1442,-53
walk_01,walk_cross_link,RX02,28.856109,1443,-53
walk_01,walk_cross_link,RX02,28.877538,1444,-53
walk_01,walk_cross_link,RX02,28.893702,1445,-55
walk_01,walk_cross_link,RX02,28.91349,1446,-55
walk_01,walk_cross_link,RX02,28.937445,1447,-54
walk_01,walk_cross_link,RX02,28.958496,1448,-55
walk_01,walk_cross_link,RX02,28.973483,1449,-54
walk_01,walk_cross_link,RX02,28.993475,1450,-56
walk_01,walk_cross_link,RX02,29.013495,1451,-54
walk_01,walk_cross_link,RX02,29.033475,1452,-54
walk_01,walk_cross_link,RX02,29.053496,1453,-54
walk_01,walk_cross_link,RX02,29.074376,1454,-54
walk_01,walk_cross_link,RX02,29.094495,1455,-54
walk_01,walk_cross_link,RX02,29.114479,1456,-53
walk_01,walk_cross_link,RX02,29.133464,1457,-53
walk_01,walk_cross_link,RX02,29.153475,1458,-54
walk_01,walk_cross_link,RX02,29.173598,1459,-54
walk_01,walk_cross_link,RX02,29.193486,1460,-54
walk_01,walk_cross_link,RX02,29.217989,1461,-53
walk_01,walk_cross_link,RX02,29.233476,1462,-53
walk_01,walk_cross_link,RX02,29.254394,1463,-54
walk_01,walk_cross_link,RX02,29.27348,1464,-54
walk_01,walk_cross_link,RX02,29.299315,1465,-54
walk_01,walk_cross_link,RX02,29.319404,1466,-54
walk_01,walk_cross_link,RX02,29.333464,1467,-54
walk_01,walk_cross_link,RX02,29.356803,1468,-54
walk_01,walk_cross_link,RX02,29.374291,1469,-53
walk_01,walk_cross_link,RX02,29.393872,1470,-54
walk_01,walk_cross_link,RX02,29.420431,1471,-53
walk_01,walk_cross_link,RX02,29.433484,1472,-54
walk_01,walk_cross_link,RX02,29.453486,1473,-54
walk_01,walk_cross_link,RX02,29.476685,1474,-53
walk_01,walk_cross_link,RX02,29.496452,1475,-53
walk_01,walk_cross_link,RX02,29.517971,1476,-54
walk_01,walk_cross_link,RX02,29.534774,1477,-54
walk_01,walk_cross_link,RX02,29.556091,1478,-53
walk_01,walk_cross_link,RX02,29.573487,1479,-53
walk_01,walk_cross_link,RX02,29.593467,1480,-54
walk_01,walk_cross_link,RX02,29.617605,1481,-53
walk_01,walk_cross_link,RX02,29.637171,1482,-55
walk_01,walk_cross_link,RX02,29.653458,1483,-55
walk_01,walk_cross_link,RX02,29.675318,1484,-53
walk_01,walk_cross_link,RX02,29.697977,1485,-53
walk_01,walk_cross_link,RX02,29.713508,1486,-54
walk_01,walk_cross_link,RX02,29.735634,1487,-53
walk_01,walk_cross_link,RX02,29.753477,1488,-54
walk_01,walk_cross_link,RX02,29.773452,1489,-54
walk_01,walk_cross_link,RX02,29.795974,1490,-54
walk_01,walk_cross_link,RX02,29.813452,1491,-54
walk_01,walk_cross_link,RX02,29.83518,1492,-53
walk_01,walk_cross_link,RX02,29.854002,1493,-53
walk_01,walk_cross_link,RX02,29.874768,1494,-53
walk_01,walk_cross_link,RX02,29.893589,1495,-54
walk_01,walk_cross_link,RX02,29.913947,1496,-54
walk_01,walk_cross_link,RX02,29.934048,1497,-53
walk_01,walk_cross_link,RX02,29.956408,1498,-54
walk_01,walk_cross_link,RX02,29.973694,1499,-55
walk_01,walk_cross_link,RX02,29.995995,1500,-55
walk_01,walk_cross_link,RX02,30.016113,1501,-54
walk_01,walk_cross_link,RX02,30.036092,1502,-54
walk_01,walk_cross_link,RX02,30.053464,1503,-54
walk_01,walk_cross_link,RX02,30.074494,1504,-54
walk_01,walk_cross_link,RX02,30.09353,1505,-53
walk_01,walk_cross_link,RX02,30.114025,1506,-54
walk_01,walk_cross_link,RX02,30.135986,1507,-54
walk_01,walk_cross_link,RX02,30.153485,1508,-55
walk_01,walk_cross_link,RX02,30.176067,1509,-53
walk_01,walk_cross_link,RX02,30.195333,1510,-54
walk_01,walk_cross_link,RX02,30.21346,1511,-54
walk_01,walk_cross_link,RX02,30.234226,1512,-54
walk_01,walk_cross_link,RX02,30.253511,1513,-54
walk_01,walk_cross_link,RX02,30.273453,1514,-54
walk_01,walk_cross_link,RX02,30.293467,1515,-54
walk_01,walk_cross_link,RX02,30.315502,1516,-54
walk_01,walk_cross_link,RX02,30.334435,1517,-54
walk_01,walk_cross_link,RX02,30.353995,1518,-54
walk_01,walk_cross_link,RX02,30.374296,1519,-54
walk_01,walk_cross_link,RX02,30.39362,1520,-53
walk_01,walk_cross_link,RX02,30.413589,1521,-53
walk_01,walk_cross_link,RX02,30.433458,1522,-53
walk_01,walk_cross_link,RX02,30.456375,1523,-55
walk_01,walk_cross_link,RX02,30.473453,1524,-55
walk_01,walk_cross_link,RX02,30.494519,1525,-54
walk_01,walk_cross_link,RX02,30.513862,1526,-60
walk_01,walk_cross_link,RX02,30.53344,1527,-55
walk_01,walk_cross_link,RX02,30.554719,1528,-53
walk_01,walk_cross_link,RX02,30.57347,1529,-54
walk_01,walk_cross_link,RX02,30.596933,1530,-54
walk_01,walk_cross_link,RX02,30.616284,1531,-54
walk_01,walk_cross_link,RX02,30.634878,1532,-54
walk_01,walk_cross_link,RX02,30.653444,1533,-54
walk_01,walk_cross_link,RX02,30.673458,1534,-54
walk_01,walk_cross_link,RX02,30.693445,1535,-54
walk_01,walk_cross_link,RX02,30.718658,1536,-53
walk_01,walk_cross_link,RX02,30.733453,1537,-54
walk_01,walk_cross_link,RX02,30.753444,1538,-54
walk_01,walk_cross_link,RX02,30.775615,1539,-54
walk_01,walk_cross_link,RX02,30.793469,1540,-54
walk_01,walk_cross_link,RX02,30.815199,1541,-53
walk_01,walk_cross_link,RX02,30.835335,1542,-54
walk_01,walk_cross_link,RX02,30.855297,1543,-53
walk_01,walk_cross_link,RX02,30.873468,1544,-54
walk_01,walk_cross_link,RX02,30.894556,1545,-55
walk_01,walk_cross_link,RX02,30.913467,1546,-54
walk_01,walk_cross_link,RX02,30.933566,1547,-54
walk_01,walk_cross_link,RX02,30.953567,1548,-55
walk_01,walk_cross_link,RX02,30.973435,1549,-54
walk_01,walk_cross_link,RX02,30.993463,1550,-54
walk_01,walk_cross_link,RX02,31.013441,1551,-54
walk_01,walk_cross_link,RX02,31.035053,1552,-54
walk_01,walk_cross_link,RX02,31.053432,1553,-54
walk_01,walk_cross_link,RX02,31.073448,1554,-54
walk_01,walk_cross_link,RX02,31.095385,1555,-54
walk_01,walk_cross_link,RX02,31.115109,1556,-54
walk_01,walk_cross_link,RX02,31.134844,1557,-54
walk_01,walk_cross_link,RX02,31.15372,1558,-54
walk_01,walk_cross_link,RX02,31.174204,1559,-54
walk_01,walk_cross_link,RX02,31.193545,1560,-54
walk_01,walk_cross_link,RX02,31.218273,1561,-54
walk_01,walk_cross_link,RX02,31.233462,1562,-54
walk_01,walk_cross_link,RX02,31.257884,1563,-54
walk_01,walk_cross_link,RX02,31.275605,1564,-54
walk_01,walk_cross_link,RX02,31.295988,1565,-54
walk_01,walk_cross_link,RX02,31.313755,1566,-54
walk_01,walk_cross_link,RX02,31.335502,1567,-54
walk_01,walk_cross_link,RX02,31.35438,1568,-53
walk_01,walk_cross_link,RX02,31.373982,1569,-54
walk_01,walk_cross_link,RX02,31.393432,1570,-54
walk_01,walk_cross_link,RX02,31.416152,1571,-53
walk_01,walk_cross_link,RX02,31.437608,1572,-53
walk_01,walk_cross_link,RX02,31.454241,1573,-54
walk_01,walk_cross_link,RX02,31.475645,1574,-55
walk_01,walk_cross_link,RX02,31.493416,1575,-55
walk_01,walk_cross_link,RX02,31.513434,1576,-54
walk_01,walk_cross_link,RX02,31.534963,1577,-53
walk_01,walk_cross_link,RX02,31.553914,1578,-54
walk_01,walk_cross_link,RX02,31.575656,1579,-54
walk_01,walk_cross_link,RX02,31.594841,1580,-54
walk_01,walk_cross_link,RX02,31.613495,1581,-54
walk_01,walk_cross_link,RX02,31.63441,1582,-54
walk_01,walk_cross_link,RX02,31.654567,1583,-54
walk_01,walk_cross_link,RX02,31.674096,1584,-53
walk_01,walk_cross_link,RX02,31.693436,1585,-54
walk_01,walk_cross_link,RX02,31.714593,1586,-54
walk_01,walk_cross_link,RX02,31.733439,1587,-54
walk_01,walk_cross_link,RX02,31.754416,1588,-54
walk_01,walk_cross_link,RX02,31.773844,1589,-55
walk_01,walk_cross_link,RX02,31.793411,1590,-54
walk_01,walk_cross_link,RX02,31.813409,1591,-54
walk_01,walk_cross_link,RX02,31.839241,1592,-55
walk_01,walk_cross_link,RX02,31.854667,1593,-54
walk_01,walk_cross_link,RX02,31.873463,1594,-54
walk_01,walk_cross_link,RX02,31.893397,1595,-54
walk_01,walk_cross_link,RX02,31.917218,1596,-54
walk_01,walk_cross_link,RX02,31.936764,1597,-54
walk_01,walk_cross_link,RX02,31.95391,1598,-54
walk_01,walk_cross_link,RX02,31.974982,1599,-53
walk_01,walk_cross_link,RX02,31.993438,1600,-55
walk_01,walk_cross_link,RX02,32.016414,1601,-53
walk_01,walk_cross_link,RX02,32.033452,1602,-53
walk_01,walk_cross_link,RX02,32.056299,1603,-55
walk_01,walk_cross_link,RX02,32.073768,1604,-53
walk_01,walk_cross_link,RX02,32.094822,1605,-54
walk_01,walk_cross_link,RX02,32.116534,1606,-53
walk_01,walk_cross_link,RX02,32.13598,1607,-54
walk_01,walk_cross_link,RX02,32.154952,1608,-54
walk_01,walk_cross_link,RX02,32.175586,1609,-54
walk_01,walk_cross_link,RX02,32.206057,1610,-55
walk_01,walk_cross_link,RX02,32.213394,1611,-54
walk_01,walk_cross_link,RX02,32.235361,1612,-54
walk_01,walk_cross_link,RX02,32.254723,1613,-55
walk_01,walk_cross_link,RX02,32.273405,1614,-54
walk_01,walk_cross_link,RX02,32.293476,1615,-54
walk_01,walk_cross_link,RX02,32.317524,1616,-55
walk_01,walk_cross_link,RX02,32.334343,1617,-54
walk_01,walk_cross_link,RX02,32.353435,1618,-54
walk_01,walk_cross_link,RX02,32.373399,1619,-53
walk_01,walk_cross_link,RX02,32.393417,1620,-54
walk_01,walk_cross_link,RX02,32.414053,1621,-54
walk_01,walk_cross_link,RX02,32.433419,1622,-53
walk_01,walk_cross_link,RX02,32.454379,1623,-53
walk_01,walk_cross_link,RX02,32.473794,1624,-53
walk_01,walk_cross_link,RX02,32.493715,1625,-55
walk_01,walk_cross_link,RX02,32.513394,1626,-53
walk_01,walk_cross_link,RX02,32.53685,1627,-55
walk_01,walk_cross_link,RX02,32.55605,1628,-53
walk_01,walk_cross_link,RX02,32.573392,1629,-53
walk_01,walk_cross_link,RX02,32.597252,1630,-53
walk_01,walk_cross_link,RX02,32.613391,1631,-54
walk_01,walk_cross_link,RX02,32.634215,1632,-54
walk_01,walk_cross_link,RX02,32.65346,1633,-54
walk_01,walk_cross_link,RX02,32.673619,1634,-54
walk_01,walk_cross_link,RX02,32.693406,1635,-54
walk_01,walk_cross_link,RX02,32.713392,1636,-54
walk_01,walk_cross_link,RX02,32.733699,1637,-54
walk_01,walk_cross_link,RX02,32.754151,1638,-55
walk_01,walk_cross_link,RX02,32.778671,1639,-53
walk_01,walk_cross_link,RX02,32.793416,1640,-54
walk_01,walk_cross_link,RX02,32.813386,1641,-54
walk_01,walk_cross_link,RX02,32.833432,1642,-54
walk_01,walk_cross_link,RX02,32.855985,1643,-54
walk_01,walk_cross_link,RX02,32.875515,1644,-53
walk_01,walk_cross_link,RX02,32.893403,1645,-53
walk_01,walk_cross_link,RX02,32.914024,1646,-54
walk_01,walk_cross_link,RX02,32.93438,1647,-53
walk_01,walk_cross_link,RX02,32.954875,1648,-54
walk_01,walk_cross_link,RX02,32.973621,1649,-54
walk_01,walk_cross_link,RX02,32.998111,1650,-54
walk_01,walk_cross_link,RX02,33.013396,1651,-54
walk_01,walk_cross_link,RX02,33.033416,1652,-54
walk_01,walk_cross_link,RX02,33.054571,1653,-54
walk_01,walk_cross_link,RX02,33.073935,1654,-54
walk_01,walk_cross_link,RX02,33.095115,1655,-54
walk_01,walk_cross_link,RX02,33.113384,1656,-54
walk_01,walk_cross_link,RX02,33.135697,1657,-54
walk_01,walk_cross_link,RX02,33.153871,1658,-53
walk_01,walk_cross_link,RX02,33.176306,1659,-54
walk_01,walk_cross_link,RX02,33.194468,1660,-54
walk_01,walk_cross_link,RX02,33.215599,1661,-54
walk_01,walk_cross_link,RX02,33.233392,1662,-54
walk_01,walk_cross_link,RX02,33.253463,1663,-54
walk_01,walk_cross_link,RX02,33.280822,1664,-53
walk_01,walk_cross_link,RX02,33.293391,1665,-55
walk_01,walk_cross_link,RX02,33.318027,1666,-54
walk_01,walk_cross_link,RX02,33.335654,1667,-54
walk_01,walk_cross_link,RX02,33.35407,1668,-53
walk_01,walk_cross_link,RX02,33.375251,1669,-53
walk_01,walk_cross_link,RX02,33.395392,1670,-55
walk_01,walk_cross_link,RX02,33.415326,1671,-54
walk_01,walk_cross_link,RX02,33.433393,1672,-55
walk_01,walk_cross_link,RX02,33.455296,1673,-55
walk_01,walk_cross_link,RX02,33.473394,1674,-55
walk_01,walk_cross_link,RX02,33.493969,1675,-55
walk_01,walk_cross_link,RX02,33.517761,1676,-55
walk_01,walk_cross_link,RX02,33.533389,1677,-55
walk_01,walk_cross_link,RX02,33.553397,1678,-54
walk_01,walk_cross_link,RX02,33.573383,1679,-55
walk_01,walk_cross_link,RX02,33.600206,1680,-53
walk_01,walk_cross_link,RX02,33.614565,1681,-54
walk_01,walk_cross_link,RX02,33.633384,1682,-54
walk_01,walk_cross_link,RX02,33.655694,1683,-54
walk_01,walk_cross_link,RX02,33.67523,1684,-54
walk_01,walk_cross_link,RX02,33.694733,1685,-54
walk_01,walk_cross_link,RX02,33.713721,1686,-53
walk_01,walk_cross_link,RX02,33.733396,1687,-53
walk_01,walk_cross_link,RX02,33.753575,1688,-53
walk_01,walk_cross_link,RX02,33.773379,1689,-53
walk_01,walk_cross_link,RX02,33.793394,1690,-53
walk_01,walk_cross_link,RX02,33.813375,1691,-53
walk_01,walk_cross_link,RX02,33.835658,1692,-53
walk_01,walk_cross_link,RX02,33.853689,1693,-53
walk_01,walk_cross_link,RX02,33.87377,1694,-53
walk_01,walk_cross_link,RX02,33.895236,1695,-53
walk_01,walk_cross_link,RX02,33.915322,1696,-53
walk_01,walk_cross_link,RX02,33.934434,1697,-53
walk_01,walk_cross_link,RX02,33.953385,1698,-53
walk_01,walk_cross_link,RX02,33.977614,1699,-52
walk_01,walk_cross_link,RX02,34.001951,1700,-52
walk_01,walk_cross_link,RX02,34.013382,1701,-52
walk_01,walk_cross_link,RX02,34.035474,1702,-52
walk_01,walk_cross_link,RX02,34.055103,1703,-53
walk_01,walk_cross_link,RX02,34.073717,1704,-52
walk_01,walk_cross_link,RX02,34.093393,1705,-52
walk_01,walk_cross_link,RX02,34.117548,1706,-52
walk_01,walk_cross_link,RX02,34.135283,1707,-52
walk_01,walk_cross_link,RX02,34.154871,1708,-53
walk_01,walk_cross_link,RX02,34.175236,1709,-53
walk_01,walk_cross_link,RX02,34.194497,1710,-53
walk_01,walk_cross_link,RX02,34.214598,1711,-53
walk_01,walk_cross_link,RX02,34.234556,1712,-53
walk_01,walk_cross_link,RX02,34.25344,1713,-54
walk_01,walk_cross_link,RX02,34.27805,1714,-54
walk_01,walk_cross_link,RX02,34.296879,1715,-54
walk_01,walk_cross_link,RX02,34.313376,1716,-53
walk_01,walk_cross_link,RX02,34.336972,1717,-53
walk_01,walk_cross_link,RX02,34.353385,1718,-53
walk_01,walk_cross_link,RX02,34.374836,1719,-53
walk_01,walk_cross_link,RX02,34.393833,1720,-53
walk_01,walk_cross_link,RX02,34.419446,1721,-53
walk_01,walk_cross_link,RX02,34.439368,1722,-53
walk_01,walk_cross_link,RX02,34.453376,1723,-53
walk_01,walk_cross_link,RX02,34.47503,1724,-53
walk_01,walk_cross_link,RX02,34.494475,1725,-53
walk_01,walk_cross_link,RX02,34.513958,1726,-53
walk_01,walk_cross_link,RX02,34.53337,1727,-53
walk_01,walk_cross_link,RX02,34.553362,1728,-53
walk_01,walk_cross_link,RX02,34.574829,1729,-53
walk_01,walk_cross_link,RX02,34.593354,1730,-53
walk_01,walk_cross_link,RX02,34.617998,1731,-53
walk_01,walk_cross_link,RX02,34.633376,1732,-53
walk_01,walk_cross_link,RX02,34.653359,1733,-53
walk_01,walk_cross_link,RX02,34.67625,1734,-53
walk_01,walk_cross_link,RX02,34.693495,1735,-53
walk_01,walk_cross_link,RX02,34.714498,1736,-53
walk_01,walk_cross_link,RX02,34.733956,1737,-53
walk_01,walk_cross_link,RX02,34.753516,1738,-53
walk_01,walk_cross_link,RX02,34.773388,1739,-53
walk_01,walk_cross_link,RX02,34.795403,1740,-53
walk_01,walk_cross_link,RX02,34.815829,1741,-54
walk_01,walk_cross_link,RX02,34.8381,1742,-54
walk_01,walk_cross_link,RX02,34.858261,1743,-54
walk_01,walk_cross_link,RX02,34.873445,1744,-54
walk_01,walk_cross_link,RX02,34.897783,1745,-53
walk_01,walk_cross_link,RX02,34.914176,1746,-55
walk_01,walk_cross_link,RX02,34.934674,1747,-54
walk_01,walk_cross_link,RX02,34.958518,1748,-55
walk_01,walk_cross_link,RX02,34.973375,1749,-56
walk_01,walk_cross_link,RX02,35.004177,1750,-57
walk_01,walk_cross_link,RX02,35.014736,1751,-57
walk_01,walk_cross_link,RX02,35.036088,1752,-57
walk_01,walk_cross_link,RX02,35.058868,1753,-57
walk_01,walk_cross_link,RX02,35.073351,1754,-56
walk_01,walk_cross_link,RX02,35.097701,1755,-55
walk_01,walk_cross_link,RX02,35.119337,1756,-53
walk_01,walk_cross_link,RX02,35.136591,1757,-55
walk_01,walk_cross_link,RX02,35.160794,1758,-55
walk_01,walk_cross_link,RX02,35.17336,1759,-55
walk_01,walk_cross_link,RX02,35.22198,1761,-55
walk_01,walk_cross_link,RX02,35.234217,1762,-55
walk_01,walk_cross_link,RX02,35.260252,1763,-55
walk_01,walk_cross_link,RX02,35.274306,1764,-55
walk_01,walk_cross_link,RX02,35.304098,1765,-55
walk_01,walk_cross_link,RX02,35.313632,1766,-55
walk_01,walk_cross_link,RX02,35.336508,1767,-55
walk_01,walk_cross_link,RX02,35.353361,1768,-55
walk_01,walk_cross_link,RX02,35.373364,1769,-55
walk_01,walk_cross_link,RX02,35.393358,1770,-55
walk_01,walk_cross_link,RX02,35.413359,1771,-55
walk_01,walk_cross_link,RX02,35.43555,1772,-56
walk_01,walk_cross_link,RX02,35.454671,1773,-56
walk_01,walk_cross_link,RX02,35.47334,1774,-56
walk_01,walk_cross_link,RX02,35.494441,1775,-56
walk_01,walk_cross_link,RX02,35.515668,1776,-56
walk_01,walk_cross_link,RX02,35.533699,1777,-56
walk_01,walk_cross_link,RX02,35.554843,1778,-56
walk_01,walk_cross_link,RX02,35.575939,1779,-57
walk_01,walk_cross_link,RX02,35.593499,1780,-57
walk_01,walk_cross_link,RX02,35.613342,1781,-58
walk_01,walk_cross_link,RX02,35.636091,1782,-59
walk_01,walk_cross_link,RX02,35.65333,1783,-59
walk_01,walk_cross_link,RX02,35.675311,1784,-59
walk_01,walk_cross_link,RX02,35.694588,1785,-59
walk_01,walk_cross_link,RX02,35.715924,1786,-59
walk_01,walk_cross_link,RX02,35.738508,1787,-59
walk_01,walk_cross_link,RX02,35.753331,1788,-58
walk_01,walk_cross_link,RX02,35.77537,1789,-58
walk_01,walk_cross_link,RX02,35.793364,1790,-58
walk_01,walk_cross_link,RX02,35.813355,1791,-58
walk_01,walk_cross_link,RX02,35.833342,1792,-57
walk_01,walk_cross_link,RX02,35.853343,1793,-57
walk_01,walk_cross_link,RX02,35.873604,1794,-57
walk_01,walk_cross_link,RX02,35.895715,1795,-57
walk_01,walk_cross_link,RX02,35.932359,1796,-56
walk_01,walk_cross_link,RX02,35.937353,1797,-57
walk_01,walk_cross_link,RX02,35.956448,1798,-57
walk_01,walk_cross_link,RX02,35.978594,1799,-57
walk_01,walk_cross_link,RX02,35.993328,1800,-57
walk_01,walk_cross_link,RX02,36.013357,1801,-57
walk_01,walk_cross_link,RX02,36.033931,1802,-57
walk_01,walk_cross_link,RX02,36.053338,1803,-57
walk_01,walk_cross_link,RX02,36.077798,1804,-57
walk_01,walk_cross_link,RX02,36.093355,1805,-57
walk_01,walk_cross_link,RX02,36.113341,1806,-58
walk_01,walk_cross_link,RX02,36.133978,1807,-58
walk_01,walk_cross_link,RX02,36.153315,1808,-58
walk_01,walk_cross_link,RX02,36.173326,1809,-58
walk_01,walk_cross_link,RX02,36.19333,1810,-57
walk_01,walk_cross_link,RX02,36.215699,1811,-58
walk_01,walk_cross_link,RX02,36.236504,1812,-58
walk_01,walk_cross_link,RX02,36.254785,1813,-57
walk_01,walk_cross_link,RX02,36.279863,1814,-57
walk_01,walk_cross_link,RX02,36.296726,1815,-57
walk_01,walk_cross_link,RX02,36.314729,1816,-57
walk_01,walk_cross_link,RX02,36.35081,1817,-57
walk_01,walk_cross_link,RX02,36.357164,1818,-57
walk_01,walk_cross_link,RX02,36.373329,1819,-57
walk_01,walk_cross_link,RX02,36.395126,1820,-58
walk_01,walk_cross_link,RX02,36.41332,1821,-58
walk_01,walk_cross_link,RX02,36.433836,1822,-59
walk_01,walk_cross_link,RX02,36.455392,1823,-59
walk_01,walk_cross_link,RX02,36.473356,1824,-60
walk_01,walk_cross_link,RX02,36.494484,1825,-60
walk_01,walk_cross_link,RX02,36.51333,1826,-59
walk_01,walk_cross_link,RX02,36.536233,1827,-60
walk_01,walk_cross_link,RX02,36.557314,1828,-59
walk_01,walk_cross_link,RX02,36.576495,1829,-59
walk_01,walk_cross_link,RX02,36.593318,1830,-59
walk_01,walk_cross_link,RX02,36.613344,1831,-59
walk_01,walk_cross_link,RX02,36.657182,1833,-58
walk_01,walk_cross_link,RX02,36.691979,1834,-58
walk_01,walk_cross_link,RX02,36.698004,1835,-58
walk_01,walk_cross_link,RX02,36.713324,1836,-58
walk_01,walk_cross_link,RX02,36.734542,1837,-58
walk_01,walk_cross_link,RX02,36.753717,1838,-58
walk_01,walk_cross_link,RX02,36.775557,1839,-58
walk_01,walk_cross_link,RX02,36.795172,1840,-58
walk_01,walk_cross_link,RX02,36.813336,1841,-58
walk_01,walk_cross_link,RX02,36.83332,1842,-58
walk_01,walk_cross_link,RX02,36.857211,1843,-58
walk_01,walk_cross_link,RX02,36.87384,1844,-58
walk_01,walk_cross_link,RX02,36.893921,1845,-58
walk_01,walk_cross_link,RX02,36.919721,1846,-58
walk_01,walk_cross_link,RX02,36.93614,1847,-58
walk_01,walk_cross_link,RX02,36.954389,1848,-58
walk_01,walk_cross_link,RX02,36.980346,1849,-58
walk_01,walk_cross_link,RX02,37.001059,1850,-58
walk_01,walk_cross_link,RX02,37.013321,1851,-58
walk_01,walk_cross_link,RX02,37.037976,1852,-59
walk_01,walk_cross_link,RX02,37.055133,1853,-59
walk_01,walk_cross_link,RX02,37.073978,1854,-58
walk_01,walk_cross_link,RX02,37.1018,1855,-57
walk_01,walk_cross_link,RX02,37.113313,1856,-56
walk_01,walk_cross_link,RX02,37.133323,1857,-56
walk_01,walk_cross_link,RX02,37.153324,1858,-55
walk_01,walk_cross_link,RX02,37.176376,1859,-54
walk_01,walk_cross_link,RX02,37.19333,1860,-54
walk_01,walk_cross_link,RX02,37.213297,1861,-55
walk_01,walk_cross_link,RX02,37.233302,1862,-55
walk_01,walk_cross_link,RX02,37.253362,1863,-55
walk_01,walk_cross_link,RX02,37.274605,1864,-55
walk_01,walk_cross_link,RX02,37.293297,1865,-55
walk_01,walk_cross_link,RX02,37.313334,1866,-55
walk_01,walk_cross_link,RX02,37.33329,1867,-55
walk_01,walk_cross_link,RX02,37.353326,1868,-55
walk_01,walk_cross_link,RX02,37.373317,1869,-55
walk_01,walk_cross_link,RX02,37.393756,1870,-55
walk_01,walk_cross_link,RX02,37.422153,1871,-55
walk_01,walk_cross_link,RX02,37.434585,1872,-55
walk_01,walk_cross_link,RX02,37.456823,1873,-54
walk_01,walk_cross_link,RX02,37.479318,1874,-54
walk_01,walk_cross_link,RX02,37.493288,1875,-54
walk_01,walk_cross_link,RX02,37.513298,1876,-54
walk_01,walk_cross_link,RX02,37.53329,1877,-55
walk_01,walk_cross_link,RX02,37.555227,1878,-54
walk_01,walk_cross_link,RX02,37.573306,1879,-54
walk_01,walk_cross_link,RX02,37.594763,1880,-54
walk_01,walk_cross_link,RX02,37.613816,1881,-54
walk_01,walk_cross_link,RX02,37.6333,1882,-53
walk_01,walk_cross_link,RX02,37.65357,1883,-53
walk_01,walk_cross_link,RX02,37.673327,1884,-53
walk_01,walk_cross_link,RX02,37.693354,1885,-55
walk_01,walk_cross_link,RX02,37.733306,1887,-54
walk_01,walk_cross_link,RX02,37.753292,1888,-54
walk_01,walk_cross_link,RX02,37.778359,1889,-53
walk_01,walk_cross_link,RX02,37.795951,1890,-54
walk_01,walk_cross_link,RX02,37.816922,1891,-54
walk_01,walk_cross_link,RX02,37.833317,1892,-53
walk_01,walk_cross_link,RX02,37.854301,1893,-53
walk_01,walk_cross_link,RX02,37.873757,1894,-54
walk_01,walk_cross_link,RX02,37.893317,1895,-54
walk_01,walk_cross_link,RX02,37.920973,1896,-53
walk_01,walk_cross_link,RX02,37.93329,1897,-54
walk_01,walk_cross_link,RX02,37.953858,1898,-54
walk_01,walk_cross_link,RX02,37.980212,1899,-54
walk_01,walk_cross_link,RX02,37.995607,1900,-54
walk_01,walk_cross_link,RX02,38.014827,1901,-54
walk_01,walk_cross_link,RX02,38.033291,1902,-54
walk_01,walk_cross_link,RX02,38.053293,1903,-54
walk_01,walk_cross_link,RX02,38.073288,1904,-54
walk_01,walk_cross_link,RX02,38.094738,1905,-53
walk_01,walk_cross_link,RX02,38.113301,1906,-54
walk_01,walk_cross_link,RX02,38.133302,1907,-55
walk_01,walk_cross_link,RX02,38.154233,1908,-55
walk_01,walk_cross_link,RX02,38.174803,1909,-55
walk_01,walk_cross_link,RX02,38.194036,1910,-54
walk_01,walk_cross_link,RX02,38.214005,1911,-54
walk_01,walk_cross_link,RX02,38.233733,1912,-54
walk_01,walk_cross_link,RX02,38.253362,1913,-54
walk_01,walk_cross_link,RX02,38.284851,1914,-54
walk_01,walk_cross_link,RX02,38.313974,1916,-55
walk_01,walk_cross_link,RX02,38.333274,1917,-54
walk_01,walk_cross_link,RX02,38.355162,1918,-54
walk_01,walk_cross_link,RX02,38.373283,1919,-55
walk_01,walk_cross_link,RX02,38.398882,1920,-55
walk_01,walk_cross_link,RX02,38.413515,1921,-53
walk_01,walk_cross_link,RX02,38.433298,1922,-53
walk_01,walk_cross_link,RX02,38.453275,1923,-55
walk_01,walk_cross_link,RX02,38.477562,1924,-54
walk_01,walk_cross_link,RX02,38.493302,1925,-55
walk_01,walk_cross_link,RX02,38.517924,1926,-53
walk_01,walk_cross_link,RX02,38.535448,1927,-54
walk_01,walk_cross_link,RX02,38.553304,1928,-53
walk_01,walk_cross_link,RX02,38.573279,1929,-53
walk_01,walk_cross_link,RX02,38.593819,1930,-53
walk_01,walk_cross_link,RX02,38.613803,1931,-54
walk_01,walk_cross_link,RX02,38.649894,1932,-54
walk_01,walk_cross_link,RX02,38.653289,1933,-54
walk_01,walk_cross_link,RX02,38.673603,1934,-54
walk_01,walk_cross_link,RX02,38.695405,1935,-54
walk_01,walk_cross_link,RX02,38.716336,1936,-55
walk_01,walk_cross_link,RX02,38.733786,1937,-54
walk_01,walk_cross_link,RX02,38.758072,1938,-55
walk_01,walk_cross_link,RX02,38.775312,1939,-54
walk_01,walk_cross_link,RX02,38.810721,1940,-54
walk_01,walk_cross_link,RX02,38.827223,1941,-55
walk_01,walk_cross_link,RX02,38.834097,1942,-53
walk_01,walk_cross_link,RX02,38.858655,1943,-55
walk_01,walk_cross_link,RX02,38.89329,1945,-54
walk_01,walk_cross_link,RX02,38.927388,1946,-53
walk_01,walk_cross_link,RX02,38.933296,1947,-53
walk_01,walk_cross_link,RX02,38.965147,1948,-54
walk_01,walk_cross_link,RX02,38.983815,1949,-54
walk_01,walk_cross_link,RX02,38.99387,1950,-53
walk_01,walk_cross_link,RX02,39.028342,1951,-54
walk_01,walk_cross_link,RX02,39.033596,1952,-54
walk_01,walk_cross_link,RX02,39.06262,1953,-54
walk_01,walk_cross_link,RX02,39.074764,1954,-53
walk_01,walk_cross_link,RX02,39.096262,1955,-53
walk_01,walk_cross_link,RX02,39.117644,1956,-53
walk_01,walk_cross_link,RX02,39.1347,1957,-54
walk_01,walk_cross_link,RX02,39.177783,1959,-54
walk_01,walk_cross_link,RX02,39.193269,1960,-54
walk_01,walk_cross_link,RX02,39.213438,1961,-54
walk_01,walk_cross_link,RX02,39.233756,1962,-53
walk_01,walk_cross_link,RX02,39.254472,1963,-54
walk_01,walk_cross_link,RX02,39.273276,1964,-54
walk_01,walk_cross_link,RX02,39.29552,1965,-54
walk_01,walk_cross_link,RX02,39.313294,1966,-54
walk_01,walk_cross_link,RX02,39.334738,1967,-54
walk_01,walk_cross_link,RX02,39.354661,1968,-54
walk_01,walk_cross_link,RX02,39.373268,1969,-54
walk_01,walk_cross_link,RX02,39.393675,1970,-54
walk_01,walk_cross_link,RX02,39.413259,1971,-53
walk_01,walk_cross_link,RX02,39.433402,1972,-53
walk_01,walk_cross_link,RX02,39.457068,1973,-54
walk_01,walk_cross_link,RX02,39.473279,1974,-54
walk_01,walk_cross_link,RX02,39.495234,1975,-54
walk_01,walk_cross_link,RX02,39.517192,1976,-54
walk_01,walk_cross_link,RX02,39.534197,1977,-54
walk_01,walk_cross_link,RX02,39.558142,1978,-53
walk_01,walk_cross_link,RX02,39.576913,1979,-54
walk_01,walk_cross_link,RX02,39.599724,1980,-53
walk_01,walk_cross_link,RX02,39.644068,1982,-53
walk_01,walk_cross_link,RX02,39.663736,1983,-53
walk_01,walk_cross_link,RX02,39.67943,1984,-54
walk_01,walk_cross_link,RX02,39.696711,1985,-54
walk_01,walk_cross_link,RX02,39.717038,1986,-54
walk_01,walk_cross_link,RX02,39.745278,1987,-54
walk_01,walk_cross_link,RX02,39.756825,1988,-53
walk_01,walk_cross_link,RX02,39.780667,1989,-54
walk_01,walk_cross_link,RX02,39.800692,1990,-54
walk_01,walk_cross_link,RX02,39.819435,1991,-53
walk_01,walk_cross_link,RX02,39.838816,1992,-53
walk_01,walk_cross_link,RX02,39.858281,1993,-53
walk_01,walk_cross_link,RX02,39.876717,1994,-53
walk_01,walk_cross_link,RX02,39.897729,1995,-53
walk_01,walk_cross_link,RX02,39.918198,1996,-53
walk_01,walk_cross_link,RX02,39.937032,1997,-53
walk_01,walk_cross_link,RX02,39.956712,1998,-53
walk_01,walk_cross_link,RX02,39.979633,1999,-54
walk_01,walk_cross_link,RX02,39.99672,2000,-54
walk_01,walk_cross_link,RX02,40.017882,2001,-54
walk_01,walk_cross_link,RX02,40.038392,2002,-54
walk_01,walk_cross_link,RX02,40.058035,2003,-54
walk_01,walk_cross_link,RX02,40.081793,2004,-54
walk_01,walk_cross_link,RX02,40.096716,2005,-54
walk_01,walk_cross_link,RX02,40.116712,2006,-54
walk_01,walk_cross_link,RX02,40.142213,2007,-53
walk_01,walk_cross_link,RX02,40.15766,2008,-54
walk_01,walk_cross_link,RX02,40.187535,2009,-54
walk_01,walk_cross_link,RX02,40.200008,2010,-54
walk_01,walk_cross_link,RX02,40.222695,2011,-54
walk_01,walk_cross_link,RX02,40.237183,2012,-54
walk_01,walk_cross_link,RX02,40.261048,2013,-53
walk_01,walk_cross_link,RX02,40.279648,2014,-54
walk_01,walk_cross_link,RX02,40.299796,2015,-54
walk_01,walk_cross_link,RX02,40.319768,2016,-54
walk_01,walk_cross_link,RX02,40.340475,2017,-53
walk_01,walk_cross_link,RX02,40.434761,2021,-59
walk_01,walk_cross_link,RX02,40.439187,2022,-59
walk_01,walk_cross_link,RX02,40.489067,2024,-57
walk_01,walk_cross_link,RX02,40.496705,2025,-58
walk_01,walk_cross_link,RX02,40.519504,2026,-58
walk_01,walk_cross_link,RX02,40.542164,2027,-58
walk_01,walk_cross_link,RX02,40.558976,2028,-58
walk_01,walk_cross_link,RX02,40.577248,2029,-58
walk_01,walk_cross_link,RX02,40.596689,2030,-58
walk_01,walk_cross_link,RX02,40.618452,2031,-58
walk_01,walk_cross_link,RX02,40.636679,2032,-58
walk_01,walk_cross_link,RX02,40.658036,2033,-58
walk_01,walk_cross_link,RX02,40.679388,2034,-57
walk_01,walk_cross_link,RX02,40.696695,2035,-57
walk_01,walk_cross_link,RX02,40.716707,2036,-57
walk_01,walk_cross_link,RX02,40.73707,2037,-58
walk_01,walk_cross_link,RX02,40.75671,2038,-57
walk_01,walk_cross_link,RX02,40.776688,2039,-56
walk_01,walk_cross_link,RX02,40.796825,2040,-57
walk_01,walk_cross_link,RX02,40.819445,2041,-57
walk_01,walk_cross_link,RX02,40.837091,2042,-58
walk_01,walk_cross_link,RX02,40.858635,2043,-57
walk_01,walk_cross_link,RX02,40.8777,2044,-58
walk_01,walk_cross_link,RX02,40.902391,2045,-59
walk_01,walk_cross_link,RX02,40.919699,2046,-60
walk_01,walk_cross_link,RX02,40.936685,2047,-61
walk_01,walk_cross_link,RX02,40.958898,2048,-63
walk_01,walk_cross_link,RX02,40.976977,2049,-64
walk_01,walk_cross_link,RX02,40.996689,2050,-65
walk_01,walk_cross_link,RX02,41.01671,2051,-64
walk_01,walk_cross_link,RX02,41.036687,2052,-63
walk_01,walk_cross_link,RX02,41.056788,2053,-63
walk_01,walk_cross_link,RX02,41.076676,2054,-61
walk_01,walk_cross_link,RX02,41.097814,2055,-60
walk_01,walk_cross_link,RX02,41.116675,2056,-59
walk_01,walk_cross_link,RX02,41.13714,2057,-59
walk_01,walk_cross_link,RX02,41.158452,2058,-59
walk_01,walk_cross_link,RX02,41.177956,2059,-59
walk_01,walk_cross_link,RX02,41.19787,2060,-59
walk_01,walk_cross_link,RX02,41.216697,2061,-59
walk_01,walk_cross_link,RX02,41.238573,2062,-59
walk_01,walk_cross_link,RX02,41.256762,2063,-59
walk_01,walk_cross_link,RX02,41.276924,2064,-59
walk_01,walk_cross_link,RX02,41.316679,2066,-59
walk_01,walk_cross_link,RX02,41.339704,2067,-59
walk_01,walk_cross_link,RX02,41.358461,2068,-59
walk_01,walk_cross_link,RX02,41.376809,2069,-59
walk_01,walk_cross_link,RX02,41.396697,2070,-59
walk_01,walk_cross_link,RX02,41.416676,2071,-59
walk_01,walk_cross_link,RX02,41.43668,2072,-59
walk_01,walk_cross_link,RX02,41.456681,2073,-60
walk_01,walk_cross_link,RX02,41.477272,2074,-60
walk_01,walk_cross_link,RX02,41.496696,2075,-60
walk_01,walk_cross_link,RX02,41.516665,2076,-60
walk_01,walk_cross_link,RX02,41.536675,2077,-60
walk_01,walk_cross_link,RX02,41.560303,2078,-59
walk_01,walk_cross_link,RX02,41.616671,2081,-58
walk_01,walk_cross_link,RX02,41.638597,2082,-57
walk_01,walk_cross_link,RX02,41.656692,2083,-57
walk_01,walk_cross_link,RX02,41.678375,2084,-57
walk_01,walk_cross_link,RX02,41.696687,2085,-57
walk_01,walk_cross_link,RX02,41.716695,2086,-57
walk_01,walk_cross_link,RX02,41.73668,2087,-57
walk_01,walk_cross_link,RX02,41.758719,2088,-57
walk_01,walk_cross_link,RX02,41.778656,2089,-57
walk_01,walk_cross_link,RX02,41.796872,2090,-58
walk_01,walk_cross_link,RX02,41.819326,2091,-58
walk_01,walk_cross_link,RX02,41.83667,2092,-58
walk_01,walk_cross_link,RX02,41.857205,2093,-58
walk_01,walk_cross_link,RX02,41.881148,2094,-58
walk_01,walk_cross_link,RX02,41.896796,2095,-58
walk_01,walk_cross_link,RX02,41.918563,2096,-58
walk_01,walk_cross_link,RX02,41.937384,2097,-58
walk_01,walk_cross_link,RX02,41.95669,2098,-58
walk_01,walk_cross_link,RX02,41.97669,2099,-57
walk_01,walk_cross_link,RX02,41.997192,2100,-57
walk_01,walk_cross_link,RX02,42.016682,2101,-57
walk_01,walk_cross_link,RX02,42.036674,2102,-57
walk_01,walk_cross_link,RX02,42.057371,2103,-57
walk_01,walk_cross_link,RX02,42.076672,2104,-57
walk_01,walk_cross_link,RX02,42.101388,2105,-57
walk_01,walk_cross_link,RX02,42.117058,2106,-57
walk_01,walk_cross_link,RX02,42.136661,2107,-57
walk_01,walk_cross_link,RX02,42.156664,2108,-57
walk_01,walk_cross_link,RX02,42.178639,2109,-57
walk_01,walk_cross_link,RX02,42.198567,2110,-57
walk_01,walk_cross_link,RX02,42.218827,2111,-57
walk_01,walk_cross_link,RX02,42.237616,2112,-56
walk_01,walk_cross_link,RX02,42.25672,2113,-56
walk_01,walk_cross_link,RX02,42.277129,2114,-56
walk_01,walk_cross_link,RX02,42.296676,2115,-56
walk_01,walk_cross_link,RX02,42.32431,2116,-56
walk_01,walk_cross_link,RX02,42.336688,2117,-56
walk_01,walk_cross_link,RX02,42.356902,2118,-57
walk_01,walk_cross_link,RX02,42.37953,2119,-57
walk_01,walk_cross_link,RX02,42.398886,2120,-57
walk_01,walk_cross_link,RX02,42.41667,2121,-58
walk_01,walk_cross_link,RX02,42.436681,2122,-57
walk_01,walk_cross_link,RX02,42.456648,2123,-57
walk_01,walk_cross_link,RX02,42.476648,2124,-57
walk_01,walk_cross_link,RX02,42.497091,2125,-57
walk_01,walk_cross_link,RX02,42.516645,2126,-57
walk_01,walk_cross_link,RX02,42.53666,2127,-57
walk_01,walk_cross_link,RX02,42.556996,2128,-57
walk_01,walk_cross_link,RX02,42.577938,2129,-57
walk_01,walk_cross_link,RX02,42.597387,2130,-60
walk_01,walk_cross_link,RX02,42.618714,2131,-57
walk_01,walk_cross_link,RX02,42.639444,2132,-57
walk_01,walk_cross_link,RX02,42.658212,2133,-57
walk_01,walk_cross_link,RX02,42.680326,2134,-57
walk_01,walk_cross_link,RX02,42.701873,2135,-57
walk_01,walk_cross_link,RX02,42.718697,2136,-57
walk_01,walk_cross_link,RX02,42.736673,2137,-57
walk_01,walk_cross_link,RX02,42.756756,2138,-57
walk_01,walk_cross_link,RX02,42.776644,2139,-57
walk_01,walk_cross_link,RX02,42.796661,2140,-57
walk_01,walk_cross_link,RX02,42.816785,2141,-57
walk_01,walk_cross_link,RX02,42.836639,2142,-58
walk_01,walk_cross_link,RX02,42.858998,2143,-57
walk_01,walk_cross_link,RX02,42.878316,2144,-57
walk_01,walk_cross_link,RX02,42.89666,2145,-56
walk_01,walk_cross_link,RX02,42.918804,2146,-56
walk_01,walk_cross_link,RX02,42.938713,2147,-56
walk_01,walk_cross_link,RX02,42.956665,2148,-55
walk_01,walk_cross_link,RX02,42.976652,2149,-55
walk_01,walk_cross_link,RX02,42.99664,2150,-55
walk_01,walk_cross_link,RX02,43.016656,2151,-55
walk_01,walk_cross_link,RX02,43.056673,2153,-55
walk_01,walk_cross_link,RX02,43.078368,2154,-54
walk_01,walk_cross_link,RX02,43.101761,2155,-56
walk_01,walk_cross_link,RX02,43.117199,2156,-55
walk_01,walk_cross_link,RX02,43.1369,2157,-56
walk_01,walk_cross_link,RX02,43.156645,2158,-57
walk_01,walk_cross_link,RX02,43.179596,2159,-57
walk_01,walk_cross_link,RX02,43.218095,2161,-56
walk_01,walk_cross_link,RX02,43.236657,2162,-56
walk_01,walk_cross_link,RX02,43.256722,2163,-56
walk_01,walk_cross_link,RX02,43.276986,2164,-56
walk_01,walk_cross_link,RX02,43.296906,2165,-55
walk_01,walk_cross_link,RX02,43.31666,2166,-55
walk_01,walk_cross_link,RX02,43.341363,2167,-55
walk_01,walk_cross_link,RX02,43.356779,2168,-55
walk_01,walk_cross_link,RX02,43.379404,2169,-55
walk_01,walk_cross_link,RX02,43.418886,2171,-54
walk_01,walk_cross_link,RX02,43.439335,2172,-54
walk_01,walk_cross_link,RX02,43.456665,2173,-55
walk_01,walk_cross_link,RX02,43.476634,2174,-55
walk_01,walk_cross_link,RX02,43.499558,2175,-54
walk_01,walk_cross_link,RX02,43.51897,2176,-54
walk_01,walk_cross_link,RX02,43.536646,2177,-54
walk_01,walk_cross_link,RX02,43.55947,2178,-54
walk_01,walk_cross_link,RX02,43.576646,2179,-54
walk_01,walk_cross_link,RX02,43.596621,2180,-54
walk_01,walk_cross_link,RX02,43.623616,2181,-54
walk_01,walk_cross_link,RX02,43.638977,2182,-53
walk_01,walk_cross_link,RX02,43.657413,2183,-54
walk_01,walk_cross_link,RX02,43.678229,2184,-54
walk_01,walk_cross_link,RX02,43.697662,2185,-54
walk_01,walk_cross_link,RX02,43.717775,2186,-54
walk_01,walk_cross_link,RX02,43.738034,2187,-54
walk_01,walk_cross_link,RX02,43.756627,2188,-54
walk_01,walk_cross_link,RX02,43.776649,2189,-53
walk_01,walk_cross_link,RX02,43.79799,2190,-54
walk_01,walk_cross_link,RX02,43.818508,2191,-55
walk_01,walk_cross_link,RX02,43.840511,2192,-54
walk_01,walk_cross_link,RX02,43.8596,2193,-55
walk_01,walk_cross_link,RX02,43.876627,2194,-53
walk_01,walk_cross_link,RX02,43.898673,2195,-53
walk_01,walk_cross_link,RX02,43.919236,2196,-54
walk_01,walk_cross_link,RX02,43.93915,2197,-55
walk_01,walk_cross_link,RX02,43.961207,2198,-54
walk_01,walk_cross_link,RX02,43.976624,2199,-54
walk_01,walk_cross_link,RX02,43.996624,2200,-54
walk_01,walk_cross_link,RX02,44.017967,2201,-54
walk_01,walk_cross_link,RX02,44.037289,2202,-55
walk_01,walk_cross_link,RX02,44.059386,2203,-54
walk_01,walk_cross_link,RX02,44.07662,2204,-55
walk_01,walk_cross_link,RX02,44.096851,2205,-54
walk_01,walk_cross_link,RX02,44.120385,2206,-54
walk_01,walk_cross_link,RX02,44.139713,2207,-55
walk_01,walk_cross_link,RX02,44.158384,2208,-54
walk_01,walk_cross_link,RX02,44.176619,2209,-55
walk_01,walk_cross_link,RX02,44.196617,2210,-54
walk_01,walk_cross_link,RX02,44.216638,2211,-54
walk_01,walk_cross_link,RX02,44.242092,2212,-54
walk_01,walk_cross_link,RX02,44.257919,2213,-54
walk_01,walk_cross_link,RX02,44.277514,2214,-54
walk_01,walk_cross_link,RX02,44.296628,2215,-55
walk_01,walk_cross_link,RX02,44.318759,2216,-54
walk_01,walk_cross_link,RX02,44.3382,2217,-54
walk_01,walk_cross_link,RX02,44.356634,2218,-54
walk_01,walk_cross_link,RX02,44.378198,2219,-54
walk_01,walk_cross_link,RX02,44.399487,2220,-54
walk_01,walk_cross_link,RX02,44.417656,2221,-54
walk_01,walk_cross_link,RX02,44.436613,2222,-54
walk_01,walk_cross_link,RX02,44.456753,2223,-54
walk_01,walk_cross_link,RX02,44.479553,2224,-55
walk_01,walk_cross_link,RX02,44.498071,2225,-55
walk_01,walk_cross_link,RX02,44.516636,2226,-54
walk_01,walk_cross_link,RX02,44.536622,2227,-53
walk_01,walk_cross_link,RX02,44.557227,2228,-53
walk_01,walk_cross_link,RX02,44.577127,2229,-54
walk_01,walk_cross_link,RX02,44.596629,2230,-54
walk_01,walk_cross_link,RX02,44.616947,2231,-54
walk_01,walk_cross_link,RX02,44.636614,2232,-54
walk_01,walk_cross_link,RX02,44.660174,2233,-54
walk_01,walk_cross_link,RX02,44.679524,2234,-53
walk_01,walk_cross_link,RX02,44.696619,2235,-53
walk_01,walk_cross_link,RX02,44.717096,2236,-53
walk_01,walk_cross_link,RX02,44.736634,2237,-53
walk_01,walk_cross_link,RX02,44.75661,2238,-53
walk_01,walk_cross_link,RX02,44.781941,2239,-53
walk_01,walk_cross_link,RX02,44.796631,2240,-53
walk_01,walk_cross_link,RX02,44.816624,2241,-53
walk_01,walk_cross_link,RX02,44.837189,2242,-53
walk_01,walk_cross_link,RX02,44.856817,2243,-53
walk_01,walk_cross_link,RX02,44.876731,2244,-53
walk_01,walk_cross_link,RX02,44.89661,2245,-53
walk_01,walk_cross_link,RX02,44.91662,2246,-53
walk_01,walk_cross_link,RX02,44.939606,2247,-53
walk_01,walk_cross_link,RX02,44.95892,2248,-53
walk_01,walk_cross_link,RX02,44.976623,2249,-53
walk_01,walk_cross_link,RX02,44.998477,2250,-53
walk_01,walk_cross_link,RX02,45.017834,2251,-54
walk_01,walk_cross_link,RX02,45.037138,2252,-54
walk_01,walk_cross_link,RX02,45.057155,2253,-54
walk_01,walk_cross_link,RX02,45.0769,2254,-54
walk_01,walk_cross_link,RX02,45.101372,2255,-54
walk_01,walk_cross_link,RX02,45.117764,2256,-54
walk_01,walk_cross_link,RX02,45.137967,2257,-55
walk_01,walk_cross_link,RX02,45.157445,2258,-53
walk_01,walk_cross_link,RX02,45.176903,2259,-53
walk_01,walk_cross_link,RX02,45.196592,2260,-54
walk_01,walk_cross_link,RX02,45.218117,2261,-54
walk_01,walk_cross_link,RX02,45.240356,2262,-54
walk_01,walk_cross_link,RX02,45.26123,2263,-54
walk_01,walk_cross_link,RX02,45.276601,2264,-54
walk_01,walk_cross_link,RX02,45.296621,2265,-53
walk_01,walk_cross_link,RX02,45.318164,2266,-54
walk_01,walk_cross_link,RX02,45.338567,2267,-53
walk_01,walk_cross_link,RX02,45.358842,2268,-53
walk_01,walk_cross_link,RX02,45.377938,2269,-53
walk_01,walk_cross_link,RX02,45.396757,2270,-54
walk_01,walk_cross_link,RX02,45.416623,2271,-54
walk_01,walk_cross_link,RX02,45.436761,2272,-54
walk_01,walk_cross_link,RX02,45.456923,2273,-53
walk_01,walk_cross_link,RX02,45.480757,2274,-53
walk_01,walk_cross_link,RX02,45.497489,2275,-55
walk_01,walk_cross_link,RX02,45.516614,2276,-53
walk_01,walk_cross_link,RX02,45.539566,2277,-54
walk_01,walk_cross_link,RX02,45.558674,2278,-54
walk_01,walk_cross_link,RX02,45.57878,2279,-55
walk_01,walk_cross_link,RX02,45.596605,2280,-55
walk_01,walk_cross_link,RX02,45.616592,2281,-54
walk_01,walk_cross_link,RX02,45.637089,2282,-54
walk_01,walk_cross_link,RX02,45.658197,2283,-55
walk_01,walk_cross_link,RX02,45.679029,2284,-54
walk_01,walk_cross_link,RX02,45.698532,2285,-55
walk_01,walk_cross_link,RX02,45.717658,2286,-55
walk_01,walk_cross_link,RX02,45.736594,2287,-54
walk_01,walk_cross_link,RX02,45.75697,2288,-54
walk_01,walk_cross_link,RX02,45.781439,2289,-53
walk_01,walk_cross_link,RX02,45.796741,2290,-53
walk_01,walk_cross_link,RX02,45.816596,2291,-53
walk_01,walk_cross_link,RX02,45.838164,2292,-53
walk_01,walk_cross_link,RX02,45.859132,2293,-53
walk_01,walk_cross_link,RX02,45.876594,2294,-54
walk_01,walk_cross_link,RX02,45.898604,2295,-54
walk_01,walk_cross_link,RX02,45.916754,2296,-55
walk_01,walk_cross_link,RX02,45.936583,2297,-55
walk_01,walk_cross_link,RX02,45.959566,2298,-54
walk_01,walk_cross_link,RX02,45.977393,2299,-54
walk_01,walk_cross_link,RX02,46.01184,2300,-54
walk_01,walk_cross_link,RX02,46.016778,2301,-55
walk_01,walk_cross_link,RX02,46.036587,2302,-55
walk_01,walk_cross_link,RX02,46.061951,2303,-55
walk_01,walk_cross_link,RX02,46.085397,2304,-53
walk_01,walk_cross_link,RX02,46.096608,2305,-55
walk_01,walk_cross_link,RX02,46.119806,2306,-54
walk_01,walk_cross_link,RX02,46.137116,2307,-54
walk_01,walk_cross_link,RX02,46.156591,2308,-54
walk_01,walk_cross_link,RX02,46.183547,2309,-54
walk_01,walk_cross_link,RX02,46.196974,2310,-54
walk_01,walk_cross_link,RX02,46.218721,2311,-54
walk_01,walk_cross_link,RX02,46.238258,2312,-54
walk_01,walk_cross_link,RX02,46.256651,2313,-54
walk_01,walk_cross_link,RX02,46.277511,2314,-54
walk_01,walk_cross_link,RX02,46.298097,2315,-54
walk_01,walk_cross_link,RX02,46.318104,2316,-55
walk_01,walk_cross_link,RX02,46.336595,2317,-53
walk_01,walk_cross_link,RX02,46.356593,2318,-53
walk_01,walk_cross_link,RX02,46.377155,2319,-53
walk_01,walk_cross_link,RX02,46.397216,2320,-53
walk_01,walk_cross_link,RX02,46.436603,2322,-54
walk_01,walk_cross_link,RX02,46.458673,2323,-54
walk_01,walk_cross_link,RX02,46.478716,2324,-54
walk_01,walk_cross_link,RX02,46.513183,2325,-53
walk_01,walk_cross_link,RX02,46.522753,2326,-53
walk_01,walk_cross_link,RX02,46.537472,2327,-55
walk_01,walk_cross_link,RX02,46.559596,2328,-54
walk_01,walk_cross_link,RX02,46.609311,2330,-54
walk_01,walk_cross_link,RX02,46.617292,2331,-53
walk_01,walk_cross_link,RX02,46.636563,2332,-55
walk_01,walk_cross_link,RX02,46.660098,2333,-54
walk_01,walk_cross_link,RX02,46.682822,2334,-55
walk_01,walk_cross_link,RX02,46.701985,2335,-54
walk_01,walk_cross_link,RX02,46.717451,2336,-53
walk_01,walk_cross_link,RX02,46.736622,2337,-54
walk_01,walk_cross_link,RX02,46.772533,2338,-53
walk_01,walk_cross_link,RX02,46.778926,2339,-53
walk_01,walk_cross_link,RX02,46.802436,2340,-53
walk_01,walk_cross_link,RX02,46.818372,2341,-54
walk_01,walk_cross_link,RX02,46.838017,2342,-53
walk_01,walk_cross_link,RX02,46.856568,2343,-54
walk_01,walk_cross_link,RX02,46.885256,2344,-53
walk_01,walk_cross_link,RX02,46.900398,2345,-55
walk_01,walk_cross_link,RX02,46.922288,2346,-53
walk_01,walk_cross_link,RX02,46.936952,2347,-54
walk_01,walk_cross_link,RX02,46.957772,2348,-53
walk_01,walk_cross_link,RX02,46.977326,2349,-53
walk_01,walk_cross_link,RX02,47.003038,2350,-54
walk_01,walk_cross_link,RX02,47.016994,2351,-54
walk_01,walk_cross_link,RX02,47.040463,2352,-54
walk_01,walk_cross_link,RX02,47.057493,2353,-55
walk_01,walk_cross_link,RX02,47.097135,2355,-54
walk_01,walk_cross_link,RX02,47.117587,2356,-55
walk_01,walk_cross_link,RX02,47.14261,2357,-55
walk_01,walk_cross_link,RX02,47.156567,2358,-53
walk_01,walk_cross_link,RX02,47.176812,2359,-53
walk_01,walk_cross_link,RX02,47.198006,2360,-55
walk_01,walk_cross_link,RX02,47.219704,2361,-53
walk_01,walk_cross_link,RX02,47.246553,2362,-53
walk_01,walk_cross_link,RX02,47.256638,2363,-54
walk_01,walk_cross_link,RX02,47.27754,2364,-53
walk_01,walk_cross_link,RX02,47.301291,2365,-54
walk_01,walk_cross_link,RX02,47.318287,2366,-53
walk_01,walk_cross_link,RX02,47.35001,2367,-53
walk_01,walk_cross_link,RX02,47.358163,2368,-54
walk_01,walk_cross_link,RX02,47.377608,2369,-53
walk_01,walk_cross_link,RX02,47.405825,2370,-53
walk_01,walk_cross_link,RX02,47.417304,2371,-53
walk_01,walk_cross_link,RX02,47.438879,2372,-55
walk_01,walk_cross_link,RX02,47.456582,2373,-55
walk_01,walk_cross_link,RX02,47.478983,2374,-55
walk_01,walk_cross_link,RX02,47.497166,2375,-54
walk_01,walk_cross_link,RX02,47.526899,2376,-55
walk_01,walk_cross_link,RX02,47.541227,2377,-54
walk_01,walk_cross_link,RX02,47.558996,2378,-55
walk_01,walk_cross_link,RX02,47.578086,2379,-54
walk_01,walk_cross_link,RX02,47.596588,2380,-55
walk_01,walk_cross_link,RX02,47.62948,2381,-54
walk_01,walk_cross_link,RX02,47.63885,2382,-54
walk_01,walk_cross_link,RX02,47.668028,2383,-55
walk_01,walk_cross_link,RX02,47.676555,2384,-55
walk_01,walk_cross_link,RX02,47.698027,2385,-53
walk_01,walk_cross_link,RX02,47.72654,2386,-53
walk_01,walk_cross_link,RX02,47.744339,2387,-53
walk_01,walk_cross_link,RX02,47.758904,2388,-53
walk_01,walk_cross_link,RX02,47.776549,2389,-54
walk_01,walk_cross_link,RX02,47.796568,2390,-53
walk_01,walk_cross_link,RX02,47.83877,2392,-54
walk_01,walk_cross_link,RX02,47.863785,2393,-55
walk_01,walk_cross_link,RX02,47.878029,2394,-55
walk_01,walk_cross_link,RX02,47.898401,2395,-54
walk_01,walk_cross_link,RX02,47.916812,2396,-54
walk_01,walk_cross_link,RX02,47.942804,2397,-55
walk_01,walk_cross_link,RX02,47.956565,2398,-54
walk_01,walk_cross_link,RX02,47.994588,2399,-55
walk_01,walk_cross_link,RX02,47.999081,2400,-53
walk_01,walk_cross_link,RX02,48.016543,2401,-55
walk_01,walk_cross_link,RX02,48.038922,2402,-54
walk_01,walk_cross_link,RX02,48.058803,2403,-54
walk_01,walk_cross_link,RX02,48.076567,2404,-54
walk_01,walk_cross_link,RX02,48.096579,2405,-54
walk_01,walk_cross_link,RX02,48.116655,2406,-54
walk_01,walk_cross_link,RX02,48.141438,2407,-54
walk_01,walk_cross_link,RX02,48.156575,2408,-54
walk_01,walk_cross_link,RX02,48.176569,2409,-54
walk_01,walk_cross_link,RX02,48.198511,2410,-54
walk_01,walk_cross_link,RX02,48.218508,2411,-54
walk_01,walk_cross_link,RX02,48.236553,2412,-54
walk_01,walk_cross_link,RX02,48.263599,2413,-55
walk_01,walk_cross_link,RX02,48.276561,2414,-55
walk_01,walk_cross_link,RX02,48.298618,2415,-54
walk_01,walk_cross_link,RX02,48.318896,2416,-55
walk_01,walk_cross_link,RX02,48.338757,2417,-54
walk_01,walk_cross_link,RX02,48.364186,2418,-56
walk_01,walk_cross_link,RX02,48.38217,2419,-54
walk_01,walk_cross_link,RX02,48.397098,2420,-55
walk_01,walk_cross_link,RX02,48.417292,2421,-53
walk_01,walk_cross_link,RX02,48.44299,2422,-53
walk_01,walk_cross_link,RX02,48.457633,2423,-53
walk_01,walk_cross_link,RX02,48.476933,2424,-53
walk_01,walk_cross_link,RX02,48.509267,2425,-53
walk_01,walk_cross_link,RX02,48.536826,2427,-54
walk_01,walk_cross_link,RX02,48.575311,2428,-53
walk_01,walk_cross_link,RX02,48.57943,2429,-53
walk_01,walk_cross_link,RX02,48.599467,2430,-55
walk_01,walk_cross_link,RX02,48.619612,2431,-53
walk_01,walk_cross_link,RX02,48.63913,2432,-54
walk_01,walk_cross_link,RX02,48.658115,2433,-53
walk_01,walk_cross_link,RX02,48.676913,2434,-53
walk_01,walk_cross_link,RX02,48.701118,2435,-54
walk_01,walk_cross_link,RX02,48.722048,2436,-53
walk_01,walk_cross_link,RX02,48.736521,2437,-53
walk_01,walk_cross_link,RX02,48.756656,2438,-53
walk_01,walk_cross_link,RX02,48.776531,2439,-55
walk_01,walk_cross_link,RX02,48.796531,2440,-53
walk_01,walk_cross_link,RX02,48.821233,2441,-53
walk_01,walk_cross_link,RX02,48.837875,2442,-53
walk_01,walk_cross_link,RX02,48.858123,2443,-54
walk_01,walk_cross_link,RX02,48.877992,2444,-54
walk_01,walk_cross_link,RX02,48.896533,2445,-54
walk_01,walk_cross_link,RX02,48.916555,2446,-53
walk_01,walk_cross_link,RX02,48.938008,2447,-54
walk_01,walk_cross_link,RX02,48.974296,2448,-53
walk_01,walk_cross_link,RX02,48.984874,2449,-53
walk_01,walk_cross_link,RX02,48.996526,2450,-53
walk_01,walk_cross_link,RX02,49.016515,2451,-53
walk_01,walk_cross_link,RX02,49.036534,2452,-54
walk_01,walk_cross_link,RX02,49.058862,2453,-53
walk_01,walk_cross_link,RX02,49.083168,2454,-55
walk_01,walk_cross_link,RX02,49.09653,2455,-54
walk_01,walk_cross_link,RX02,49.131625,2456,-54
walk_01,walk_cross_link,RX02,49.13655,2457,-54
walk_01,walk_cross_link,RX02,49.157388,2458,-53
walk_01,walk_cross_link,RX02,49.181625,2459,-55
walk_01,walk_cross_link,RX02,49.201939,2460,-55
walk_01,walk_cross_link,RX02,49.228564,2461,-54
walk_01,walk_cross_link,RX02,49.24808,2462,-54
walk_01,walk_cross_link,RX02,49.261055,2463,-53
walk_01,walk_cross_link,RX02,49.290508,2464,-54
walk_01,walk_cross_link,RX02,49.302713,2465,-54
walk_01,walk_cross_link,RX02,49.336653,2467,-53
walk_01,walk_cross_link,RX02,49.358135,2468,-54
walk_01,walk_cross_link,RX02,49.381537,2469,-54
walk_01,walk_cross_link,RX02,49.396523,2470,-53
walk_01,walk_cross_link,RX02,49.417654,2471,-53
walk_01,walk_cross_link,RX02,49.438847,2472,-54
walk_01,walk_cross_link,RX02,49.458342,2473,-54
walk_01,walk_cross_link,RX02,49.477315,2474,-54
walk_01,walk_cross_link,RX02,49.496525,2475,-54
walk_01,walk_cross_link,RX02,49.516511,2476,-54
walk_01,walk_cross_link,RX02,49.541231,2477,-53
walk_01,walk_cross_link,RX02,49.556951,2478,-54
walk_01,walk_cross_link,RX02,49.596936,2480,-54
walk_01,walk_cross_link,RX02,49.617527,2481,-55
walk_01,walk_cross_link,RX02,49.63758,2482,-53
walk_01,walk_cross_link,RX02,49.656853,2483,-53
walk_01,walk_cross_link,RX02,49.677345,2484,-55
walk_01,walk_cross_link,RX02,49.697217,2485,-53
walk_01,walk_cross_link,RX02,49.71658,2486,-54
walk_01,walk_cross_link,RX02,49.737686,2487,-54
walk_01,walk_cross_link,RX02,49.756521,2488,-53
walk_01,walk_cross_link,RX02,49.779743,2489,-53
walk_01,walk_cross_link,RX02,49.799614,2490,-53
walk_01,walk_cross_link,RX02,49.816536,2491,-54
walk_01,walk_cross_link,RX02,49.836518,2492,-54
walk_01,walk_cross_link,RX02,49.856504,2493,-54
walk_01,walk_cross_link,RX02,49.876675,2494,-54
walk_01,walk_cross_link,RX02,49.896504,2495,-54
walk_01,walk_cross_link,RX02,49.916508,2496,-54
walk_01,walk_cross_link,RX02,49.938887,2497,-54
walk_01,walk_cross_link,RX02,49.957365,2498,-54
walk_01,walk_cross_link,RX02,49.976625,2499,-53
walk_02,walk_cross_link,RX01,10.005076,500,-49
walk_02,walk_cross_link,RX01,10.025063,501,-49
walk_02,walk_cross_link,RX01,10.047426,502,-49
walk_02,walk_cross_link,RX01,10.065181,503,-49
walk_02,walk_cross_link,RX01,10.08976,504,-50
walk_02,walk_cross_link,RX01,10.109225,505,-49
walk_02,walk_cross_link,RX01,10.125068,506,-49
walk_02,walk_cross_link,RX01,10.14983,507,-49
walk_02,walk_cross_link,RX01,10.171982,508,-49
walk_02,walk_cross_link,RX01,10.185204,509,-49
walk_02,walk_cross_link,RX01,10.208644,510,-49
walk_02,walk_cross_link,RX01,10.225073,511,-49
walk_02,walk_cross_link,RX01,10.267668,513,-49
walk_02,walk_cross_link,RX01,10.288925,514,-49
walk_02,walk_cross_link,RX01,10.305059,515,-49
walk_02,walk_cross_link,RX01,10.325066,516,-49
walk_02,walk_cross_link,RX01,10.345601,517,-49
walk_02,walk_cross_link,RX01,10.365053,518,-49
walk_02,walk_cross_link,RX01,10.385058,519,-49
walk_02,walk_cross_link,RX01,10.405129,520,-49
walk_02,walk_cross_link,RX01,10.425065,521,-49
walk_02,walk_cross_link,RX01,10.445028,522,-49
walk_02,walk_cross_link,RX01,10.465077,523,-49
walk_02,walk_cross_link,RX01,10.48503,524,-49
walk_02,walk_cross_link,RX01,10.508229,525,-49
walk_02,walk_cross_link,RX01,10.525057,526,-49
walk_02,walk_cross_link,RX01,10.547487,527,-49
walk_02,walk_cross_link,RX01,10.565055,528,-49
walk_02,walk_cross_link,RX01,10.585051,529,-49
walk_02,walk_cross_link,RX01,10.610643,530,-49
walk_02,walk_cross_link,RX01,10.625188,531,-49
walk_02,walk_cross_link,RX01,10.645155,532,-49
walk_02,walk_cross_link,RX01,10.665508,533,-49
walk_02,walk_cross_link,RX01,10.687328,534,-49
walk_02,walk_cross_link,RX01,10.705058,535,-49
walk_02,walk_cross_link,RX01,10.727148,536,-49
walk_02,walk_cross_link,RX01,10.745069,537,-50
walk_02,walk_cross_link,RX01,10.765019,538,-50
walk_02,walk_cross_link,RX01,10.786381,539,-49
walk_02,walk_cross_link,RX01,10.805043,540,-49
walk_02,walk_cross_link,RX01,10.828798,541,-49
walk_02,walk_cross_link,RX01,10.84615,542,-49
walk_02,walk_cross_link,RX01,10.865228,543,-50
walk_02,walk_cross_link,RX01,10.885075,544,-50
walk_02,walk_cross_link,RX01,10.90742,545,-49
walk_02,walk_cross_link,RX01,10.927121,546,-50
walk_02,walk_cross_link,RX01,10.945063,547,-49
walk_02,walk_cross_link,RX01,10.969017,548,-50
walk_02,walk_cross_link,RX01,10.985044,549,-50
walk_02,walk_cross_link,RX01,11.006074,550,-50
walk_02,walk_cross_link,RX01,11.025215,551,-50
walk_02,walk_cross_link,RX01,11.045015,552,-50
walk_02,walk_cross_link,RX01,11.065043,553,-50
walk_02,walk_cross_link,RX01,11.08504,554,-50
walk_02,walk_cross_link,RX01,11.106806,555,-50
walk_02,walk_cross_link,RX01,11.12501,556,-50
walk_02,walk_cross_link,RX01,11.145025,557,-50
walk_02,walk_cross_link,RX01,11.165523,558,-50
walk_02,walk_cross_link,RX01,11.185099,559,-50
walk_02,walk_cross_link,RX01,11.205035,560,-50
walk_02,walk_cross_link,RX01,11.225158,561,-50
walk_02,walk_cross_link,RX01,11.245009,562,-50
walk_02,walk_cross_link,RX01,11.269218,563,-50
walk_02,walk_cross_link,RX01,11.285025,564,-50
walk_02,walk_cross_link,RX01,11.307102,565,-50
walk_02,walk_cross_link,RX01,11.325897,566,-50
walk_02,walk_cross_link,RX01,11.34504,567,-50
walk_02,walk_cross_link,RX01,11.365133,568,-50
walk_02,walk_cross_link,RX01,11.386475,569,-50
walk_02,walk_cross_link,RX01,11.406373,570,-50
walk_02,walk_cross_link,RX01,11.42982,571,-50
walk_02,walk_cross_link,RX01,11.446628,572,-50
walk_02,walk_cross_link,RX01,11.465066,573,-50
walk_02,walk_cross_link,RX01,11.487162,574,-50
walk_02,walk_cross_link,RX01,11.506536,575,-49
walk_02,walk_cross_link,RX01,11.524999,576,-49
walk_02,walk_cross_link,RX01,11.545197,577,-49
walk_02,walk_cross_link,RX01,11.565022,578,-49
walk_02,walk_cross_link,RX01,11.585234,579,-50
walk_02,walk_cross_link,RX01,11.605585,580,-50
walk_02,walk_cross_link,RX01,11.627699,581,-50
walk_02,walk_cross_link,RX01,11.645024,582,-50
walk_02,walk_cross_link,RX01,11.665024,583,-50
walk_02,walk_cross_link,RX01,11.685836,584,-50
walk_02,walk_cross_link,RX01,11.711326,585,-50
walk_02,walk_cross_link,RX01,11.725006,586,-50
walk_02,walk_cross_link,RX01,11.745002,587,-50
walk_02,walk_cross_link,RX01,11.765009,588,-50
walk_02,walk_cross_link,RX01,11.788228,589,-50
walk_02,walk_cross_link,RX01,11.813734,590,-50
walk_02,walk_cross_link,RX01,11.825096,591,-50
walk_02,walk_cross_link,RX01,11.844998,592,-50
walk_02,walk_cross_link,RX01,11.865002,593,-50
walk_02,walk_cross_link,RX01,11.88498,594,-50
walk_02,walk_cross_link,RX01,11.905023,595,-50
walk_02,walk_cross_link,RX01,11.926025,596,-50
walk_02,walk_cross_link,RX01,11.947317,597,-50
walk_02,walk_cross_link,RX01,11.964996,598,-50
walk_02,walk_cross_link,RX01,11.986419,599,-50
walk_02,walk_cross_link,RX01,12.009647,600,-50
walk_02,walk_cross_link,RX01,12.025233,601,-50
walk_02,walk_cross_link,RX01,12.04501,602,-49
walk_02,walk_cross_link,RX01,12.065008,603,-50
walk_02,walk_cross_link,RX01,12.085354,604,-49
walk_02,walk_cross_link,RX01,12.105013,605,-49
walk_02,walk_cross_link,RX01,12.125011,606,-49
walk_02,walk_cross_link,RX01,12.146627,607,-50
walk_02,walk_cross_link,RX01,12.164991,608,-50
walk_02,walk_cross_link,RX01,12.18501,609,-50
walk_02,walk_cross_link,RX01,12.205167,610,-50
walk_02,walk_cross_link,RX01,12.225442,611,-50
walk_02,walk_cross_link,RX01,12.249023,612,-50
walk_02,walk_cross_link,RX01,12.265017,613,-50
walk_02,walk_cross_link,RX01,12.284986,614,-50
walk_02,walk_cross_link,RX01,12.305009,615,-50
walk_02,walk_cross_link,RX01,12.325725,616,-50
walk_02,walk_cross_link,RX01,12.345378,617,-50
walk_02,walk_cross_link,RX01,12.364971,618,-50
walk_02,walk_cross_link,RX01,12.386589,619,-50
walk_02,walk_cross_link,RX01,12.405346,620,-50
walk_02,walk_cross_link,RX01,12.428119,621,-50
walk_02,walk_cross_link,RX01,12.447717,622,-50
walk_02,walk_cross_link,RX01,12.465133,623,-50
walk_02,walk_cross_link,RX01,12.484975,624,-50
walk_02,walk_cross_link,RX01,12.50502,625,-50
walk_02,walk_cross_link,RX01,12.532628,626,-50
walk_02,walk_cross_link,RX01,12.545121,627,-50
walk_02,walk_cross_link,RX01,12.56498,628,-50
walk_02,walk_cross_link,RX01,12.586566,629,-50
walk_02,walk_cross_link,RX01,12.607433,630,-50
walk_02,walk_cross_link,RX01,12.624986,631,-50
walk_02,walk_cross_link,RX01,12.644971,632,-50
walk_02,walk_cross_link,RX01,12.665375,633,-49
walk_02,walk_cross_link,RX01,12.684986,634,-50
walk_02,walk_cross_link,RX01,12.707622,635,-50
walk_02,walk_cross_link,RX01,12.724975,636,-50
walk_02,walk_cross_link,RX01,12.745234,637,-50
walk_02,walk_cross_link,RX01,12.767084,638,-49
walk_02,walk_cross_link,RX01,12.784968,639,-49
walk_02,walk_cross_link,RX01,12.804971,640,-49
walk_02,walk_cross_link,RX01,12.829591,641,-50
walk_02,walk_cross_link,RX01,12.845401,642,-50
walk_02,walk_cross_link,RX01,12.864975,643,-50
walk_02,walk_cross_link,RX01,12.884964,644,-50
walk_02,walk_cross_link,RX01,12.905452,645,-50
walk_02,walk_cross_link,RX01,12.924982,646,-50
walk_02,walk_cross_link,RX01,12.944988,647,-50
walk_02,walk_cross_link,RX01,12.965827,648,-50
walk_02,walk_cross_link,RX01,12.984987,649,-50
walk_02,walk_cross_link,RX01,13.009406,650,-50
walk_02,walk_cross_link,RX01,13.024968,651,-50
walk_02,walk_cross_link,RX01,13.044955,652,-50
walk_02,walk_cross_link,RX01,13.068229,653,-50
walk_02,walk_cross_link,RX01,13.084953,654,-50
walk_02,walk_cross_link,RX01,13.109689,655,-50
walk_02,walk_cross_link,RX01,13.124971,656,-50
walk_02,walk_cross_link,RX01,13.14755,657,-50
walk_02,walk_cross_link,RX01,13.170653,658,-50
walk_02,walk_cross_link,RX01,13.184967,659,-50
walk_02,walk_cross_link,RX01,13.205791,660,-50
walk_02,walk_cross_link,RX01,13.227593,661,-50
walk_02,walk_cross_link,RX01,13.245642,662,-49
walk_02,walk_cross_link,RX01,13.26498,663,-50
walk_02,walk_cross_link,RX01,13.285841,664,-50
walk_02,walk_cross_link,RX01,13.304964,665,-50
walk_02,walk_cross_link,RX01,13.327085,666,-49
walk_02,walk_cross_link,RX01,13.344959,667,-49
walk_02,walk_cross_link,RX01,13.366951,668,-49
walk_02,walk_cross_link,RX01,13.386038,669,-49
walk_02,walk_cross_link,RX01,13.406143,670,-48
walk_02,walk_cross_link,RX01,13.425333,671,-49
walk_02,walk_cross_link,RX01,13.445202,672,-49
walk_02,walk_cross_link,RX01,13.466906,673,-50
walk_02,walk_cross_link,RX01,13.487557,674,-50
walk_02,walk_cross_link,RX01,13.504968,675,-50
walk_02,walk_cross_link,RX01,13.529021,676,-50
walk_02,walk_cross_link,RX01,13.547027,677,-50
walk_02,walk_cross_link,RX01,13.565334,678,-50
walk_02,walk_cross_link,RX01,13.587504,679,-50
walk_02,walk_cross_link,RX01,13.60494,680,-50
walk_02,walk_cross_link,RX01,13.624967,681,-50
walk_02,walk_cross_link,RX01,13.64513,682,-51
walk_02,walk_cross_link,RX01,13.666828,683,-51
walk_02,walk_cross_link,RX01,13.689821,684,-50
walk_02,walk_cross_link,RX01,13.705719,685,-50
walk_02,walk_cross_link,RX01,13.725944,686,-50
walk_02,walk_cross_link,RX01,13.747543,687,-50
walk_02,walk_cross_link,RX01,13.766081,688,-50
walk_02,walk_cross_link,RX01,13.784958,689,-49
walk_02,walk_cross_link,RX01,13.806522,690,-49
walk_02,walk_cross_link,RX01,13.82503,691,-49
walk_02,walk_cross_link,RX01,13.844935,692,-49
walk_02,walk_cross_link,RX01,13.865049,693,-49
walk_02,walk_cross_link,RX01,13.887438,694,-48
walk_02,walk_cross_link,RX01,13.907294,695,-49
walk_02,walk_cross_link,RX01,13.924945,696,-49
walk_02,walk_cross_link,RX01,13.944956,697,-49
walk_02,walk_cross_link,RX01,13.966757,698,-49
walk_02,walk_cross_link,RX01,13.989839,699,-50
walk_02,walk_cross_link,RX01,14.004964,700,-50
walk_02,walk_cross_link,RX01,14.025,701,-51
walk_02,walk_cross_link,RX01,14.045426,702,-51
walk_02,walk_cross_link,RX01,14.065349,703,-52
walk_02,walk_cross_link,RX01,14.092235,704,-53
walk_02,walk_cross_link,RX01,14.10496,705,-53
walk_02,walk_cross_link,RX01,14.124928,706,-53
walk_02,walk_cross_link,RX01,14.153962,707,-53
walk_02,walk_cross_link,RX01,14.168519,708,-53
walk_02,walk_cross_link,RX01,14.187527,709,-53
walk_02,walk_cross_link,RX01,14.22579,711,-53
walk_02,walk_cross_link,RX01,14.289637,714,-54
walk_02,walk_cross_link,RX01,14.327442,716,-54
walk_02,walk_cross_link,RX01,14.346838,717,-54
walk_02,walk_cross_link,RX01,14.36837,718,-54
walk_02,walk_cross_link,RX01,14.38802,719,-54
walk_02,walk_cross_link,RX01,14.416471,720,-54
walk_02,walk_cross_link,RX01,14.424948,721,-54
walk_02,walk_cross_link,RX01,14.444919,722,-54
walk_02,walk_cross_link,RX01,14.468905,723,-55
walk_02,walk_cross_link,RX01,14.486033,724,-53
walk_02,walk_cross_link,RX01,14.50504,725,-54
walk_02,walk_cross_link,RX01,14.524926,726,-56
walk_02,walk_cross_link,RX01,14.544934,727,-55
walk_02,walk_cross_link,RX01,14.604368,729,-55
walk_02,walk_cross_link,RX01,14.60542,730,-55
walk_02,walk_cross_link,RX01,14.629026,731,-55
walk_02,walk_cross_link,RX01,14.645117,732,-55
walk_02,walk_cross_link,RX01,14.669326,733,-54
walk_02,walk_cross_link,RX01,14.706642,735,-56
walk_02,walk_cross_link,RX01,14.747152,737,-55
walk_02,walk_cross_link,RX01,14.765212,738,-55
walk_02,walk_cross_link,RX01,14.812329,740,-54
walk_02,walk_cross_link,RX01,14.826038,741,-54
walk_02,walk_cross_link,RX01,14.847147,742,-54
walk_02,walk_cross_link,RX01,14.865077,743,-54
walk_02,walk_cross_link,RX01,14.891718,744,-54
walk_02,walk_cross_link,RX01,14.905596,745,-54
walk_02,walk_cross_link,RX01,14.926785,746,-55
walk_02,walk_cross_link,RX01,14.969849,748,-55
walk_02,walk_cross_link,RX01,14.990192,749,-53
walk_02,walk_cross_link,RX01,15.011365,750,-54
walk_02,walk_cross_link,RX01,15.026249,751,-54
walk_02,walk_cross_link,RX01,15.051523,752,-54
walk_02,walk_cross_link,RX01,15.067241,753,-53
walk_02,walk_cross_link,RX01,15.087621,754,-55
walk_02,walk_cross_link,RX01,15.108953,755,-53
walk_02,walk_cross_link,RX01,15.125299,756,-55
walk_02,walk_cross_link,RX01,15.168049,758,-54
walk_02,walk_cross_link,RX01,15.194005,759,-55
walk_02,walk_cross_link,RX01,15.207241,760,-55
walk_02,walk_cross_link,RX01,15.227499,761,-54
walk_02,walk_cross_link,RX01,15.270459,763,-54
walk_02,walk_cross_link,RX01,15.285199,764,-54
walk_02,walk_cross_link,RX01,15.307481,765,-54
walk_02,walk_cross_link,RX01,15.337264,766,-54
walk_02,walk_cross_link,RX01,15.360073,767,-53
walk_02,walk_cross_link,RX01,15.374082,768,-53
walk_02,walk_cross_link,RX01,15.387054,769,-53
walk_02,walk_cross_link,RX01,15.431405,771,-53
walk_02,walk_cross_link,RX01,15.445081,772,-53
walk_02,walk_cross_link,RX01,15.465317,773,-53
walk_02,walk_cross_link,RX01,15.487317,774,-53
walk_02,walk_cross_link,RX01,15.510897,775,-53
walk_02,walk_cross_link,RX01,15.527067,776,-53
walk_02,walk_cross_link,RX01,15.547342,777,-53
walk_02,walk_cross_link,RX01,15.565185,778,-53
walk_02,walk_cross_link,RX01,15.585078,779,-53
walk_02,walk_cross_link,RX01,15.606195,780,-53
walk_02,walk_cross_link,RX01,15.626473,781,-52
walk_02,walk_cross_link,RX01,15.646497,782,-52
walk_02,walk_cross_link,RX01,15.665048,783,-52
walk_02,walk_cross_link,RX01,15.685077,784,-52
walk_02,walk_cross_link,RX01,15.707032,785,-52
walk_02,walk_cross_link,RX01,15.730648,786,-51
walk_02,walk_cross_link,RX01,15.746912,787,-51
walk_02,walk_cross_link,RX01,15.770299,788,-51
walk_02,walk_cross_link,RX01,15.785363,789,-50
walk_02,walk_cross_link,RX01,15.810921,790,-50
walk_02,walk_cross_link,RX01,15.827406,791,-50
walk_02,walk_cross_link,RX01,15.845104,792,-49
walk_02,walk_cross_link,RX01,15.867964,793,-50
walk_02,walk_cross_link,RX01,15.887292,794,-50
walk_02,walk_cross_link,RX01,15.9512,797,-50
walk_02,walk_cross_link,RX01,15.97894,798,-50
walk_02,walk_cross_link,RX01,16.004181,799,-50
walk_02,walk_cross_link,RX01,16.023476,800,-50
walk_02,walk_cross_link,RX01,16.05509,802,-50
walk_02,walk_cross_link,RX01,16.06507,803,-49
walk_02,walk_cross_link,RX01,16.091157,804,-50
walk_02,walk_cross_link,RX01,16.107625,805,-50
walk_02,walk_cross_link,RX01,16.129894,806,-50
walk_02,walk_cross_link,RX01,16.158158,807,-49
walk_02,walk_cross_link,RX01,16.174252,808,-49
walk_02,walk_cross_link,RX01,16.186533,809,-49
walk_02,walk_cross_link,RX01,16.2051,810,-49
walk_02,walk_cross_link,RX01,16.226836,811,-49
walk_02,walk_cross_link,RX01,16.245046,812,-49
walk_02,walk_cross_link,RX01,16.265062,813,-50
walk_02,walk_cross_link,RX01,16.285043,814,-49
walk_02,walk_cross_link,RX01,16.306062,815,-49
walk_02,walk_cross_link,RX01,16.325294,816,-49
walk_02,walk_cross_link,RX01,16.347521,817,-49
walk_02,walk_cross_link,RX01,16.366525,818,-50
walk_02,walk_cross_link,RX01,16.385608,819,-48
walk_02,walk_cross_link,RX01,16.408985,820,-50
walk_02,walk_cross_link,RX01,16.450609,821,-50
walk_02,walk_cross_link,RX01,16.454502,822,-50
walk_02,walk_cross_link,RX01,16.47134,823,-50
walk_02,walk_cross_link,RX01,16.492601,824,-50
walk_02,walk_cross_link,RX01,16.511949,825,-50
walk_02,walk_cross_link,RX01,16.553364,827,-48
walk_02,walk_cross_link,RX01,16.573732,828,-50
walk_02,walk_cross_link,RX01,16.603572,829,-50
walk_02,walk_cross_link,RX01,16.613402,830,-50
walk_02,walk_cross_link,RX01,16.63135,831,-50
walk_02,walk_cross_link,RX01,16.662622,832,-50
walk_02,walk_cross_link,RX01,16.674539,833,-50
walk_02,walk_cross_link,RX01,16.69165,834,-50
walk_02,walk_cross_link,RX01,16.711325,835,-50
walk_02,walk_cross_link,RX01,16.780075,838,-49
walk_02,walk_cross_link,RX01,16.798275,839,-49
walk_02,walk_cross_link,RX01,16.814848,840,-50
walk_02,walk_cross_link,RX01,16.85136,842,-49
walk_02,walk_cross_link,RX01,16.875677,843,-49
walk_02,walk_cross_link,RX01,16.892246,844,-49
walk_02,walk_cross_link,RX01,16.911403,845,-49
walk_02,walk_cross_link,RX01,16.933715,846,-49
walk_02,walk_cross_link,RX01,16.951317,847,-49
walk_02,walk_cross_link,RX01,16.974941,848,-49
walk_02,walk_cross_link,RX01,16.991328,849,-50
walk_02,walk_cross_link,RX01,17.011334,850,-50
walk_02,walk_cross_link,RX01,17.038242,851,-50
walk_02,walk_cross_link,RX01,17.053625,852,-50
walk_02,walk_cross_link,RX01,17.072065,853,-50
walk_02,walk_cross_link,RX01,17.092562,854,-50
walk_02,walk_cross_link,RX01,17.113209,855,-50
walk_02,walk_cross_link,RX01,17.131327,856,-50
walk_02,walk_cross_link,RX01,17.151302,857,-50
walk_02,walk_cross_link,RX01,17.171313,858,-50
walk_02,walk_cross_link,RX01,17.191319,859,-50
walk_02,walk_cross_link,RX01,17.215447,860,-50
walk_02,walk_cross_link,RX01,17.231314,861,-50
walk_02,walk_cross_link,RX01,17.251311,862,-50
walk_02,walk_cross_link,RX01,17.271816,863,-50
walk_02,walk_cross_link,RX01,17.291319,864,-50
walk_02,walk_cross_link,RX01,17.311325,865,-50
walk_02,walk_cross_link,RX01,17.331371,866,-50
walk_02,walk_cross_link,RX01,17.353604,867,-50
walk_02,walk_cross_link,RX01,17.37302,868,-50
walk_02,walk_cross_link,RX01,17.391311,869,-50
walk_02,walk_cross_link,RX01,17.413171,870,-50
walk_02,walk_cross_link,RX01,17.431428,871,-49
walk_02,walk_cross_link,RX01,17.451321,872,-50
walk_02,walk_cross_link,RX01,17.471307,873,-50
walk_02,walk_cross_link,RX01,17.491307,874,-50
walk_02,walk_cross_link,RX01,17.511317,875,-50
walk_02,walk_cross_link,RX01,17.53133,876,-50
walk_02,walk_cross_link,RX01,17.553716,877,-50
walk_02,walk_cross_link,RX01,17.573842,878,-49
walk_02,walk_cross_link,RX01,17.591287,879,-49
walk_02,walk_cross_link,RX01,17.611301,880,-49
walk_02,walk_cross_link,RX01,17.634052,881,-49
walk_02,walk_cross_link,RX01,17.652616,882,-50
walk_02,walk_cross_link,RX01,17.676255,883,-49
walk_02,walk_cross_link,RX01,17.691317,884,-49
walk_02,walk_cross_link,RX01,17.711438,885,-49
walk_02,walk_cross_link,RX01,17.731548,886,-49
walk_02,walk_cross_link,RX01,17.755019,887,-49
walk_02,walk_cross_link,RX01,17.778637,888,-49
walk_02,walk_cross_link,RX01,17.793237,889,-49
walk_02,walk_cross_link,RX01,17.811297,890,-49
walk_02,walk_cross_link,RX01,17.832016,891,-49
walk_02,walk_cross_link,RX01,17.857428,892,-49
walk_02,walk_cross_link,RX01,17.8714,893,-50
walk_02,walk_cross_link,RX01,17.89131,894,-50
walk_02,walk_cross_link,RX01,17.911467,895,-50
walk_02,walk_cross_link,RX01,17.957726,897,-50
walk_02,walk_cross_link,RX01,17.971405,898,-50
walk_02,walk_cross_link,RX01,17.991304,899,-50
walk_02,walk_cross_link,RX01,18.011282,900,-50
walk_02,walk_cross_link,RX01,18.032284,901,-50
walk_02,walk_cross_link,RX01,18.051727,902,-50
walk_02,walk_cross_link,RX01,18.071303,903,-50
walk_02,walk_cross_link,RX01,18.092491,904,-50
walk_02,walk_cross_link,RX01,18.116578,905,-50
walk_02,walk_cross_link,RX01,18.134681,906,-50
walk_02,walk_cross_link,RX01,18.151294,907,-50
walk_02,walk_cross_link,RX01,18.172491,908,-50
walk_02,walk_cross_link,RX01,18.191298,909,-50
walk_02,walk_cross_link,RX01,18.21128,910,-50
walk_02,walk_cross_link,RX01,18.231267,911,-50
walk_02,walk_cross_link,RX01,18.252544,912,-50
walk_02,walk_cross_link,RX01,18.275291,913,-50
walk_02,walk_cross_link,RX01,18.291284,914,-50
walk_02,walk_cross_link,RX01,18.311274,915,-49
walk_02,walk_cross_link,RX01,18.331613,916,-49
walk_02,walk_cross_link,RX01,18.352553,917,-50
walk_02,walk_cross_link,RX01,18.371604,918,-50
walk_02,walk_cross_link,RX01,18.393038,919,-50
walk_02,walk_cross_link,RX01,18.411277,920,-49
walk_02,walk_cross_link,RX01,18.431913,921,-49
walk_02,walk_cross_link,RX01,18.451286,922,-50
walk_02,walk_cross_link,RX01,18.472632,923,-49
walk_02,walk_cross_link,RX01,18.495425,924,-49
walk_02,walk_cross_link,RX01,18.511285,925,-49
walk_02,walk_cross_link,RX01,18.536216,926,-50
walk_02,walk_cross_link,RX01,18.55128,927,-50
walk_02,walk_cross_link,RX01,18.57194,928,-50
walk_02,walk_cross_link,RX01,18.612581,930,-50
walk_02,walk_cross_link,RX01,18.633035,931,-50
walk_02,walk_cross_link,RX01,18.656047,932,-50
walk_02,walk_cross_link,RX01,18.671834,933,-50
walk_02,walk_cross_link,RX01,18.691296,934,-50
walk_02,walk_cross_link,RX01,18.713736,935,-49
walk_02,walk_cross_link,RX01,18.731288,936,-49
walk_02,walk_cross_link,RX01,18.751431,937,-49
walk_02,walk_cross_link,RX01,18.773577,938,-50
walk_02,walk_cross_link,RX01,18.79431,939,-50
walk_02,walk_cross_link,RX01,18.811264,940,-50
walk_02,walk_cross_link,RX01,18.833662,941,-50
walk_02,walk_cross_link,RX01,18.852682,942,-49
walk_02,walk_cross_link,RX01,18.871266,943,-50
walk_02,walk_cross_link,RX01,18.891254,944,-50
walk_02,walk_cross_link,RX01,18.911271,945,-50
walk_02,walk_cross_link,RX01,18.931281,946,-50
walk_02,walk_cross_link,RX01,18.956253,947,-50
walk_02,walk_cross_link,RX01,18.972634,948,-50
walk_02,walk_cross_link,RX01,18.991672,949,-50
walk_02,walk_cross_link,RX01,19.018026,950,-50
walk_02,walk_cross_link,RX01,19.031234,951,-50
walk_02,walk_cross_link,RX01,19.051264,952,-49
walk_02,walk_cross_link,RX01,19.075401,953,-49
walk_02,walk_cross_link,RX01,19.093928,954,-49
walk_02,walk_cross_link,RX01,19.113695,955,-49
walk_02,walk_cross_link,RX01,19.131313,956,-50
walk_02,walk_cross_link,RX01,19.15253,957,-50
walk_02,walk_cross_link,RX01,19.172535,958,-50
walk_02,walk_cross_link,RX01,19.191372,959,-50
walk_02,walk_cross_link,RX01,19.211257,960,-49
walk_02,walk_cross_link,RX01,19.231257,961,-49
walk_02,walk_cross_link,RX01,19.25558,962,-50
walk_02,walk_cross_link,RX01,19.271228,963,-50
walk_02,walk_cross_link,RX01,19.294054,964,-50
walk_02,walk_cross_link,RX01,19.314688,965,-50
walk_02,walk_cross_link,RX01,19.333586,966,-50
walk_02,walk_cross_link,RX01,19.351254,967,-50
walk_02,walk_cross_link,RX01,19.371259,968,-50
walk_02,walk_cross_link,RX01,19.396668,969,-50
walk_02,walk_cross_link,RX01,19.41157,970,-50
walk_02,walk_cross_link,RX01,19.434172,971,-50
walk_02,walk_cross_link,RX01,19.452236,972,-50
walk_02,walk_cross_link,RX01,19.473481,973,-50
walk_02,walk_cross_link,RX01,19.493234,974,-50
walk_02,walk_cross_link,RX01,19.513023,975,-50
walk_02,walk_cross_link,RX01,19.531232,976,-50
walk_02,walk_cross_link,RX01,19.551223,977,-50
walk_02,walk_cross_link,RX01,19.573015,978,-50
walk_02,walk_cross_link,RX01,19.592773,979,-50
walk_02,walk_cross_link,RX01,19.611236,980,-50
walk_02,walk_cross_link,RX01,19.63244,981,-50
walk_02,walk_cross_link,RX01,19.651251,982,-50
walk_02,walk_cross_link,RX01,19.67301,983,-50
walk_02,walk_cross_link,RX01,19.699346,984,-49
walk_02,walk_cross_link,RX01,19.711499,985,-49
walk_02,walk_cross_link,RX01,19.732727,986,-49
walk_02,walk_cross_link,RX01,19.756283,987,-50
walk_02,walk_cross_link,RX01,19.771385,988,-50
walk_02,walk_cross_link,RX01,19.791229,989,-50
walk_02,walk_cross_link,RX01,19.811241,990,-49
walk_02,walk_cross_link,RX01,19.832375,991,-50
walk_02,walk_cross_link,RX01,19.851237,992,-50
walk_02,walk_cross_link,RX01,19.877397,993,-50
walk_02,walk_cross_link,RX01,19.891983,994,-50
walk_02,walk_cross_link,RX01,19.913278,995,-50
walk_02,walk_cross_link,RX01,19.935852,996,-50
walk_02,walk_cross_link,RX01,19.951223,997,-50
walk_02,walk_cross_link,RX01,19.971246,998,-50
walk_02,walk_cross_link,RX01,19.99121,999,-50
walk_02,walk_cross_link,RX01,20.012782,1000,-50
walk_02,walk_cross_link,RX01,20.031442,1001,-49
walk_02,walk_cross_link,RX01,20.051215,1002,-49
walk_02,walk_cross_link,RX01,20.071217,1003,-49
walk_02,walk_cross_link,RX01,20.09136,1004,-49
walk_02,walk_cross_link,RX01,20.113698,1005,-49
walk_02,walk_cross_link,RX01,20.133832,1006,-49
walk_02,walk_cross_link,RX01,20.151351,1007,-49
walk_02,walk_cross_link,RX01,20.175951,1008,-49
walk_02,walk_cross_link,RX01,20.19239,1009,-49
walk_02,walk_cross_link,RX01,20.21124,1010,-49
walk_02,walk_cross_link,RX01,20.236243,1011,-50
walk_02,walk_cross_link,RX01,20.253021,1012,-50
walk_02,walk_cross_link,RX01,20.27145,1013,-50
walk_02,walk_cross_link,RX01,20.291226,1014,-50
walk_02,walk_cross_link,RX01,20.312941,1015,-49
walk_02,walk_cross_link,RX01,20.338632,1016,-50
walk_02,walk_cross_link,RX01,20.352364,1017,-49
walk_02,walk_cross_link,RX01,20.371203,1018,-49
walk_02,walk_cross_link,RX01,20.394185,1019,-49
walk_02,walk_cross_link,RX01,20.415294,1020,-50
walk_02,walk_cross_link,RX01,20.431195,1021,-50
walk_02,walk_cross_link,RX01,20.451216,1022,-49
walk_02,walk_cross_link,RX01,20.471193,1023,-50
walk_02,walk_cross_link,RX01,20.49225,1024,-50
walk_02,walk_cross_link,RX01,20.511218,1025,-49
walk_02,walk_cross_link,RX01,20.531318,1026,-49
walk_02,walk_cross_link,RX01,20.571211,1028,-50
walk_02,walk_cross_link,RX01,20.59465,1029,-50
walk_02,walk_cross_link,RX01,20.611676,1030,-49
walk_02,walk_cross_link,RX01,20.631183,1031,-50
walk_02,walk_cross_link,RX01,20.651206,1032,-49
walk_02,walk_cross_link,RX01,20.671236,1033,-50
walk_02,walk_cross_link,RX01,20.697037,1034,-50
walk_02,walk_cross_link,RX01,20.711205,1035,-49
walk_02,walk_cross_link,RX01,20.731207,1036,-49
walk_02,walk_cross_link,RX01,20.754199,1037,-49
walk_02,walk_cross_link,RX01,20.77136,1038,-49
walk_02,walk_cross_link,RX01,20.791206,1039,-50
walk_02,walk_cross_link,RX01,20.813592,1040,-49
walk_02,walk_cross_link,RX01,20.832427,1041,-50
walk_02,walk_cross_link,RX01,20.853017,1042,-50
walk_02,walk_cross_link,RX01,20.872121,1043,-50
walk_02,walk_cross_link,RX01,20.895932,1044,-50
walk_02,walk_cross_link,RX01,20.911195,1045,-50
walk_02,walk_cross_link,RX01,20.933172,1046,-50
walk_02,walk_cross_link,RX01,20.953662,1047,-50
walk_02,walk_cross_link,RX01,20.971176,1048,-50
walk_02,walk_cross_link,RX01,20.991371,1049,-50
walk_02,walk_cross_link,RX01,21.01217,1050,-50
walk_02,walk_cross_link,RX01,21.034565,1051,-50
walk_02,walk_cross_link,RX01,21.053689,1052,-49
walk_02,walk_cross_link,RX01,21.072755,1053,-49
walk_02,walk_cross_link,RX01,21.091191,1054,-50
walk_02,walk_cross_link,RX01,21.111175,1055,-49
walk_02,walk_cross_link,RX01,21.132112,1056,-50
walk_02,walk_cross_link,RX01,21.157842,1057,-50
walk_02,walk_cross_link,RX01,21.171578,1058,-49
walk_02,walk_cross_link,RX01,21.193057,1059,-50
walk_02,walk_cross_link,RX01,21.217518,1060,-50
walk_02,walk_cross_link,RX01,21.231666,1061,-50
walk_02,walk_cross_link,RX01,21.260256,1062,-50
walk_02,walk_cross_link,RX01,21.271178,1063,-50
walk_02,walk_cross_link,RX01,21.293792,1064,-50
walk_02,walk_cross_link,RX01,21.311432,1065,-50
walk_02,walk_cross_link,RX01,21.35118,1067,-50
walk_02,walk_cross_link,RX01,21.371171,1068,-50
walk_02,walk_cross_link,RX01,21.391171,1069,-49
walk_02,walk_cross_link,RX01,21.413011,1070,-49
walk_02,walk_cross_link,RX01,21.451555,1072,-49
walk_02,walk_cross_link,RX01,21.472824,1073,-50
walk_02,walk_cross_link,RX01,21.493175,1074,-49
walk_02,walk_cross_link,RX01,21.516248,1075,-49
walk_02,walk_cross_link,RX01,21.531161,1076,-49
walk_02,walk_cross_link,RX01,21.551666,1077,-49
walk_02,walk_cross_link,RX01,21.571286,1078,-49
walk_02,walk_cross_link,RX01,21.591148,1079,-49
walk_02,walk_cross_link,RX01,21.611157,1080,-50
walk_02,walk_cross_link,RX01,21.6328,1081,-49
walk_02,walk_cross_link,RX01,21.656538,1082,-48
walk_02,walk_cross_link,RX01,21.671171,1083,-49
walk_02,walk_cross_link,RX01,21.691152,1084,-49
walk_02,walk_cross_link,RX01,21.711776,1085,-49
walk_02,walk_cross_link,RX01,21.731182,1086,-49
walk_02,walk_cross_link,RX01,21.751295,1087,-49
walk_02,walk_cross_link,RX01,21.772298,1088,-50
walk_02,walk_cross_link,RX01,21.791158,1089,-50
walk_02,walk_cross_link,RX01,21.811179,1090,-50
walk_02,walk_cross_link,RX01,21.831228,1091,-49
walk_02,walk_cross_link,RX01,21.851148,1092,-50
walk_02,walk_cross_link,RX01,21.873178,1093,-50
walk_02,walk_cross_link,RX01,21.891387,1094,-50
walk_02,walk_cross_link,RX01,21.911144,1095,-50
walk_02,walk_cross_link,RX01,21.931418,1096,-50
walk_02,walk_cross_link,RX01,21.977039,1098,-50
walk_02,walk_cross_link,RX01,21.991142,1099,-49
walk_02,walk_cross_link,RX01,22.011164,1100,-49
walk_02,walk_cross_link,RX01,22.031129,1101,-49
walk_02,walk_cross_link,RX01,22.055833,1102,-49
walk_02,walk_cross_link,RX01,22.071162,1103,-49
walk_02,walk_cross_link,RX01,22.093195,1104,-49
walk_02,walk_cross_link,RX01,22.115722,1105,-49
walk_02,walk_cross_link,RX01,22.134153,1106,-49
walk_02,walk_cross_link,RX01,22.156118,1107,-49
walk_02,walk_cross_link,RX01,22.171162,1108,-49
walk_02,walk_cross_link,RX01,22.195593,1109,-49
walk_02,walk_cross_link,RX01,22.211157,1110,-49
walk_02,walk_cross_link,RX01,22.233052,1111,-49
walk_02,walk_cross_link,RX01,22.251136,1112,-49
walk_02,walk_cross_link,RX01,22.271136,1113,-49
walk_02,walk_cross_link,RX01,22.297997,1114,-50
walk_02,walk_cross_link,RX01,22.311148,1115,-49
walk_02,walk_cross_link,RX01,22.335464,1116,-50
walk_02,walk_cross_link,RX01,22.351148,1117,-49
walk_02,walk_cross_link,RX01,22.371146,1118,-50
walk_02,walk_cross_link,RX01,22.393176,1119,-50
walk_02,walk_cross_link,RX01,22.411159,1120,-50
walk_02,walk_cross_link,RX01,22.431141,1121,-50
walk_02,walk_cross_link,RX01,22.451987,1122,-49
walk_02,walk_cross_link,RX01,22.471121,1123,-49
walk_02,walk_cross_link,RX01,22.491141,1124,-49
walk_02,walk_cross_link,RX01,22.51112,1125,-49
walk_02,walk_cross_link,RX01,22.53115,1126,-49
walk_02,walk_cross_link,RX01,22.554392,1127,-49
walk_02,walk_cross_link,RX01,22.571154,1128,-49
walk_02,walk_cross_link,RX01,22.591455,1129,-49
walk_02,walk_cross_link,RX01,22.611146,1130,-49
walk_02,walk_cross_link,RX01,22.631124,1131,-50
walk_02,walk_cross_link,RX01,22.656796,1132,-49
walk_02,walk_cross_link,RX01,22.674893,1133,-49
walk_02,walk_cross_link,RX01,22.693862,1134,-50
walk_02,walk_cross_link,RX01,22.711136,1135,-50
walk_02,walk_cross_link,RX01,22.731137,1136,-50
walk_02,walk_cross_link,RX01,22.751112,1137,-50
walk_02,walk_cross_link,RX01,22.771503,1138,-50
walk_02,walk_cross_link,RX01,22.791126,1139,-50
walk_02,walk_cross_link,RX01,22.811404,1140,-50
walk_02,walk_cross_link,RX01,22.831169,1141,-49
walk_02,walk_cross_link,RX01,22.851118,1142,-49
walk_02,walk_cross_link,RX01,22.875029,1143,-49
walk_02,walk_cross_link,RX01,22.891616,1144,-49
walk_02,walk_cross_link,RX01,22.912369,1145,-50
walk_02,walk_cross_link,RX01,22.931114,1146,-49
walk_02,walk_cross_link,RX01,22.951721,1147,-50
walk_02,walk_cross_link,RX01,22.975332,1148,-50
walk_02,walk_cross_link,RX01,22.995222,1149,-50
walk_02,walk_cross_link,RX01,23.011108,1150,-50
walk_02,walk_cross_link,RX01,23.031803,1151,-50
walk_02,walk_cross_link,RX01,23.05224,1152,-50
walk_02,walk_cross_link,RX01,23.074372,1153,-49
walk_02,walk_cross_link,RX01,23.092691,1154,-49
walk_02,walk_cross_link,RX01,23.111115,1155,-49
walk_02,walk_cross_link,RX01,23.131121,1156,-49
walk_02,walk_cross_link,RX01,23.152286,1157,-49
walk_02,walk_cross_link,RX01,23.171117,1158,-49
walk_02,walk_cross_link,RX01,23.191123,1159,-49
walk_02,walk_cross_link,RX01,23.212062,1160,-49
walk_02,walk_cross_link,RX01,23.231092,1161,-49
walk_02,walk_cross_link,RX01,23.251104,1162,-49
walk_02,walk_cross_link,RX01,23.292481,1164,-49
walk_02,walk_cross_link,RX01,23.314071,1165,-49
walk_02,walk_cross_link,RX01,23.331128,1166,-49
walk_02,walk_cross_link,RX01,23.351472,1167,-49
walk_02,walk_cross_link,RX01,23.373614,1168,-49
walk_02,walk_cross_link,RX01,23.391296,1169,-49
walk_02,walk_cross_link,RX01,23.412489,1170,-49
walk_02,walk_cross_link,RX01,23.431097,1171,-49
walk_02,walk_cross_link,RX01,23.452547,1172,-49
walk_02,walk_cross_link,RX01,23.471113,1173,-50
walk_02,walk_cross_link,RX01,23.492618,1174,-50
walk_02,walk_cross_link,RX01,23.512236,1175,-49
walk_02,walk_cross_link,RX01,23.53112,1176,-49
walk_02,walk_cross_link,RX01,23.551083,1177,-49
walk_02,walk_cross_link,RX01,23.572875,1178,-49
walk_02,walk_cross_link,RX01,23.591981,1179,-49
walk_02,walk_cross_link,RX01,23.615432,1180,-50
walk_02,walk_cross_link,RX01,23.631101,1181,-50
walk_02,walk_cross_link,RX01,23.653194,1182,-49
walk_02,walk_cross_link,RX01,23.673287,1183,-49
walk_02,walk_cross_link,RX01,23.695617,1184,-50
walk_02,walk_cross_link,RX01,23.717841,1185,-49
walk_02,walk_cross_link,RX01,23.7316,1186,-49
walk_02,walk_cross_link,RX01,23.753074,1187,-49
walk_02,walk_cross_link,RX01,23.771108,1188,-49
walk_02,walk_cross_link,RX01,23.794342,1189,-49
walk_02,walk_cross_link,RX01,23.811234,1190,-49
walk_02,walk_cross_link,RX01,23.831162,1191,-50
walk_02,walk_cross_link,RX01,23.855491,1192,-50
walk_02,walk_cross_link,RX01,23.871477,1193,-50
walk_02,walk_cross_link,RX01,23.902143,1194,-50
walk_02,walk_cross_link,RX01,23.911227,1195,-50
walk_02,walk_cross_link,RX01,23.931104,1196,-50
walk_02,walk_cross_link,RX01,23.953335,1197,-50
walk_02,walk_cross_link,RX01,23.997192,1199,-50
walk_02,walk_cross_link,RX01,24.011074,1200,-50
walk_02,walk_cross_link,RX01,24.032696,1201,-49
walk_02,walk_cross_link,RX01,24.051091,1202,-49
walk_02,walk_cross_link,RX01,24.076258,1203,-50
walk_02,walk_cross_link,RX01,24.091079,1204,-49
walk_02,walk_cross_link,RX01,24.111808,1205,-50
walk_02,walk_cross_link,RX01,24.133322,1206,-50
walk_02,walk_cross_link,RX01,24.151081,1207,-50
walk_02,walk_cross_link,RX01,24.17137,1208,-49
walk_02,walk_cross_link,RX01,24.192809,1209,-49
walk_02,walk_cross_link,RX01,24.211619,1210,-49
walk_02,walk_cross_link,RX01,24.231078,1211,-49
walk_02,walk_cross_link,RX01,24.251085,1212,-49
walk_02,walk_cross_link,RX01,24.271095,1213,-49
walk_02,walk_cross_link,RX01,24.291913,1214,-48
walk_02,walk_cross_link,RX01,24.311676,1215,-48
walk_02,walk_cross_link,RX01,24.332243,1216,-48
walk_02,walk_cross_link,RX01,24.351054,1217,-48
walk_02,walk_cross_link,RX01,24.375138,1218,-49
walk_02,walk_cross_link,RX01,24.393109,1219,-49
walk_02,walk_cross_link,RX01,24.414079,1220,-48
walk_02,walk_cross_link,RX01,24.434855,1221,-49
walk_02,walk_cross_link,RX01,24.451365,1222,-49
walk_02,walk_cross_link,RX01,24.471518,1223,-49
walk_02,walk_cross_link,RX01,24.493302,1224,-49
walk_02,walk_cross_link,RX01,24.513075,1225,-49
walk_02,walk_cross_link,RX01,24.531074,1226,-48
walk_02,walk_cross_link,RX01,24.551063,1227,-49
walk_02,walk_cross_link,RX01,24.571084,1228,-49
walk_02,walk_cross_link,RX01,24.592374,1229,-48
walk_02,walk_cross_link,RX01,24.612491,1230,-48
walk_02,walk_cross_link,RX01,24.631037,1231,-48
walk_02,walk_cross_link,RX01,24.6532,1232,-48
walk_02,walk_cross_link,RX01,24.671041,1233,-48
walk_02,walk_cross_link,RX01,24.691074,1234,-47
walk_02,walk_cross_link,RX01,24.714893,1235,-49
walk_02,walk_cross_link,RX01,24.73119,1236,-48
walk_02,walk_cross_link,RX01,24.751059,1237,-49
walk_02,walk_cross_link,RX01,24.772386,1238,-50
walk_02,walk_cross_link,RX01,24.793056,1239,-51
walk_02,walk_cross_link,RX01,24.811333,1240,-51
walk_02,walk_cross_link,RX01,24.832653,1241,-51
walk_02,walk_cross_link,RX01,24.851072,1242,-51
walk_02,walk_cross_link,RX01,24.871026,1243,-51
walk_02,walk_cross_link,RX01,24.895443,1244,-51
walk_02,walk_cross_link,RX01,24.911451,1245,-51
walk_02,walk_cross_link,RX01,24.934663,1246,-51
walk_02,walk_cross_link,RX01,24.953575,1247,-51
walk_02,walk_cross_link,RX01,24.971039,1248,-50
walk_02,walk_cross_link,RX01,24.991042,1249,-51
walk_02,walk_cross_link,RX01,25.011999,1250,-51
walk_02,walk_cross_link,RX01,25.033286,1251,-51
walk_02,walk_cross_link,RX01,25.052186,1252,-51
walk_02,walk_cross_link,RX01,25.071046,1253,-51
walk_02,walk_cross_link,RX01,25.091059,1254,-51
walk_02,walk_cross_link,RX01,25.114414,1255,-51
walk_02,walk_cross_link,RX01,25.131987,1256,-51
walk_02,walk_cross_link,RX01,25.171061,1258,-52
walk_02,walk_cross_link,RX01,25.193415,1259,-52
walk_02,walk_cross_link,RX01,25.211476,1260,-53
walk_02,walk_cross_link,RX01,25.231706,1261,-54
walk_02,walk_cross_link,RX01,25.253859,1262,-54
walk_02,walk_cross_link,RX01,25.271169,1263,-55
walk_02,walk_cross_link,RX01,25.291044,1264,-55
walk_02,walk_cross_link,RX01,25.311046,1265,-54
walk_02,walk_cross_link,RX01,25.333057,1266,-54
walk_02,walk_cross_link,RX01,25.356255,1267,-54
walk_02,walk_cross_link,RX01,25.373577,1268,-54
walk_02,walk_cross_link,RX01,25.391494,1269,-55
walk_02,walk_cross_link,RX01,25.415779,1270,-54
walk_02,walk_cross_link,RX01,25.433718,1271,-56
walk_02,walk_cross_link,RX01,25.45139,1272,-54
walk_02,walk_cross_link,RX01,25.472386,1273,-54
walk_02,walk_cross_link,RX01,25.493891,1274,-54
walk_02,walk_cross_link,RX01,25.51115,1275,-54
walk_02,walk_cross_link,RX01,25.535383,1276,-54
walk_02,walk_cross_link,RX01,25.553543,1277,-53
walk_02,walk_cross_link,RX01,25.571046,1278,-55
walk_02,walk_cross_link,RX01,25.591792,1279,-53
walk_02,walk_cross_link,RX01,25.611045,1280,-55
walk_02,walk_cross_link,RX01,25.639524,1281,-54
walk_02,walk_cross_link,RX01,25.653248,1282,-54
walk_02,walk_cross_link,RX01,25.677205,1283,-54
walk_02,walk_cross_link,RX01,25.691015,1284,-54
walk_02,walk_cross_link,RX01,25.73126,1286,-55
walk_02,walk_cross_link,RX01,25.751008,1287,-55
walk_02,walk_cross_link,RX01,25.773067,1288,-55
walk_02,walk_cross_link,RX01,25.79102,1289,-54
walk_02,walk_cross_link,RX01,25.816876,1290,-55
walk_02,walk_cross_link,RX01,25.831365,1291,-54
walk_02,walk_cross_link,RX01,25.852523,1292,-54
walk_02,walk_cross_link,RX01,25.872161,1293,-54
walk_02,walk_cross_link,RX01,25.893981,1294,-54
walk_02,walk_cross_link,RX01,25.910998,1295,-54
walk_02,walk_cross_link,RX01,25.933605,1296,-54
walk_02,walk_cross_link,RX01,25.95134,1297,-54
walk_02,walk_cross_link,RX01,25.972983,1298,-54
walk_02,walk_cross_link,RX01,25.990991,1299,-52
walk_02,walk_cross_link,RX01,26.014061,1300,-53
walk_02,walk_cross_link,RX01,26.031782,1301,-53
walk_02,walk_cross_link,RX01,26.051012,1302,-53
walk_02,walk_cross_link,RX01,26.073728,1303,-53
walk_02,walk_cross_link,RX01,26.092011,1304,-53
walk_02,walk_cross_link,RX01,26.115328,1305,-53
walk_02,walk_cross_link,RX01,26.131008,1306,-53
walk_02,walk_cross_link,RX01,26.150993,1307,-53
walk_02,walk_cross_link,RX01,26.173142,1308,-53
walk_02,walk_cross_link,RX01,26.192825,1309,-53
walk_02,walk_cross_link,RX01,26.211256,1310,-53
walk_02,walk_cross_link,RX01,26.231024,1311,-53
walk_02,walk_cross_link,RX01,26.254252,1312,-53
walk_02,walk_cross_link,RX01,26.275967,1313,-53
walk_02,walk_cross_link,RX01,26.291608,1314,-53
walk_02,walk_cross_link,RX01,26.313078,1315,-53
walk_02,walk_cross_link,RX01,26.331933,1316,-53
walk_02,walk_cross_link,RX01,26.351179,1317,-53
walk_02,walk_cross_link,RX01,26.371006,1318,-52
walk_02,walk_cross_link,RX01,26.393996,1319,-51
walk_02,walk_cross_link,RX01,26.410992,1320,-51
walk_02,walk_cross_link,RX01,26.431451,1321,-50
walk_02,walk_cross_link,RX01,26.456936,1322,-50
walk_02,walk_cross_link,RX01,26.470981,1323,-50
walk_02,walk_cross_link,RX01,26.492399,1324,-49
walk_02,walk_cross_link,RX01,26.510997,1325,-49
walk_02,walk_cross_link,RX01,26.533838,1326,-50
walk_02,walk_cross_link,RX01,26.559298,1327,-50
walk_02,walk_cross_link,RX01,26.572588,1328,-50
walk_02,walk_cross_link,RX01,26.590987,1329,-50
walk_02,walk_cross_link,RX01,26.611002,1330,-50
walk_02,walk_cross_link,RX01,26.63626,1331,-50
walk_02,walk_cross_link,RX01,26.650984,1332,-50
walk_02,walk_cross_link,RX01,26.671696,1333,-50
walk_02,walk_cross_link,RX01,26.691536,1334,-50
walk_02,walk_cross_link,RX01,26.71098,1335,-50
walk_02,walk_cross_link,RX01,26.731311,1336,-50
walk_02,walk_cross_link,RX01,26.752814,1337,-50
walk_02,walk_cross_link,RX01,26.774156,1338,-50
walk_02,walk_cross_link,RX01,26.791405,1339,-50
walk_02,walk_cross_link,RX01,26.81131,1340,-50
walk_02,walk_cross_link,RX01,26.831046,1341,-50
walk_02,walk_cross_link,RX01,26.85099,1342,-50
walk_02,walk_cross_link,RX01,26.870991,1343,-49
walk_02,walk_cross_link,RX01,26.892244,1344,-49
walk_02,walk_cross_link,RX01,26.910985,1345,-49
walk_02,walk_cross_link,RX01,26.931428,1346,-49
walk_02,walk_cross_link,RX01,26.951119,1347,-49
walk_02,walk_cross_link,RX01,26.994649,1349,-50
walk_02,walk_cross_link,RX01,27.015751,1350,-50
walk_02,walk_cross_link,RX01,27.040169,1351,-50
walk_02,walk_cross_link,RX01,27.050985,1352,-50
walk_02,walk_cross_link,RX01,27.071331,1353,-50
walk_02,walk_cross_link,RX01,27.090964,1354,-50
walk_02,walk_cross_link,RX01,27.111012,1355,-49
walk_02,walk_cross_link,RX01,27.132445,1356,-50
walk_02,walk_cross_link,RX01,27.150982,1357,-50
walk_02,walk_cross_link,RX01,27.175795,1358,-51
walk_02,walk_cross_link,RX01,27.190968,1359,-50
walk_02,walk_cross_link,RX01,27.2132,1360,-50
walk_02,walk_cross_link,RX01,27.234706,1361,-51
walk_02,walk_cross_link,RX01,27.256891,1362,-50
walk_02,walk_cross_link,RX01,27.27491,1363,-50
walk_02,walk_cross_link,RX01,27.295755,1364,-50
walk_02,walk_cross_link,RX01,27.312432,1365,-50
walk_02,walk_cross_link,RX01,27.332612,1366,-50
walk_02,walk_cross_link,RX01,27.350968,1367,-50
walk_02,walk_cross_link,RX01,27.371567,1368,-50
walk_02,walk_cross_link,RX01,27.391281,1369,-50
walk_02,walk_cross_link,RX01,27.410964,1370,-50
walk_02,walk_cross_link,RX01,27.430968,1371,-50
walk_02,walk_cross_link,RX01,27.455435,1372,-50
walk_02,walk_cross_link,RX01,27.470968,1373,-50
walk_02,walk_cross_link,RX01,27.490961,1374,-50
walk_02,walk_cross_link,RX01,27.511778,1375,-50
walk_02,walk_cross_link,RX01,27.530971,1376,-50
walk_02,walk_cross_link,RX01,27.557867,1377,-50
walk_02,walk_cross_link,RX01,27.572034,1378,-50
walk_02,walk_cross_link,RX01,27.590968,1379,-50
walk_02,walk_cross_link,RX01,27.612458,1380,-50
walk_02,walk_cross_link,RX01,27.632039,1381,-50
walk_02,walk_cross_link,RX01,27.653008,1382,-50
walk_02,walk_cross_link,RX01,27.670942,1383,-50
walk_02,walk_cross_link,RX01,27.692013,1384,-50
walk_02,walk_cross_link,RX01,27.711469,1385,-50
walk_02,walk_cross_link,RX01,27.730952,1386,-51
walk_02,walk_cross_link,RX01,27.755534,1387,-51
walk_02,walk_cross_link,RX01,27.770958,1388,-51
walk_02,walk_cross_link,RX01,27.792834,1389,-51
walk_02,walk_cross_link,RX01,27.812143,1390,-50
walk_02,walk_cross_link,RX01,27.831029,1391,-50
walk_02,walk_cross_link,RX01,27.855544,1392,-50
walk_02,walk_cross_link,RX01,27.871585,1393,-50
walk_02,walk_cross_link,RX01,27.892763,1394,-50
walk_02,walk_cross_link,RX01,27.916249,1395,-50
walk_02,walk_cross_link,RX01,27.935652,1396,-50
walk_02,walk_cross_link,RX01,27.951505,1397,-50
walk_02,walk_cross_link,RX01,27.97118,1398,-50
walk_02,walk_cross_link,RX01,27.995025,1399,-50
walk_02,walk_cross_link,RX01,28.012194,1400,-50
walk_02,walk_cross_link,RX01,28.032417,1401,-50
walk_02,walk_cross_link,RX01,28.053926,1402,-50
walk_02,walk_cross_link,RX01,28.073264,1403,-49
walk_02,walk_cross_link,RX01,28.097421,1404,-49
walk_02,walk_cross_link,RX01,28.110949,1405,-49
walk_02,walk_cross_link,RX01,28.130937,1406,-50
walk_02,walk_cross_link,RX01,28.150926,1407,-50
walk_02,walk_cross_link,RX01,28.172242,1408,-50
walk_02,walk_cross_link,RX01,28.197739,1409,-50
walk_02,walk_cross_link,RX01,28.211051,1410,-50
walk_02,walk_cross_link,RX01,28.232209,1411,-50
walk_02,walk_cross_link,RX01,28.250961,1412,-50
walk_02,walk_cross_link,RX01,28.274643,1413,-50
walk_02,walk_cross_link,RX01,28.290935,1414,-50
walk_02,walk_cross_link,RX01,28.315345,1415,-50
walk_02,walk_cross_link,RX01,28.332553,1416,-50
walk_02,walk_cross_link,RX01,28.350942,1417,-50
walk_02,walk_cross_link,RX01,28.371342,1418,-50
walk_02,walk_cross_link,RX01,28.393617,1419,-50
walk_02,walk_cross_link,RX01,28.412535,1420,-50
walk_02,walk_cross_link,RX01,28.430935,1421,-50
walk_02,walk_cross_link,RX01,28.450942,1422,-50
walk_02,walk_cross_link,RX01,28.471373,1423,-50
walk_02,walk_cross_link,RX01,28.493614,1424,-50
walk_02,walk_cross_link,RX01,28.515032,1425,-50
walk_02,walk_cross_link,RX01,28.530937,1426,-50
walk_02,walk_cross_link,RX01,28.550924,1427,-50
walk_02,walk_cross_link,RX01,28.57095,1428,-50
walk_02,walk_cross_link,RX01,28.590913,1429,-50
walk_02,walk_cross_link,RX01,28.611248,1430,-50
walk_02,walk_cross_link,RX01,28.63304,1431,-50
walk_02,walk_cross_link,RX01,28.650925,1432,-49
walk_02,walk_cross_link,RX01,28.672096,1433,-50
walk_02,walk_cross_link,RX01,28.691548,1434,-50
walk_02,walk_cross_link,RX01,28.711849,1435,-50
walk_02,walk_cross_link,RX01,28.733977,1436,-50
walk_02,walk_cross_link,RX01,28.750926,1437,-50
walk_02,walk_cross_link,RX01,28.770945,1438,-50
walk_02,walk_cross_link,RX01,28.790946,1439,-50
walk_02,walk_cross_link,RX01,28.812666,1440,-50
walk_02,walk_cross_link,RX01,28.851621,1442,-50
walk_02,walk_cross_link,RX01,28.870925,1443,-50
walk_02,walk_cross_link,RX01,28.893718,1444,-50
walk_02,walk_cross_link,RX01,28.917394,1445,-50
walk_02,walk_cross_link,RX01,28.930911,1446,-49
walk_02,walk_cross_link,RX01,28.954028,1447,-50
walk_02,walk_cross_link,RX01,28.971007,1448,-50
walk_02,walk_cross_link,RX01,28.991435,1449,-49
walk_02,walk_cross_link,RX01,29.011041,1450,-49
walk_02,walk_cross_link,RX01,29.0313,1451,-49
walk_02,walk_cross_link,RX01,29.053232,1452,-49
walk_02,walk_cross_link,RX01,29.070913,1453,-49
walk_02,walk_cross_link,RX01,29.091375,1454,-49
walk_02,walk_cross_link,RX01,29.110892,1455,-49
walk_02,walk_cross_link,RX01,29.131133,1456,-50
walk_02,walk_cross_link,RX01,29.150896,1457,-50
walk_02,walk_cross_link,RX01,29.170928,1458,-50
walk_02,walk_cross_link,RX01,29.190919,1459,-50
walk_02,walk_cross_link,RX01,29.212801,1460,-49
walk_02,walk_cross_link,RX01,29.231828,1461,-49
walk_02,walk_cross_link,RX01,29.2509,1462,-49
walk_02,walk_cross_link,RX01,29.270923,1463,-49
walk_02,walk_cross_link,RX01,29.2914,1464,-49
walk_02,walk_cross_link,RX01,29.312863,1465,-49
walk_02,walk_cross_link,RX01,29.3309,1466,-49
walk_02,walk_cross_link,RX01,29.352425,1467,-49
walk_02,walk_cross_link,RX01,29.371327,1468,-50
walk_02,walk_cross_link,RX01,29.390924,1469,-50
walk_02,walk_cross_link,RX01,29.410913,1470,-50
walk_02,walk_cross_link,RX01,29.43178,1471,-49
walk_02,walk_cross_link,RX01,29.452239,1472,-49
walk_02,walk_cross_link,RX01,29.470874,1473,-49
walk_02,walk_cross_link,RX01,29.495639,1474,-49
walk_02,walk_cross_link,RX01,29.512856,1475,-49
walk_02,walk_cross_link,RX01,29.531774,1476,-49
walk_02,walk_cross_link,RX01,29.554637,1477,-49
walk_02,walk_cross_link,RX01,29.572001,1478,-49
walk_02,walk_cross_link,RX01,29.590899,1479,-49
walk_02,walk_cross_link,RX01,29.615244,1480,-49
walk_02,walk_cross_link,RX01,29.634211,1481,-49
walk_02,walk_cross_link,RX01,29.650901,1482,-49
walk_02,walk_cross_link,RX01,29.670981,1483,-49
walk_02,walk_cross_link,RX01,29.692332,1484,-49
walk_02,walk_cross_link,RX01,29.711839,1485,-49
walk_02,walk_cross_link,RX01,29.732531,1486,-48
walk_02,walk_cross_link,RX01,29.759434,1487,-49
walk_02,walk_cross_link,RX01,29.773466,1488,-49
walk_02,walk_cross_link,RX01,29.795452,1489,-49
walk_02,walk_cross_link,RX01,29.81553,1490,-49
walk_02,walk_cross_link,RX01,29.832778,1491,-49
walk_02,walk_cross_link,RX01,29.853464,1492,-49
walk_02,walk_cross_link,RX01,29.872436,1493,-49
walk_02,walk_cross_link,RX01,29.8924,1494,-49
walk_02,walk_cross_link,RX01,29.911244,1495,-49
walk_02,walk_cross_link,RX01,29.937294,1496,-49
walk_02,walk_cross_link,RX01,29.95087,1497,-49
walk_02,walk_cross_link,RX01,29.974841,1498,-49
walk_02,walk_cross_link,RX01,29.99087,1499,-49
walk_02,walk_cross_link,RX01,30.014435,1500,-50
walk_02,walk_cross_link,RX01,30.032269,1501,-50
walk_02,walk_cross_link,RX01,30.052593,1502,-50
walk_02,walk_cross_link,RX01,30.072744,1503,-49
walk_02,walk_cross_link,RX01,30.090859,1504,-50
walk_02,walk_cross_link,RX01,30.117845,1505,-49
walk_02,walk_cross_link,RX01,30.132035,1506,-50
walk_02,walk_cross_link,RX01,30.154999,1507,-50
walk_02,walk_cross_link,RX01,30.170893,1508,-49
walk_02,walk_cross_link,RX01,30.190848,1509,-50
walk_02,walk_cross_link,RX01,30.213639,1510,-49
walk_02,walk_cross_link,RX01,30.230917,1511,-49
walk_02,walk_cross_link,RX01,30.252863,1512,-50
walk_02,walk_cross_link,RX01,30.271471,1513,-50
walk_02,walk_cross_link,RX01,30.290863,1514,-50
walk_02,walk_cross_link,RX01,30.310844,1515,-49
walk_02,walk_cross_link,RX01,30.336845,1516,-49
walk_02,walk_cross_link,RX01,30.351867,1517,-49
walk_02,walk_cross_link,RX01,30.370977,1518,-49
walk_02,walk_cross_link,RX01,30.390863,1519,-49
walk_02,walk_cross_link,RX01,30.410849,1520,-50
walk_02,walk_cross_link,RX01,30.433859,1521,-49
walk_02,walk_cross_link,RX01,30.451079,1522,-49
walk_02,walk_cross_link,RX01,30.473172,1523,-56
walk_02,walk_cross_link,RX01,30.492968,1524,-49
walk_02,walk_cross_link,RX01,30.511324,1525,-50
walk_02,walk_cross_link,RX01,30.53085,1526,-50
walk_02,walk_cross_link,RX01,30.552983,1527,-50
walk_02,walk_cross_link,RX01,30.571597,1528,-50
walk_02,walk_cross_link,RX01,30.592409,1529,-50
walk_02,walk_cross_link,RX01,30.610853,1530,-50
walk_02,walk_cross_link,RX01,30.630859,1531,-50
walk_02,walk_cross_link,RX01,30.655285,1532,-50
walk_02,walk_cross_link,RX01,30.673347,1533,-50
walk_02,walk_cross_link,RX01,30.690866,1534,-50
walk_02,walk_cross_link,RX01,30.711851,1535,-49
walk_02,walk_cross_link,RX01,30.732259,1536,-50
walk_02,walk_cross_link,RX01,30.751089,1537,-50
walk_02,walk_cross_link,RX01,30.770869,1538,-50
walk_02,walk_cross_link,RX01,30.79285,1539,-49
walk_02,walk_cross_link,RX01,30.810847,1540,-49
walk_02,walk_cross_link,RX01,30.832277,1541,-49
walk_02,walk_cross_link,RX01,30.850864,1542,-49
walk_02,walk_cross_link,RX01,30.871253,1543,-49
walk_02,walk_cross_link,RX01,30.891861,1544,-49
walk_02,walk_cross_link,RX01,30.910831,1545,-50
walk_02,walk_cross_link,RX01,30.930835,1546,-50
walk_02,walk_cross_link,RX01,30.951814,1547,-49
walk_02,walk_cross_link,RX01,30.972546,1548,-49
walk_02,walk_cross_link,RX01,30.990848,1549,-49
walk_02,walk_cross_link,RX01,31.010861,1550,-50
walk_02,walk_cross_link,RX01,31.031391,1551,-50
walk_02,walk_cross_link,RX01,31.053631,1552,-50
walk_02,walk_cross_link,RX01,31.070809,1553,-50
walk_02,walk_cross_link,RX01,31.091158,1554,-50
walk_02,walk_cross_link,RX01,31.110819,1555,-49
walk_02,walk_cross_link,RX01,31.134795,1556,-50
walk_02,walk_cross_link,RX01,31.150838,1557,-50
walk_02,walk_cross_link,RX01,31.170856,1558,-50
walk_02,walk_cross_link,RX01,31.193083,1559,-50
walk_02,walk_cross_link,RX01,31.210839,1560,-50
walk_02,walk_cross_link,RX01,31.232642,1561,-50
walk_02,walk_cross_link,RX01,31.250851,1562,-50
walk_02,walk_cross_link,RX01,31.270833,1563,-50
walk_02,walk_cross_link,RX01,31.294749,1564,-50
walk_02,walk_cross_link,RX01,31.31332,1565,-50
walk_02,walk_cross_link,RX01,31.330823,1566,-50
walk_02,walk_cross_link,RX01,31.353975,1567,-50
walk_02,walk_cross_link,RX01,31.372152,1568,-50
walk_02,walk_cross_link,RX01,31.390807,1569,-50
walk_02,walk_cross_link,RX01,31.413522,1570,-50
walk_02,walk_cross_link,RX01,31.430827,1571,-50
walk_02,walk_cross_link,RX01,31.455498,1572,-50
walk_02,walk_cross_link,RX01,31.4972,1574,-50
walk_02,walk_cross_link,RX01,31.510956,1575,-50
walk_02,walk_cross_link,RX01,31.530867,1576,-50
walk_02,walk_cross_link,RX01,31.551463,1577,-50
walk_02,walk_cross_link,RX01,31.576944,1578,-50
walk_02,walk_cross_link,RX01,31.591363,1579,-50
walk_02,walk_cross_link,RX01,31.610828,1580,-50
walk_02,walk_cross_link,RX01,31.630805,1581,-50
walk_02,walk_cross_link,RX01,31.653852,1582,-50
walk_02,walk_cross_link,RX01,31.679329,1583,-50
walk_02,walk_cross_link,RX01,31.690817,1584,-50
walk_02,walk_cross_link,RX01,31.712302,1585,-50
walk_02,walk_cross_link,RX01,31.73082,1586,-50
walk_02,walk_cross_link,RX01,31.770828,1588,-50
walk_02,walk_cross_link,RX01,31.791758,1589,-50
walk_02,walk_cross_link,RX01,31.813953,1590,-51
walk_02,walk_cross_link,RX01,31.830856,1591,-51
walk_02,walk_cross_link,RX01,31.858018,1592,-51
walk_02,walk_cross_link,RX01,31.873428,1593,-50
walk_02,walk_cross_link,RX01,31.891538,1594,-50
walk_02,walk_cross_link,RX01,31.910786,1595,-50
walk_02,walk_cross_link,RX01,31.930796,1596,-50
walk_02,walk_cross_link,RX01,31.95203,1597,-50
walk_02,walk_cross_link,RX01,31.970819,1598,-50
walk_02,walk_cross_link,RX01,31.996558,1599,-50
walk_02,walk_cross_link,RX01,32.012252,1600,-50
walk_02,walk_cross_link,RX01,32.030786,1601,-50
walk_02,walk_cross_link,RX01,32.051117,1602,-50
walk_02,walk_cross_link,RX01,32.071744,1603,-50
walk_02,walk_cross_link,RX01,32.092384,1604,-50
walk_02,walk_cross_link,RX01,32.114641,1605,-50
walk_02,walk_cross_link,RX01,32.133164,1606,-50
walk_02,walk_cross_link,RX01,32.150781,1607,-50
walk_02,walk_cross_link,RX01,32.170813,1608,-50
walk_02,walk_cross_link,RX01,32.191314,1609,-50
walk_02,walk_cross_link,RX01,32.210792,1610,-50
walk_02,walk_cross_link,RX01,32.231038,1611,-50
walk_02,walk_cross_link,RX01,32.252151,1612,-50
walk_02,walk_cross_link,RX01,32.27082,1613,-50
walk_02,walk_cross_link,RX01,32.295799,1614,-50
walk_02,walk_cross_link,RX01,32.312665,1615,-50
walk_02,walk_cross_link,RX01,32.333249,1616,-50
walk_02,walk_cross_link,RX01,32.350777,1617,-51
walk_02,walk_cross_link,RX01,32.370813,1618,-51
walk_02,walk_cross_link,RX01,32.396117,1619,-51
walk_02,walk_cross_link,RX01,32.410791,1620,-51
walk_02,walk_cross_link,RX01,32.430771,1621,-51
walk_02,walk_cross_link,RX01,32.452624,1622,-51
walk_02,walk_cross_link,RX01,32.47201,1623,-51
walk_02,walk_cross_link,RX01,32.491736,1624,-51
walk_02,walk_cross_link,RX01,32.510786,1625,-51
walk_02,walk_cross_link,RX01,32.531819,1626,-50
walk_02,walk_cross_link,RX01,32.550762,1627,-51
walk_02,walk_cross_link,RX01,32.571001,1628,-50
walk_02,walk_cross_link,RX01,32.590776,1629,-50
walk_02,walk_cross_link,RX01,32.610956,1630,-50
walk_02,walk_cross_link,RX01,32.634471,1631,-50
walk_02,walk_cross_link,RX01,32.650808,1632,-50
walk_02,walk_cross_link,RX01,32.670774,1633,-50
walk_02,walk_cross_link,RX01,32.692168,1634,-49
walk_02,walk_cross_link,RX01,32.713347,1635,-50
walk_02,walk_cross_link,RX01,32.730792,1636,-50
walk_02,walk_cross_link,RX01,32.75184,1637,-50
walk_02,walk_cross_link,RX01,32.777962,1638,-49
walk_02,walk_cross_link,RX01,32.791043,1639,-50
walk_02,walk_cross_link,RX01,32.81576,1640,-50
walk_02,walk_cross_link,RX01,32.831448,1641,-49
walk_02,walk_cross_link,RX01,32.850783,1642,-49
walk_02,walk_cross_link,RX01,32.873127,1643,-48
walk_02,walk_cross_link,RX01,32.890794,1644,-49
walk_02,walk_cross_link,RX01,32.910768,1645,-48
walk_02,walk_cross_link,RX01,32.950775,1647,-50
walk_02,walk_cross_link,RX01,32.971059,1648,-50
walk_02,walk_cross_link,RX01,32.99077,1649,-50
walk_02,walk_cross_link,RX01,33.010759,1650,-50
walk_02,walk_cross_link,RX01,33.036255,1651,-50
walk_02,walk_cross_link,RX01,33.05075,1652,-50
walk_02,walk_cross_link,RX01,33.071554,1653,-50
walk_02,walk_cross_link,RX01,33.091695,1654,-50
walk_02,walk_cross_link,RX01,33.112912,1655,-50
walk_02,walk_cross_link,RX01,33.138934,1656,-49
walk_02,walk_cross_link,RX01,33.152444,1657,-50
walk_02,walk_cross_link,RX01,33.170776,1658,-49
walk_02,walk_cross_link,RX01,33.191504,1659,-49
walk_02,walk_cross_link,RX01,33.217417,1660,-48
walk_02,walk_cross_link,RX01,33.23107,1661,-49
walk_02,walk_cross_link,RX01,33.25484,1662,-48
walk_02,walk_cross_link,RX01,33.271858,1663,-48
walk_02,walk_cross_link,RX01,33.292271,1664,-48
walk_02,walk_cross_link,RX01,33.31438,1665,-48
walk_02,walk_cross_link,RX01,33.332799,1666,-49
walk_02,walk_cross_link,RX01,33.350752,1667,-49
walk_02,walk_cross_link,RX01,33.370748,1668,-48
walk_02,walk_cross_link,RX01,33.394663,1669,-49
walk_02,walk_cross_link,RX01,33.410765,1670,-49
walk_02,walk_cross_link,RX01,33.430737,1671,-50
walk_02,walk_cross_link,RX01,33.450764,1672,-51
walk_02,walk_cross_link,RX01,33.470734,1673,-51
walk_02,walk_cross_link,RX01,33.490737,1674,-52
walk_02,walk_cross_link,RX01,33.511262,1675,-53
walk_02,walk_cross_link,RX01,33.532569,1676,-53
walk_02,walk_cross_link,RX01,33.553393,1677,-53
walk_02,walk_cross_link,RX01,33.570765,1678,-52
walk_02,walk_cross_link,RX01,33.590741,1679,-53
walk_02,walk_cross_link,RX01,33.632086,1681,-53
walk_02,walk_cross_link,RX01,33.651425,1682,-53
walk_02,walk_cross_link,RX01,33.67212,1683,-53
walk_02,walk_cross_link,RX01,33.691079,1684,-53
walk_02,walk_cross_link,RX01,33.71075,1685,-54
walk_02,walk_cross_link,RX01,33.730854,1686,-54
walk_02,walk_cross_link,RX01,33.751268,1687,-54
walk_02,walk_cross_link,RX01,33.770853,1688,-54
walk_02,walk_cross_link,RX01,33.790742,1689,-54
walk_02,walk_cross_link,RX01,33.810739,1690,-54
walk_02,walk_cross_link,RX01,33.831815,1691,-54
walk_02,walk_cross_link,RX01,33.855567,1692,-54
walk_02,walk_cross_link,RX01,33.870711,1693,-54
walk_02,walk_cross_link,RX01,33.890803,1694,-53
walk_02,walk_cross_link,RX01,33.913972,1695,-54
walk_02,walk_cross_link,RX01,33.93211,1696,-54
walk_02,walk_cross_link,RX01,33.957869,1697,-55
walk_02,walk_cross_link,RX01,33.971657,1698,-55
walk_02,walk_cross_link,RX01,33.990964,1699,-55
walk_02,walk_cross_link,RX01,34.013262,1700,-55
walk_02,walk_cross_link,RX01,34.053169,1702,-54
walk_02,walk_cross_link,RX01,34.070843,1703,-55
walk_02,walk_cross_link,RX01,34.090721,1704,-55
walk_02,walk_cross_link,RX01,34.111447,1705,-55
walk_02,walk_cross_link,RX01,34.131789,1706,-55
walk_02,walk_cross_link,RX01,34.151444,1707,-55
walk_02,walk_cross_link,RX01,34.173545,1708,-55
walk_02,walk_cross_link,RX01,34.190731,1709,-55
walk_02,walk_cross_link,RX01,34.21387,1710,-55
walk_02,walk_cross_link,RX01,34.231907,1711,-55
walk_02,walk_cross_link,RX01,34.250735,1712,-56
walk_02,walk_cross_link,RX01,34.271374,1713,-55
walk_02,walk_cross_link,RX01,34.290744,1714,-56
walk_02,walk_cross_link,RX01,34.316271,1715,-55
walk_02,walk_cross_link,RX01,34.330732,1716,-55
walk_02,walk_cross_link,RX01,34.351779,1717,-56
walk_02,walk_cross_link,RX01,34.372875,1718,-54
walk_02,walk_cross_link,RX01,34.390727,1719,-54
walk_02,walk_cross_link,RX01,34.411834,1720,-54
walk_02,walk_cross_link,RX01,34.432876,1721,-54
walk_02,walk_cross_link,RX01,34.450839,1722,-54
walk_02,walk_cross_link,RX01,34.471293,1723,-54
walk_02,walk_cross_link,RX01,34.490719,1724,-54
walk_02,walk_cross_link,RX01,34.510708,1725,-54
walk_02,walk_cross_link,RX01,34.531824,1726,-54
walk_02,walk_cross_link,RX01,34.551572,1727,-55
walk_02,walk_cross_link,RX01,34.57225,1728,-55
walk_02,walk_cross_link,RX01,34.5907,1729,-55
walk_02,walk_cross_link,RX01,34.61301,1730,-54
walk_02,walk_cross_link,RX01,34.630695,1731,-54
walk_02,walk_cross_link,RX01,34.650703,1732,-54
walk_02,walk_cross_link,RX01,34.671781,1733,-54
walk_02,walk_cross_link,RX01,34.696,1734,-53
walk_02,walk_cross_link,RX01,34.712525,1735,-53
walk_02,walk_cross_link,RX01,34.730717,1736,-53
walk_02,walk_cross_link,RX01,34.751714,1737,-53
walk_02,walk_cross_link,RX01,34.777044,1738,-52
walk_02,walk_cross_link,RX01,34.790843,1739,-52
walk_02,walk_cross_link,RX01,34.812343,1740,-51
walk_02,walk_cross_link,RX01,34.833204,1741,-51
walk_02,walk_cross_link,RX01,34.851239,1742,-51
walk_02,walk_cross_link,RX01,34.872912,1743,-51
walk_02,walk_cross_link,RX01,34.894976,1744,-51
walk_02,walk_cross_link,RX01,34.910705,1745,-51
walk_02,walk_cross_link,RX01,34.930845,1746,-51
walk_02,walk_cross_link,RX01,34.954919,1747,-51
walk_02,walk_cross_link,RX01,34.970706,1748,-51
walk_02,walk_cross_link,RX01,34.990684,1749,-51
walk_02,walk_cross_link,RX01,35.012464,1750,-51
walk_02,walk_cross_link,RX01,35.033054,1751,-51
walk_02,walk_cross_link,RX01,35.050696,1752,-51
walk_02,walk_cross_link,RX01,35.075496,1753,-51
walk_02,walk_cross_link,RX01,35.095434,1754,-51
walk_02,walk_cross_link,RX01,35.1107,1755,-51
walk_02,walk_cross_link,RX01,35.135471,1756,-51
walk_02,walk_cross_link,RX01,35.150679,1757,-51
walk_02,walk_cross_link,RX01,35.170972,1758,-50
walk_02,walk_cross_link,RX01,35.191607,1759,-50
walk_02,walk_cross_link,RX01,35.210692,1760,-50
walk_02,walk_cross_link,RX01,35.23088,1761,-50
walk_02,walk_cross_link,RX01,35.252645,1762,-49
walk_02,walk_cross_link,RX01,35.291155,1764,-49
walk_02,walk_cross_link,RX01,35.310665,1765,-48
walk_02,walk_cross_link,RX01,35.330676,1766,-49
walk_02,walk_cross_link,RX01,35.350725,1767,-49
walk_02,walk_cross_link,RX01,35.372997,1768,-49
walk_02,walk_cross_link,RX01,35.391466,1769,-49
walk_02,walk_cross_link,RX01,35.412956,1770,-49
walk_02,walk_cross_link,RX01,35.4332,1771,-49
walk_02,walk_cross_link,RX01,35.451856,1772,-48
walk_02,walk_cross_link,RX01,35.474391,1773,-48
walk_02,walk_cross_link,RX01,35.492072,1774,-48
walk_02,walk_cross_link,RX01,35.513476,1775,-49
walk_02,walk_cross_link,RX01,35.530691,1776,-49
walk_02,walk_cross_link,RX01,35.550658,1777,-49
walk_02,walk_cross_link,RX01,35.573285,1778,-49
walk_02,walk_cross_link,RX01,35.596263,1779,-48
walk_02,walk_cross_link,RX01,35.611074,1780,-49
walk_02,walk_cross_link,RX01,35.631557,1781,-49
walk_02,walk_cross_link,RX01,35.650797,1782,-49
walk_02,walk_cross_link,RX01,35.67648,1783,-49
walk_02,walk_cross_link,RX01,35.692863,1784,-49
walk_02,walk_cross_link,RX01,35.712454,1785,-49
walk_02,walk_cross_link,RX01,35.730662,1786,-49
walk_02,walk_cross_link,RX01,35.750794,1787,-49
walk_02,walk_cross_link,RX01,35.770662,1788,-49
walk_02,walk_cross_link,RX01,35.791105,1789,-49
walk_02,walk_cross_link,RX01,35.810662,1790,-50
walk_02,walk_cross_link,RX01,35.830715,1791,-50
walk_02,walk_cross_link,RX01,35.852251,1792,-50
walk_02,walk_cross_link,RX01,35.874393,1793,-49
walk_02,walk_cross_link,RX01,35.891273,1794,-50
walk_02,walk_cross_link,RX01,35.913129,1795,-49
walk_02,walk_cross_link,RX01,35.930688,1796,-50
walk_02,walk_cross_link,RX01,35.952662,1797,-49
walk_02,walk_cross_link,RX01,35.97272,1798,-49
walk_02,walk_cross_link,RX01,35.990824,1799,-49
walk_02,walk_cross_link,RX01,36.01163,1800,-49
walk_02,walk_cross_link,RX01,36.030661,1801,-49
walk_02,walk_cross_link,RX01,36.057058,1802,-49
walk_02,walk_cross_link,RX01,36.07128,1803,-49
walk_02,walk_cross_link,RX01,36.092572,1804,-49
walk_02,walk_cross_link,RX01,36.112962,1805,-49
walk_02,walk_cross_link,RX01,36.130672,1806,-49
walk_02,walk_cross_link,RX01,36.150683,1807,-49
walk_02,walk_cross_link,RX01,36.170652,1808,-49
walk_02,walk_cross_link,RX01,36.190873,1809,-49
walk_02,walk_cross_link,RX01,36.212527,1810,-49
walk_02,walk_cross_link,RX01,36.230647,1811,-49
walk_02,walk_cross_link,RX01,36.255371,1812,-49
walk_02,walk_cross_link,RX01,36.27072,1813,-49
walk_02,walk_cross_link,RX01,36.292953,1814,-49
walk_02,walk_cross_link,RX01,36.310677,1815,-49
walk_02,walk_cross_link,RX01,36.332631,1816,-49
walk_02,walk_cross_link,RX01,36.355386,1817,-49
walk_02,walk_cross_link,RX01,36.372772,1818,-49
walk_02,walk_cross_link,RX01,36.390807,1819,-49
walk_02,walk_cross_link,RX01,36.412392,1820,-49
walk_02,walk_cross_link,RX01,36.434241,1821,-49
walk_02,walk_cross_link,RX01,36.457454,1822,-49
walk_02,walk_cross_link,RX01,36.472819,1823,-50
walk_02,walk_cross_link,RX01,36.492532,1824,-50
walk_02,walk_cross_link,RX01,36.511935,1825,-50
walk_02,walk_cross_link,RX01,36.531644,1826,-50
walk_02,walk_cross_link,RX01,36.553524,1827,-50
walk_02,walk_cross_link,RX01,36.570645,1828,-50
walk_02,walk_cross_link,RX01,36.591166,1829,-50
walk_02,walk_cross_link,RX01,36.610952,1830,-49
walk_02,walk_cross_link,RX01,36.630637,1831,-49
walk_02,walk_cross_link,RX01,36.650633,1832,-49
walk_02,walk_cross_link,RX01,36.671477,1833,-49
walk_02,walk_cross_link,RX01,36.693569,1834,-49
walk_02,walk_cross_link,RX01,36.710635,1835,-49
walk_02,walk_cross_link,RX01,36.733164,1836,-49
walk_02,walk_cross_link,RX01,36.750635,1837,-49
walk_02,walk_cross_link,RX01,36.771867,1838,-50
walk_02,walk_cross_link,RX01,36.790622,1839,-49
walk_02,walk_cross_link,RX01,36.811076,1840,-49
walk_02,walk_cross_link,RX01,36.832089,1841,-49
walk_02,walk_cross_link,RX01,36.850651,1842,-49
walk_02,walk_cross_link,RX01,36.873895,1843,-49
walk_02,walk_cross_link,RX01,36.890638,1844,-49
walk_02,walk_cross_link,RX01,36.911773,1845,-50
walk_02,walk_cross_link,RX01,36.930628,1846,-50
walk_02,walk_cross_link,RX01,36.95061,1847,-50
walk_02,walk_cross_link,RX01,36.970627,1848,-50
walk_02,walk_cross_link,RX01,36.993445,1849,-50
walk_02,walk_cross_link,RX01,37.010624,1850,-50
walk_02,walk_cross_link,RX01,37.033105,1851,-50
walk_02,walk_cross_link,RX01,37.050647,1852,-50
walk_02,walk_cross_link,RX01,37.07063,1853,-50
walk_02,walk_cross_link,RX01,37.09528,1854,-50
walk_02,walk_cross_link,RX01,37.112654,1855,-50
walk_02,walk_cross_link,RX01,37.130621,1856,-50
walk_02,walk_cross_link,RX01,37.153719,1857,-50
walk_02,walk_cross_link,RX01,37.170756,1858,-50
walk_02,walk_cross_link,RX01,37.190642,1859,-50
walk_02,walk_cross_link,RX01,37.211039,1860,-50
walk_02,walk_cross_link,RX01,37.23287,1861,-50
walk_02,walk_cross_link,RX01,37.250625,1862,-50
walk_02,walk_cross_link,RX01,37.270611,1863,-50
walk_02,walk_cross_link,RX01,37.290611,1864,-50
walk_02,walk_cross_link,RX01,37.311313,1865,-50
walk_02,walk_cross_link,RX01,37.33064,1866,-50
walk_02,walk_cross_link,RX01,37.3527,1867,-50
walk_02,walk_cross_link,RX01,37.372493,1868,-50
walk_02,walk_cross_link,RX01,37.390621,1869,-50
walk_02,walk_cross_link,RX01,37.413718,1870,-50
walk_02,walk_cross_link,RX01,37.4307,1871,-50
walk_02,walk_cross_link,RX01,37.453275,1872,-50
walk_02,walk_cross_link,RX01,37.470592,1873,-50
walk_02,walk_cross_link,RX01,37.490733,1874,-49
walk_02,walk_cross_link,RX01,37.518236,1875,-50
walk_02,walk_cross_link,RX01,37.533648,1876,-50
walk_02,walk_cross_link,RX01,37.550604,1877,-49
walk_02,walk_cross_link,RX01,37.572484,1878,-49
walk_02,walk_cross_link,RX01,37.592633,1879,-49
walk_02,walk_cross_link,RX01,37.618512,1880,-50
walk_02,walk_cross_link,RX01,37.632135,1881,-50
walk_02,walk_cross_link,RX01,37.655011,1882,-50
walk_02,walk_cross_link,RX01,37.670606,1883,-50
walk_02,walk_cross_link,RX01,37.695038,1884,-50
walk_02,walk_cross_link,RX01,37.710601,1885,-50
walk_02,walk_cross_link,RX01,37.73105,1886,-50
walk_02,walk_cross_link,RX01,37.755018,1887,-50
walk_02,walk_cross_link,RX01,37.770592,1888,-50
walk_02,walk_cross_link,RX01,37.795864,1889,-50
walk_02,walk_cross_link,RX01,37.812075,1890,-50
walk_02,walk_cross_link,RX01,37.830663,1891,-50
walk_02,walk_cross_link,RX01,37.852913,1892,-50
walk_02,walk_cross_link,RX01,37.870606,1893,-50
walk_02,walk_cross_link,RX01,37.890587,1894,-50
walk_02,walk_cross_link,RX01,37.914483,1895,-50
walk_02,walk_cross_link,RX01,37.932497,1896,-50
walk_02,walk_cross_link,RX01,37.951478,1897,-50
walk_02,walk_cross_link,RX01,37.970597,1898,-49
walk_02,walk_cross_link,RX01,37.990596,1899,-49
walk_02,walk_cross_link,RX01,38.010609,1900,-49
walk_02,walk_cross_link,RX01,38.030746,1901,-50
walk_02,walk_cross_link,RX01,38.053861,1902,-50
walk_02,walk_cross_link,RX01,38.071295,1903,-50
walk_02,walk_cross_link,RX01,38.090591,1904,-50
walk_02,walk_cross_link,RX01,38.110605,1905,-50
walk_02,walk_cross_link,RX01,38.132586,1906,-50
walk_02,walk_cross_link,RX01,38.150559,1907,-50
walk_02,walk_cross_link,RX01,38.170583,1908,-49
walk_02,walk_cross_link,RX01,38.191724,1909,-50
walk_02,walk_cross_link,RX01,38.216307,1910,-49
walk_02,walk_cross_link,RX01,38.232924,1911,-49
walk_02,walk_cross_link,RX01,38.251119,1912,-49
walk_02,walk_cross_link,RX01,38.272453,1913,-49
walk_02,walk_cross_link,RX01,38.294668,1914,-49
walk_02,walk_cross_link,RX01,38.310556,1915,-49
walk_02,walk_cross_link,RX01,38.337429,1916,-49
walk_02,walk_cross_link,RX01,38.351048,1917,-49
walk_02,walk_cross_link,RX01,38.370589,1918,-49
walk_02,walk_cross_link,RX01,38.391687,1919,-49
walk_02,walk_cross_link,RX01,38.412236,1920,-50
walk_02,walk_cross_link,RX01,38.437704,1921,-50
walk_02,walk_cross_link,RX01,38.450581,1922,-49
walk_02,walk_cross_link,RX01,38.477249,1923,-49
walk_02,walk_cross_link,RX01,38.490593,1924,-49
walk_02,walk_cross_link,RX01,38.512666,1925,-50
walk_02,walk_cross_link,RX01,38.530561,1926,-49
walk_02,walk_cross_link,RX01,38.552727,1927,-49
walk_02,walk_cross_link,RX01,38.570563,1928,-49
walk_02,walk_cross_link,RX01,38.590568,1929,-49
walk_02,walk_cross_link,RX01,38.611554,1930,-49
walk_02,walk_cross_link,RX01,38.631404,1931,-49
walk_02,walk_cross_link,RX01,38.65258,1932,-50
walk_02,walk_cross_link,RX01,38.672818,1933,-50
walk_02,walk_cross_link,RX01,38.690559,1934,-50
walk_02,walk_cross_link,RX01,38.718859,1935,-50
walk_02,walk_cross_link,RX01,38.733693,1936,-50
walk_02,walk_cross_link,RX01,38.755538,1937,-49
walk_02,walk_cross_link,RX01,38.770662,1938,-50
walk_02,walk_cross_link,RX01,38.790544,1939,-50
walk_02,walk_cross_link,RX01,38.810582,1940,-50
walk_02,walk_cross_link,RX01,38.831971,1941,-50
walk_02,walk_cross_link,RX01,38.850581,1942,-49
walk_02,walk_cross_link,RX01,38.873045,1943,-49
walk_02,walk_cross_link,RX01,38.892705,1944,-49
walk_02,walk_cross_link,RX01,38.910543,1945,-49
walk_02,walk_cross_link,RX01,38.930848,1946,-49
walk_02,walk_cross_link,RX01,38.9519,1947,-50
walk_02,walk_cross_link,RX01,38.976046,1948,-50
walk_02,walk_cross_link,RX01,38.990539,1949,-49
walk_02,walk_cross_link,RX01,39.010767,1950,-50
walk_02,walk_cross_link,RX01,39.031937,1951,-50
walk_02,walk_cross_link,RX01,39.052099,1952,-50
walk_02,walk_cross_link,RX01,39.070557,1953,-50
walk_02,walk_cross_link,RX01,39.091657,1954,-50
walk_02,walk_cross_link,RX01,39.110543,1955,-50
walk_02,walk_cross_link,RX01,39.130552,1956,-50
walk_02,walk_cross_link,RX01,39.15452,1957,-50
walk_02,walk_cross_link,RX01,39.170728,1958,-50
walk_02,walk_cross_link,RX01,39.190554,1959,-49
walk_02,walk_cross_link,RX01,39.211053,1960,-50
walk_02,walk_cross_link,RX01,39.231471,1961,-50
walk_02,walk_cross_link,RX01,39.257468,1962,-50
walk_02,walk_cross_link,RX01,39.272661,1963,-50
walk_02,walk_cross_link,RX01,39.290547,1964,-49
walk_02,walk_cross_link,RX01,39.310547,1965,-50
walk_02,walk_cross_link,RX01,39.331911,1966,-50
walk_02,walk_cross_link,RX01,39.35052,1967,-50
walk_02,walk_cross_link,RX01,39.370638,1968,-50
walk_02,walk_cross_link,RX01,39.394276,1969,-50
walk_02,walk_cross_link,RX01,39.410548,1970,-50
walk_02,walk_cross_link,RX01,39.436247,1971,-50
walk_02,walk_cross_link,RX01,39.450673,1972,-50
walk_02,walk_cross_link,RX01,39.471814,1973,-50
walk_02,walk_cross_link,RX01,39.491302,1974,-50
walk_02,walk_cross_link,RX01,39.5114,1975,-50
walk_02,walk_cross_link,RX01,39.538667,1976,-50
walk_02,walk_cross_link,RX01,39.552871,1977,-49
walk_02,walk_cross_link,RX01,39.570536,1978,-49
walk_02,walk_cross_link,RX01,39.59154,1979,-50
walk_02,walk_cross_link,RX01,39.610535,1980,-49
walk_02,walk_cross_link,RX01,39.630913,1981,-49
walk_02,walk_cross_link,RX01,39.652086,1982,-49
walk_02,walk_cross_link,RX01,39.671975,1983,-49
walk_02,walk_cross_link,RX01,39.691506,1984,-49
walk_02,walk_cross_link,RX01,39.710537,1985,-49
walk_02,walk_cross_link,RX01,39.730546,1986,-49
walk_02,walk_cross_link,RX01,39.750517,1987,-50
walk_02,walk_cross_link,RX01,39.772032,1988,-49
walk_02,walk_cross_link,RX01,39.79377,1989,-49
walk_02,walk_cross_link,RX01,39.811088,1990,-49
walk_02,walk_cross_link,RX01,39.830594,1991,-49
walk_02,walk_cross_link,RX01,39.851153,1992,-50
walk_02,walk_cross_link,RX01,39.874915,1993,-50
walk_02,walk_cross_link,RX01,39.890548,1994,-50
walk_02,walk_cross_link,RX01,39.910857,1995,-49
walk_02,walk_cross_link,RX01,39.933603,1996,-50
walk_02,walk_cross_link,RX01,39.952839,1997,-50
walk_02,walk_cross_link,RX01,39.972501,1998,-50
walk_02,walk_cross_link,RX01,39.997546,1999,-50
walk_02,walk_cross_link,RX01,40.013416,2000,-50
walk_02,walk_cross_link,RX01,40.030528,2001,-50
walk_02,walk_cross_link,RX01,40.050528,2002,-49
walk_02,walk_cross_link,RX01,40.074906,2003,-50
walk_02,walk_cross_link,RX01,40.090635,2004,-50
walk_02,walk_cross_link,RX01,40.110519,2005,-50
walk_02,walk_cross_link,RX01,40.13251,2006,-50
walk_02,walk_cross_link,RX01,40.153066,2007,-50
walk_02,walk_cross_link,RX01,40.177298,2008,-50
walk_02,walk_cross_link,RX01,40.190502,2009,-50
walk_02,walk_cross_link,RX01,40.213031,2010,-50
walk_02,walk_cross_link,RX01,40.2305,2011,-50
walk_02,walk_cross_link,RX01,40.25437,2012,-50
walk_02,walk_cross_link,RX01,40.270523,2013,-49
walk_02,walk_cross_link,RX01,40.290991,2014,-50
walk_02,walk_cross_link,RX01,40.310692,2015,-50
walk_02,walk_cross_link,RX01,40.330546,2016,-50
walk_02,walk_cross_link,RX01,40.350905,2017,-50
walk_02,walk_cross_link,RX01,40.372089,2018,-49
walk_02,walk_cross_link,RX01,40.390744,2019,-50
walk_02,walk_cross_link,RX01,40.410653,2020,-49
walk_02,walk_cross_link,RX01,40.430489,2021,-49
walk_02,walk_cross_link,RX01,40.451081,2022,-49
walk_02,walk_cross_link,RX01,40.470518,2023,-49
walk_02,walk_cross_link,RX01,40.49767,2024,-49
walk_02,walk_cross_link,RX01,40.511459,2025,-49
walk_02,walk_cross_link,RX01,40.5305,2026,-49
walk_02,walk_cross_link,RX01,40.551286,2027,-49
walk_02,walk_cross_link,RX01,40.576899,2028,-49
walk_02,walk_cross_link,RX01,40.590484,2029,-49
walk_02,walk_cross_link,RX01,40.612082,2030,-50
walk_02,walk_cross_link,RX01,40.635345,2031,-49
walk_02,walk_cross_link,RX01,40.652571,2032,-49
walk_02,walk_cross_link,RX01,40.670476,2033,-49
walk_02,walk_cross_link,RX01,40.693166,2034,-49
walk_02,walk_cross_link,RX01,40.716275,2035,-49
walk_02,walk_cross_link,RX01,40.730509,2036,-49
walk_02,walk_cross_link,RX01,40.752833,2037,-49
walk_02,walk_cross_link,RX01,40.771934,2038,-49
walk_02,walk_cross_link,RX01,40.791228,2039,-49
walk_02,walk_cross_link,RX01,40.810522,2040,-49
walk_02,walk_cross_link,RX01,40.832464,2041,-49
walk_02,walk_cross_link,RX01,40.8505,2042,-49
walk_02,walk_cross_link,RX01,40.870474,2043,-49
walk_02,walk_cross_link,RX01,40.891061,2044,-49
walk_02,walk_cross_link,RX01,40.911947,2045,-49
walk_02,walk_cross_link,RX01,40.930509,2046,-49
walk_02,walk_cross_link,RX01,40.951735,2047,-49
walk_02,walk_cross_link,RX01,40.972282,2048,-49
walk_02,walk_cross_link,RX01,40.990565,2049,-49
walk_02,walk_cross_link,RX01,41.01247,2050,-49
walk_02,walk_cross_link,RX01,41.030496,2051,-49
walk_02,walk_cross_link,RX01,41.050498,2052,-49
walk_02,walk_cross_link,RX01,41.074671,2053,-49
walk_02,walk_cross_link,RX01,41.090628,2054,-49
walk_02,walk_cross_link,RX01,41.112374,2055,-49
walk_02,walk_cross_link,RX01,41.1305,2056,-49
walk_02,walk_cross_link,RX01,41.150479,2057,-49
walk_02,walk_cross_link,RX01,41.177062,2058,-49
walk_02,walk_cross_link,RX01,41.191307,2059,-49
walk_02,walk_cross_link,RX01,41.212757,2060,-50
walk_02,walk_cross_link,RX01,41.230846,2061,-50
walk_02,walk_cross_link,RX01,41.250641,2062,-50
walk_02,walk_cross_link,RX01,41.270467,2063,-50
walk_02,walk_cross_link,RX01,41.293741,2064,-49
walk_02,walk_cross_link,RX01,41.315035,2065,-49
walk_02,walk_cross_link,RX01,41.330649,2066,-49
walk_02,walk_cross_link,RX01,41.352108,2067,-49
walk_02,walk_cross_link,RX01,41.372157,2068,-49
walk_02,walk_cross_link,RX01,41.39609,2069,-50
walk_02,walk_cross_link,RX01,41.410486,2070,-49
walk_02,walk_cross_link,RX01,41.434951,2071,-50
walk_02,walk_cross_link,RX01,41.453243,2072,-49
walk_02,walk_cross_link,RX01,41.470467,2073,-49
walk_02,walk_cross_link,RX01,41.490484,2074,-50
walk_02,walk_cross_link,RX01,41.51046,2075,-49
walk_02,walk_cross_link,RX01,41.532416,2076,-50
walk_02,walk_cross_link,RX01,41.550964,2077,-50
walk_02,walk_cross_link,RX01,41.570721,2078,-50
walk_02,walk_cross_link,RX01,41.590469,2079,-50
walk_02,walk_cross_link,RX01,41.612132,2080,-50
walk_02,walk_cross_link,RX01,41.630472,2081,-50
walk_02,walk_cross_link,RX01,41.65167,2082,-50
walk_02,walk_cross_link,RX01,41.673198,2083,-50
walk_02,walk_cross_link,RX01,41.693776,2084,-50
walk_02,walk_cross_link,RX01,41.711163,2085,-49
walk_02,walk_cross_link,RX01,41.733393,2086,-50
walk_02,walk_cross_link,RX01,41.751075,2087,-50
walk_02,walk_cross_link,RX01,41.770947,2088,-50
walk_02,walk_cross_link,RX01,41.794854,2089,-50
walk_02,walk_cross_link,RX01,41.810458,2090,-50
walk_02,walk_cross_link,RX01,41.831114,2091,-50
walk_02,walk_cross_link,RX01,41.852134,2092,-50
walk_02,walk_cross_link,RX01,41.870455,2093,-49
walk_02,walk_cross_link,RX01,41.890472,2094,-50
walk_02,walk_cross_link,RX01,41.910509,2095,-49
walk_02,walk_cross_link,RX01,41.935174,2096,-50
walk_02,walk_cross_link,RX01,41.950456,2097,-50
walk_02,walk_cross_link,RX01,41.970445,2098,-50
walk_02,walk_cross_link,RX01,41.990455,2099,-50
walk_02,walk_cross_link,RX01,42.010499,2100,-50
walk_02,walk_cross_link,RX01,42.03185,2101,-49
walk_02,walk_cross_link,RX01,42.051613,2102,-49
walk_02,walk_cross_link,RX01,42.070457,2103,-49
walk_02,walk_cross_link,RX01,42.092366,2104,-49
walk_02,walk_cross_link,RX01,42.112905,2105,-49
walk_02,walk_cross_link,RX01,42.130997,2106,-50
walk_02,walk_cross_link,RX01,42.152527,2107,-50
walk_02,walk_cross_link,RX01,42.171321,2108,-49
walk_02,walk_cross_link,RX01,42.193064,2109,-49
walk_02,walk_cross_link,RX01,42.215307,2110,-49
walk_02,walk_cross_link,RX01,42.233097,2111,-49
walk_02,walk_cross_link,RX01,42.252321,2112,-49
walk_02,walk_cross_link,RX01,42.27082,2113,-49
walk_02,walk_cross_link,RX01,42.290432,2114,-49
walk_02,walk_cross_link,RX01,42.310433,2115,-50
walk_02,walk_cross_link,RX01,42.331001,2116,-50
walk_02,walk_cross_link,RX01,42.351229,2117,-50
walk_02,walk_cross_link,RX01,42.375032,2118,-50
walk_02,walk_cross_link,RX01,42.390423,2119,-49
walk_02,walk_cross_link,RX01,42.41273,2120,-50
walk_02,walk_cross_link,RX01,42.431311,2121,-49
walk_02,walk_cross_link,RX01,42.453639,2122,-49
walk_02,walk_cross_link,RX01,42.470899,2123,-49
walk_02,walk_cross_link,RX01,42.495074,2124,-49
walk_02,walk_cross_link,RX01,42.511296,2125,-49
walk_02,walk_cross_link,RX01,42.533695,2126,-50
walk_02,walk_cross_link,RX01,42.550422,2127,-49
walk_02,walk_cross_link,RX01,42.570446,2128,-49
walk_02,walk_cross_link,RX01,42.59042,2129,-49
walk_02,walk_cross_link,RX01,42.610701,2130,-49
walk_02,walk_cross_link,RX01,42.63612,2131,-49
walk_02,walk_cross_link,RX01,42.650423,2132,-49
walk_02,walk_cross_link,RX01,42.670423,2133,-49
walk_02,walk_cross_link,RX01,42.690439,2134,-50
walk_02,walk_cross_link,RX01,42.71308,2135,-49
walk_02,walk_cross_link,RX01,42.73045,2136,-49
walk_02,walk_cross_link,RX01,42.752007,2137,-49
walk_02,walk_cross_link,RX01,42.772055,2138,-49
walk_02,walk_cross_link,RX01,42.790409,2139,-49
walk_02,walk_cross_link,RX01,42.814323,2140,-49
walk_02,walk_cross_link,RX01,42.830501,2141,-49
walk_02,walk_cross_link,RX01,42.851035,2142,-49
walk_02,walk_cross_link,RX01,42.870423,2143,-49
walk_02,walk_cross_link,RX01,42.890421,2144,-50
walk_02,walk_cross_link,RX01,42.917861,2145,-50
walk_02,walk_cross_link,RX01,42.93214,2146,-50
walk_02,walk_cross_link,RX01,42.950698,2147,-50
walk_02,walk_cross_link,RX01,42.970558,2148,-50
walk_02,walk_cross_link,RX01,42.990414,2149,-49
walk_02,walk_cross_link,RX01,43.010405,2150,-49
walk_02,walk_cross_link,RX01,43.030411,2151,-50
walk_02,walk_cross_link,RX01,43.050532,2152,-50
walk_02,walk_cross_link,RX01,43.071472,2153,-50
walk_02,walk_cross_link,RX01,43.090413,2154,-50
walk_02,walk_cross_link,RX01,43.110414,2155,-50
walk_02,walk_cross_link,RX01,43.131524,2156,-50
walk_02,walk_cross_link,RX01,43.150387,2157,-50
walk_02,walk_cross_link,RX01,43.173893,2158,-50
walk_02,walk_cross_link,RX01,43.194868,2159,-50
walk_02,walk_cross_link,RX01,43.214075,2160,-50
walk_02,walk_cross_link,RX01,43.232367,2161,-50
walk_02,walk_cross_link,RX01,43.25262,2162,-49
walk_02,walk_cross_link,RX01,43.276277,2163,-50
walk_02,walk_cross_link,RX01,43.293441,2164,-50
walk_02,walk_cross_link,RX01,43.310378,2165,-50
walk_02,walk_cross_link,RX01,43.330426,2166,-50
walk_02,walk_cross_link,RX01,43.352972,2167,-50
walk_02,walk_cross_link,RX01,43.378686,2168,-50
walk_02,walk_cross_link,RX01,43.392496,2169,-50
walk_02,walk_cross_link,RX01,43.410408,2170,-50
walk_02,walk_cross_link,RX01,43.430378,2171,-50
walk_02,walk_cross_link,RX01,43.457408,2172,-50
walk_02,walk_cross_link,RX01,43.470397,2173,-50
walk_02,walk_cross_link,RX01,43.511765,2175,-49
walk_02,walk_cross_link,RX01,43.530521,2176,-49
walk_02,walk_cross_link,RX01,43.563268,2177,-49
walk_02,walk_cross_link,RX01,43.575752,2178,-49
walk_02,walk_cross_link,RX01,43.593913,2179,-49
walk_02,walk_cross_link,RX01,43.610393,2180,-49
walk_02,walk_cross_link,RX01,43.631268,2181,-49
walk_02,walk_cross_link,RX01,43.650401,2182,-50
walk_02,walk_cross_link,RX01,43.670386,2183,-49
walk_02,walk_cross_link,RX01,43.690401,2184,-49
walk_02,walk_cross_link,RX01,43.710367,2185,-49
walk_02,walk_cross_link,RX01,43.730383,2186,-49
walk_02,walk_cross_link,RX01,43.751306,2187,-49
walk_02,walk_cross_link,RX01,43.770399,2188,-49
walk_02,walk_cross_link,RX01,43.79039,2189,-49
walk_02,walk_cross_link,RX01,43.810383,2190,-49
walk_02,walk_cross_link,RX01,43.830447,2191,-49
walk_02,walk_cross_link,RX01,43.850396,2192,-49
walk_02,walk_cross_link,RX01,43.870407,2193,-49
walk_02,walk_cross_link,RX01,43.89071,2194,-49
walk_02,walk_cross_link,RX01,43.912111,2195,-50
walk_02,walk_cross_link,RX01,43.930369,2196,-49
walk_02,walk_cross_link,RX01,43.950364,2197,-49
walk_02,walk_cross_link,RX01,43.970377,2198,-49
walk_02,walk_cross_link,RX01,43.993068,2199,-49
walk_02,walk_cross_link,RX01,44.010397,2200,-49
walk_02,walk_cross_link,RX01,44.032989,2201,-49
walk_02,walk_cross_link,RX01,44.055032,2202,-49
walk_02,walk_cross_link,RX01,44.071968,2203,-50
walk_02,walk_cross_link,RX01,44.095476,2204,-50
walk_02,walk_cross_link,RX01,44.1106,2205,-50
walk_02,walk_cross_link,RX01,44.130805,2206,-50
walk_02,walk_cross_link,RX01,44.150481,2207,-50
walk_02,walk_cross_link,RX01,44.172111,2208,-50
walk_02,walk_cross_link,RX01,44.191158,2209,-50
walk_02,walk_cross_link,RX01,44.211688,2210,-50
walk_02,walk_cross_link,RX01,44.230381,2211,-50
walk_02,walk_cross_link,RX01,44.253768,2212,-50
walk_02,walk_cross_link,RX01,44.274536,2213,-50
walk_02,walk_cross_link,RX01,44.297197,2214,-50
walk_02,walk_cross_link,RX01,44.310353,2215,-49
walk_02,walk_cross_link,RX01,44.330964,2216,-49
walk_02,walk_cross_link,RX01,44.352319,2217,-49
walk_02,walk_cross_link,RX01,44.379017,2218,-49
walk_02,walk_cross_link,RX01,44.390364,2219,-49
walk_02,walk_cross_link,RX01,44.410374,2220,-49
walk_02,walk_cross_link,RX01,44.430344,2221,-49
walk_02,walk_cross_link,RX01,44.451519,2222,-48
walk_02,walk_cross_link,RX01,44.470384,2223,-49
walk_02,walk_cross_link,RX01,44.490595,2224,-48
walk_02,walk_cross_link,RX01,44.513986,2225,-48
walk_02,walk_cross_link,RX01,44.530368,2226,-49
walk_02,walk_cross_link,RX01,44.556266,2227,-48
walk_02,walk_cross_link,RX01,44.570524,2228,-49
walk_02,walk_cross_link,RX01,44.591838,2229,-49
walk_02,walk_cross_link,RX01,44.610378,2230,-49
walk_02,walk_cross_link,RX01,44.630364,2231,-49
walk_02,walk_cross_link,RX01,44.650493,2232,-49
walk_02,walk_cross_link,RX01,44.672929,2233,-49
walk_02,walk_cross_link,RX01,44.691287,2234,-49
walk_02,walk_cross_link,RX01,44.710492,2235,-49
walk_02,walk_cross_link,RX01,44.730359,2236,-49
walk_02,walk_cross_link,RX01,44.750709,2237,-49
walk_02,walk_cross_link,RX01,44.775299,2238,-48
walk_02,walk_cross_link,RX01,44.791756,2239,-48
walk_02,walk_cross_link,RX01,44.812256,2240,-48
walk_02,walk_cross_link,RX01,44.834763,2241,-48
walk_02,walk_cross_link,RX01,44.850364,2242,-48
walk_02,walk_cross_link,RX01,44.87266,2243,-48
walk_02,walk_cross_link,RX01,44.89419,2244,-49
walk_02,walk_cross_link,RX01,44.913625,2245,-50
walk_02,walk_cross_link,RX01,44.930355,2246,-50
walk_02,walk_cross_link,RX01,44.950747,2247,-51
walk_02,walk_cross_link,RX01,44.974742,2248,-51
walk_02,walk_cross_link,RX01,44.990357,2249,-50
walk_02,walk_cross_link,RX01,45.010344,2250,-50
walk_02,walk_cross_link,RX01,45.030925,2251,-50
walk_02,walk_cross_link,RX01,45.050362,2252,-50
walk_02,walk_cross_link,RX01,45.070323,2253,-50
walk_02,walk_cross_link,RX01,45.092487,2254,-50
walk_02,walk_cross_link,RX01,45.110713,2255,-50
walk_02,walk_cross_link,RX01,45.133284,2256,-50
walk_02,walk_cross_link,RX01,45.15033,2257,-50
walk_02,walk_cross_link,RX01,45.170684,2258,-50
walk_02,walk_cross_link,RX01,45.210341,2260,-50
walk_02,walk_cross_link,RX01,45.230326,2261,-50
walk_02,walk_cross_link,RX01,45.250524,2262,-50
walk_02,walk_cross_link,RX01,45.273309,2263,-50
walk_02,walk_cross_link,RX01,45.290344,2264,-50
walk_02,walk_cross_link,RX01,45.315033,2265,-51
walk_02,walk_cross_link,RX01,45.331878,2266,-51
walk_02,walk_cross_link,RX01,45.350311,2267,-52
walk_02,walk_cross_link,RX01,45.37155,2268,-53
walk_02,walk_cross_link,RX01,45.391325,2269,-54
walk_02,walk_cross_link,RX01,45.411025,2270,-54
walk_02,walk_cross_link,RX01,45.437204,2271,-54
walk_02,walk_cross_link,RX01,45.450338,2272,-54
walk_02,walk_cross_link,RX01,45.472449,2273,-55
walk_02,walk_cross_link,RX01,45.492114,2274,-54
walk_02,walk_cross_link,RX01,45.513436,2275,-54
walk_02,walk_cross_link,RX01,45.530639,2276,-54
walk_02,walk_cross_link,RX01,45.550306,2277,-56
walk_02,walk_cross_link,RX01,45.571559,2278,-54
walk_02,walk_cross_link,RX01,45.590348,2279,-55
walk_02,walk_cross_link,RX01,45.613126,2280,-55
walk_02,walk_cross_link,RX01,45.631478,2281,-55
walk_02,walk_cross_link,RX01,45.652913,2282,-57
walk_02,walk_cross_link,RX01,45.673017,2283,-55
walk_02,walk_cross_link,RX01,45.690316,2284,-55
walk_02,walk_cross_link,RX01,45.711175,2285,-55
walk_02,walk_cross_link,RX01,45.733897,2286,-55
walk_02,walk_cross_link,RX01,45.750472,2287,-55
walk_02,walk_cross_link,RX01,45.772541,2288,-55
walk_02,walk_cross_link,RX01,45.791715,2289,-54
walk_02,walk_cross_link,RX01,45.812607,2290,-54
walk_02,walk_cross_link,RX01,45.83037,2291,-54
walk_02,walk_cross_link,RX01,45.853303,2292,-53
walk_02,walk_cross_link,RX01,45.871635,2293,-55
walk_02,walk_cross_link,RX01,45.895141,2294,-53
walk_02,walk_cross_link,RX01,45.91292,2295,-55
walk_02,walk_cross_link,RX01,45.930541,2296,-55
walk_02,walk_cross_link,RX01,45.9525,2297,-53
walk_02,walk_cross_link,RX01,45.970725,2298,-53
walk_02,walk_cross_link,RX01,45.990416,2299,-54
walk_02,walk_cross_link,RX01,46.018184,2300,-54
walk_02,walk_cross_link,RX01,46.035203,2301,-54
walk_02,walk_cross_link,RX01,46.050317,2302,-53
walk_02,walk_cross_link,RX01,46.071798,2303,-54
walk_02,walk_cross_link,RX01,46.092262,2304,-54
walk_02,walk_cross_link,RX01,46.110807,2305,-53
walk_02,walk_cross_link,RX01,46.130303,2306,-53
walk_02,walk_cross_link,RX01,46.150281,2307,-54
walk_02,walk_cross_link,RX01,46.170324,2308,-53
walk_02,walk_cross_link,RX01,46.210322,2310,-54
walk_02,walk_cross_link,RX01,46.230311,2311,-54
walk_02,walk_cross_link,RX01,46.251115,2312,-54
walk_02,walk_cross_link,RX01,46.270311,2313,-53
walk_02,walk_cross_link,RX01,46.297065,2314,-54
walk_02,walk_cross_link,RX01,46.311311,2315,-54
walk_02,walk_cross_link,RX01,46.331226,2316,-54
walk_02,walk_cross_link,RX01,46.354132,2317,-54
walk_02,walk_cross_link,RX01,46.370316,2318,-53
walk_02,walk_cross_link,RX01,46.392976,2319,-54
walk_02,walk_cross_link,RX01,46.413707,2320,-53
walk_02,walk_cross_link,RX01,46.431858,2321,-53
walk_02,walk_cross_link,RX01,46.450685,2322,-53
walk_02,walk_cross_link,RX01,46.4703,2323,-53
walk_02,walk_cross_link,RX01,46.490309,2324,-53
walk_02,walk_cross_link,RX01,46.510303,2325,-53
walk_02,walk_cross_link,RX01,46.532629,2326,-53
walk_02,walk_cross_link,RX01,46.553088,2327,-52
walk_02,walk_cross_link,RX01,46.571286,2328,-52
walk_02,walk_cross_link,RX01,46.590271,2329,-51
walk_02,walk_cross_link,RX01,46.610288,2330,-51
walk_02,walk_cross_link,RX01,46.631968,2331,-51
walk_02,walk_cross_link,RX01,46.652399,2332,-51
walk_02,walk_cross_link,RX01,46.670286,2333,-50
walk_02,walk_cross_link,RX01,46.690832,2334,-50
walk_02,walk_cross_link,RX01,46.710283,2335,-50
walk_02,walk_cross_link,RX01,46.73303,2336,-50
walk_02,walk_cross_link,RX01,46.752229,2337,-51
walk_02,walk_cross_link,RX01,46.771719,2338,-51
walk_02,walk_cross_link,RX01,46.79027,2339,-51
walk_02,walk_cross_link,RX01,46.810288,2340,-51
walk_02,walk_cross_link,RX01,46.831165,2341,-50
walk_02,walk_cross_link,RX01,46.854735,2342,-50
walk_02,walk_cross_link,RX01,46.870319,2343,-50
walk_02,walk_cross_link,RX01,46.891015,2344,-50
walk_02,walk_cross_link,RX01,46.911488,2345,-50
walk_02,walk_cross_link,RX01,46.937112,2346,-50
walk_02,walk_cross_link,RX01,46.950257,2347,-50
walk_02,walk_cross_link,RX01,46.973449,2348,-50
walk_02,walk_cross_link,RX01,46.990276,2349,-49
walk_02,walk_cross_link,RX01,47.013853,2350,-49
walk_02,walk_cross_link,RX01,47.030737,2351,-49
walk_02,walk_cross_link,RX01,47.050282,2352,-49
walk_02,walk_cross_link,RX01,47.070921,2353,-49
walk_02,walk_cross_link,RX01,47.090287,2354,-49
walk_02,walk_cross_link,RX01,47.110257,2355,-49
walk_02,walk_cross_link,RX01,47.130521,2356,-49
walk_02,walk_cross_link,RX01,47.151846,2357,-49
walk_02,walk_cross_link,RX01,47.173566,2358,-49
walk_02,walk_cross_link,RX01,47.190263,2359,-49
walk_02,walk_cross_link,RX01,47.210277,2360,-49
walk_02,walk_cross_link,RX01,47.232944,2361,-49
walk_02,walk_cross_link,RX01,47.254695,2362,-49
walk_02,walk_cross_link,RX01,47.270255,2363,-49
walk_02,walk_cross_link,RX01,47.290256,2364,-49
walk_02,walk_cross_link,RX01,47.310358,2365,-49
walk_02,walk_cross_link,RX01,47.331198,2366,-49
walk_02,walk_cross_link,RX01,47.350248,2367,-49
walk_02,walk_cross_link,RX01,47.370613,2368,-49
walk_02,walk_cross_link,RX01,47.39024,2369,-49
walk_02,walk_cross_link,RX01,47.410261,2370,-50
walk_02,walk_cross_link,RX01,47.430265,2371,-50
walk_02,walk_cross_link,RX01,47.45213,2372,-50
walk_02,walk_cross_link,RX01,47.474692,2373,-50
walk_02,walk_cross_link,RX01,47.490251,2374,-49
walk_02,walk_cross_link,RX01,47.514776,2375,-50
walk_02,walk_cross_link,RX01,47.532774,2376,-50
walk_02,walk_cross_link,RX01,47.551492,2377,-50
walk_02,walk_cross_link,RX01,47.570373,2378,-50
walk_02,walk_cross_link,RX01,47.590929,2379,-50
walk_02,walk_cross_link,RX01,47.610268,2380,-50
walk_02,walk_cross_link,RX01,47.63225,2381,-50
walk_02,walk_cross_link,RX01,47.650369,2382,-50
walk_02,walk_cross_link,RX01,47.670248,2383,-50
walk_02,walk_cross_link,RX01,47.690373,2384,-50
walk_02,walk_cross_link,RX01,47.71023,2385,-50
walk_02,walk_cross_link,RX01,47.731249,2386,-50
walk_02,walk_cross_link,RX01,47.75611,2387,-49
walk_02,walk_cross_link,RX01,47.770781,2388,-50
walk_02,walk_cross_link,RX01,47.790237,2389,-50
walk_02,walk_cross_link,RX01,47.812628,2390,-50
walk_02,walk_cross_link,RX01,47.832472,2391,-50
walk_02,walk_cross_link,RX01,47.850951,2392,-50
walk_02,walk_cross_link,RX01,47.870605,2393,-50
walk_02,walk_cross_link,RX01,47.890261,2394,-50
walk_02,walk_cross_link,RX01,47.910227,2395,-50
walk_02,walk_cross_link,RX01,47.935455,2396,-50
walk_02,walk_cross_link,RX01,47.950234,2397,-50
walk_02,walk_cross_link,RX01,47.970258,2398,-50
walk_02,walk_cross_link,RX01,47.991023,2399,-50
walk_02,walk_cross_link,RX01,48.010251,2400,-50
walk_02,walk_cross_link,RX01,48.030234,2401,-50
walk_02,walk_cross_link,RX01,48.052124,2402,-50
walk_02,walk_cross_link,RX01,48.073633,2403,-50
walk_02,walk_cross_link,RX01,48.092569,2404,-50
walk_02,walk_cross_link,RX01,48.110528,2405,-50
walk_02,walk_cross_link,RX01,48.130362,2406,-50
walk_02,walk_cross_link,RX01,48.154544,2407,-50
walk_02,walk_cross_link,RX01,48.175866,2408,-50
walk_02,walk_cross_link,RX01,48.190228,2409,-50
walk_02,walk_cross_link,RX01,48.210227,2410,-50
walk_02,walk_cross_link,RX01,48.230221,2411,-50
walk_02,walk_cross_link,RX01,48.250228,2412,-50
walk_02,walk_cross_link,RX01,48.270406,2413,-50
walk_02,walk_cross_link,RX01,48.293763,2414,-50
walk_02,walk_cross_link,RX01,48.311581,2415,-50
walk_02,walk_cross_link,RX01,48.330232,2416,-50
walk_02,walk_cross_link,RX01,48.350382,2417,-50
walk_02,walk_cross_link,RX01,48.370599,2418,-50
walk_02,walk_cross_link,RX01,48.390529,2419,-50
walk_02,walk_cross_link,RX01,48.410218,2420,-49
walk_02,walk_cross_link,RX01,48.431656,2421,-50
walk_02,walk_cross_link,RX01,48.450664,2422,-50
walk_02,walk_cross_link,RX01,48.475607,2423,-50
walk_02,walk_cross_link,RX01,48.492002,2424,-50
walk_02,walk_cross_link,RX01,48.512522,2425,-49
walk_02,walk_cross_link,RX01,48.530229,2426,-50
walk_02,walk_cross_link,RX01,48.551104,2427,-50
walk_02,walk_cross_link,RX01,48.595217,2429,-50
walk_02,walk_cross_link,RX01,48.614944,2430,-50
walk_02,walk_cross_link,RX01,48.630191,2431,-50
walk_02,walk_cross_link,RX01,48.652274,2432,-50
walk_02,walk_cross_link,RX01,48.6708,2433,-50
walk_02,walk_cross_link,RX01,48.690282,2434,-51
walk_02,walk_cross_link,RX01,48.713005,2435,-51
walk_02,walk_cross_link,RX01,48.730203,2436,-51
walk_02,walk_cross_link,RX01,48.752178,2437,-51
walk_02,walk_cross_link,RX01,48.770202,2438,-50
walk_02,walk_cross_link,RX01,48.79027,2439,-50
walk_02,walk_cross_link,RX01,48.813281,2440,-50
walk_02,walk_cross_link,RX01,48.830259,2441,-50
walk_02,walk_cross_link,RX01,48.857074,2442,-50
walk_02,walk_cross_link,RX01,48.871346,2443,-50
walk_02,walk_cross_link,RX01,48.892821,2444,-50
walk_02,walk_cross_link,RX01,48.910415,2445,-50
walk_02,walk_cross_link,RX01,48.930202,2446,-50
walk_02,walk_cross_link,RX01,48.950194,2447,-50
walk_02,walk_cross_link,RX01,48.973929,2448,-50
walk_02,walk_cross_link,RX01,48.990454,2449,-50
walk_02,walk_cross_link,RX01,49.010698,2450,-50
walk_02,walk_cross_link,RX01,49.031355,2451,-49
walk_02,walk_cross_link,RX01,49.052166,2452,-50
walk_02,walk_cross_link,RX01,49.070775,2453,-50
walk_02,walk_cross_link,RX01,49.090199,2454,-50
walk_02,walk_cross_link,RX01,49.113077,2455,-49
walk_02,walk_cross_link,RX01,49.132581,2456,-50
walk_02,walk_cross_link,RX01,49.156424,2457,-50
walk_02,walk_cross_link,RX01,49.170192,2458,-50
walk_02,walk_cross_link,RX01,49.190195,2459,-50
walk_02,walk_cross_link,RX01,49.213939,2460,-49
walk_02,walk_cross_link,RX01,49.230179,2461,-50
walk_02,walk_cross_link,RX01,49.251062,2462,-50
walk_02,walk_cross_link,RX01,49.270202,2463,-50
walk_02,walk_cross_link,RX01,49.292113,2464,-50
walk_02,walk_cross_link,RX01,49.315589,2465,-50
walk_02,walk_cross_link,RX01,49.33171,2466,-50
walk_02,walk_cross_link,RX01,49.350591,2467,-50
walk_02,walk_cross_link,RX01,49.37233,2468,-50
walk_02,walk_cross_link,RX01,49.394484,2469,-50
walk_02,walk_cross_link,RX01,49.410189,2470,-50
walk_02,walk_cross_link,RX01,49.430168,2471,-50
walk_02,walk_cross_link,RX01,49.450195,2472,-50
walk_02,walk_cross_link,RX01,49.470674,2473,-50
walk_02,walk_cross_link,RX01,49.490194,2474,-49
walk_02,walk_cross_link,RX01,49.511096,2475,-50
walk_02,walk_cross_link,RX01,49.533553,2476,-50
walk_02,walk_cross_link,RX01,49.550186,2477,-50
walk_02,walk_cross_link,RX01,49.571498,2478,-50
walk_02,walk_cross_link,RX01,49.592133,2479,-50
walk_02,walk_cross_link,RX01,49.611504,2480,-50
walk_02,walk_cross_link,RX01,49.630178,2481,-50
walk_02,walk_cross_link,RX01,49.65018,2482,-50
walk_02,walk_cross_link,RX01,49.674675,2483,-50
walk_02,walk_cross_link,RX01,49.690528,2484,-50
walk_02,walk_cross_link,RX01,49.711859,2485,-50
walk_02,walk_cross_link,RX01,49.732171,2486,-50
walk_02,walk_cross_link,RX01,49.750169,2487,-50
walk_02,walk_cross_link,RX01,49.770182,2488,-50
walk_02,walk_cross_link,RX01,49.792975,2489,-50
walk_02,walk_cross_link,RX01,49.813104,2490,-49
walk_02,walk_cross_link,RX01,49.83047,2491,-50
walk_02,walk_cross_link,RX01,49.8513,2492,-49
walk_02,walk_cross_link,RX01,49.870474,2493,-50
walk_02,walk_cross_link,RX01,49.891654,2494,-50
walk_02,walk_cross_link,RX01,49.910526,2495,-50
walk_02,walk_cross_link,RX01,49.930566,2496,-50
walk_02,walk_cross_link,RX01,49.950259,2497,-50
walk_02,walk_cross_link,RX01,49.971156,2498,-49
walk_02,walk_cross_link,RX01,49.990164,2499,-49
walk_02,walk_cross_link,RX02,10.005236,500,-53
walk_02,walk_cross_link,RX02,10.025238,501,-54
walk_02,walk_cross_link,RX02,10.045234,502,-54
walk_02,walk_cross_link,RX02,10.067589,503,-53
walk_02,walk_cross_link,RX02,10.085356,504,-53
walk_02,walk_cross_link,RX02,10.109923,505,-54
walk_02,walk_cross_link,RX02,10.129408,506,-54
walk_02,walk_cross_link,RX02,10.145232,507,-54
walk_02,walk_cross_link,RX02,10.170005,508,-54
walk_02,walk_cross_link,RX02,10.192147,509,-54
walk_02,walk_cross_link,RX02,10.205377,510,-54
walk_02,walk_cross_link,RX02,10.228809,511,-54
walk_02,walk_cross_link,RX02,10.245251,512,-54
walk_02,walk_cross_link,RX02,10.272393,513,-54
walk_02,walk_cross_link,RX02,10.287827,514,-54
walk_02,walk_cross_link,RX02,10.309085,515,-53
walk_02,walk_cross_link,RX02,10.32523,516,-53
walk_02,walk_cross_link,RX02,10.345237,517,-54
walk_02,walk_cross_link,RX02,10.365772,518,-54
walk_02,walk_cross_link,RX02,10.385225,519,-53
walk_02,walk_cross_link,RX02,10.40523,520,-53
walk_02,walk_cross_link,RX02,10.425301,521,-53
walk_02,walk_cross_link,RX02,10.445242,522,-55
walk_02,walk_cross_link,RX02,10.465201,523,-53
walk_02,walk_cross_link,RX02,10.48525,524,-54
walk_02,walk_cross_link,RX02,10.505204,525,-53
walk_02,walk_cross_link,RX02,10.528414,526,-53
walk_02,walk_cross_link,RX02,10.545236,527,-53
walk_02,walk_cross_link,RX02,10.567658,528,-53
walk_02,walk_cross_link,RX02,10.58523,529,-53
walk_02,walk_cross_link,RX02,10.605226,530,-55
walk_02,walk_cross_link,RX02,10.630819,531,-53
walk_02,walk_cross_link,RX02,10.645368,532,-54
walk_02,walk_cross_link,RX02,10.665331,533,-54
walk_02,walk_cross_link,RX02,10.685681,534,-53
walk_02,walk_cross_link,RX02,10.707508,535,-53
walk_02,walk_cross_link,RX02,10.725235,536,-54
walk_02,walk_cross_link,RX02,10.747326,537,-54
walk_02,walk_cross_link,RX02,10.765246,538,-54
walk_02,walk_cross_link,RX02,10.785197,539,-54
walk_02,walk_cross_link,RX02,10.80656,540,-54
walk_02,walk_cross_link,RX02,10.825221,541,-54
walk_02,walk_cross_link,RX02,10.848979,542,-54
walk_02,walk_cross_link,RX02,10.866329,543,-54
walk_02,walk_cross_link,RX02,10.885415,544,-52
walk_02,walk_cross_link,RX02,10.905259,545,-54
walk_02,walk_cross_link,RX02,10.9276,546,-53
walk_02,walk_cross_link,RX02,10.947302,547,-54
walk_02,walk_cross_link,RX02,10.965247,548,-54
walk_02,walk_cross_link,RX02,10.989198,549,-54
walk_02,walk_cross_link,RX02,11.00523,550,-53
walk_02,walk_cross_link,RX02,11.026255,551,-53
walk_02,walk_cross_link,RX02,11.045408,552,-54
walk_02,walk_cross_link,RX02,11.065201,553,-53
walk_02,walk_cross_link,RX02,11.085226,554,-53
walk_02,walk_cross_link,RX02,11.105223,555,-53
walk_02,walk_cross_link,RX02,11.126992,556,-54
walk_02,walk_cross_link,RX02,11.145194,557,-55
walk_02,walk_cross_link,RX02,11.165212,558,-55
walk_02,walk_cross_link,RX02,11.185706,559,-53
walk_02,walk_cross_link,RX02,11.205284,560,-53
walk_02,walk_cross_link,RX02,11.225219,561,-54
walk_02,walk_cross_link,RX02,11.245343,562,-53
walk_02,walk_cross_link,RX02,11.265198,563,-54
walk_02,walk_cross_link,RX02,11.289402,564,-54
walk_02,walk_cross_link,RX02,11.305211,565,-54
walk_02,walk_cross_link,RX02,11.327288,566,-53
walk_02,walk_cross_link,RX02,11.365223,568,-54
walk_02,walk_cross_link,RX02,11.385324,569,-54
walk_02,walk_cross_link,RX02,11.406657,570,-54
walk_02,walk_cross_link,RX02,11.426565,571,-53
walk_02,walk_cross_link,RX02,11.450006,572,-53
walk_02,walk_cross_link,RX02,11.466824,573,-55
walk_02,walk_cross_link,RX02,11.485251,574,-53
walk_02,walk_cross_link,RX02,11.507355,575,-53
walk_02,walk_cross_link,RX02,11.526721,576,-55
walk_02,walk_cross_link,RX02,11.545193,577,-55
walk_02,walk_cross_link,RX02,11.565393,578,-55
walk_02,walk_cross_link,RX02,11.585216,579,-55
walk_02,walk_cross_link,RX02,11.605432,580,-56
walk_02,walk_cross_link,RX02,11.62578,581,-55
walk_02,walk_cross_link,RX02,11.647886,582,-54
walk_02,walk_cross_link,RX02,11.66522,583,-54
walk_02,walk_cross_link,RX02,11.685212,584,-55
walk_02,walk_cross_link,RX02,11.706038,585,-53
walk_02,walk_cross_link,RX02,11.731514,586,-54
walk_02,walk_cross_link,RX02,11.745203,587,-54
walk_02,walk_cross_link,RX02,11.765191,588,-54
walk_02,walk_cross_link,RX02,11.78521,589,-54
walk_02,walk_cross_link,RX02,11.808429,590,-53
walk_02,walk_cross_link,RX02,11.833932,591,-53
walk_02,walk_cross_link,RX02,11.845286,592,-54
walk_02,walk_cross_link,RX02,11.865197,593,-54
walk_02,walk_cross_link,RX02,11.885193,594,-54
walk_02,walk_cross_link,RX02,11.905179,595,-53
walk_02,walk_cross_link,RX02,11.925215,596,-54
walk_02,walk_cross_link,RX02,11.946225,597,-53
walk_02,walk_cross_link,RX02,11.96751,598,-55
walk_02,walk_cross_link,RX02,11.985196,599,-53
walk_02,walk_cross_link,RX02,12.006612,600,-54
walk_02,walk_cross_link,RX02,12.029848,601,-53
walk_02,walk_cross_link,RX02,12.045436,602,-54
walk_02,walk_cross_link,RX02,12.065212,603,-54
walk_02,walk_cross_link,RX02,12.085202,604,-54
walk_02,walk_cross_link,RX02,12.105556,605,-54
walk_02,walk_cross_link,RX02,12.125208,606,-54
walk_02,walk_cross_link,RX02,12.145214,607,-54
walk_02,walk_cross_link,RX02,12.166823,608,-54
walk_02,walk_cross_link,RX02,12.185198,609,-54
walk_02,walk_cross_link,RX02,12.205206,610,-53
walk_02,walk_cross_link,RX02,12.225372,611,-54
walk_02,walk_cross_link,RX02,12.245638,612,-53
walk_02,walk_cross_link,RX02,12.269228,613,-53
walk_02,walk_cross_link,RX02,12.285206,614,-53
walk_02,walk_cross_link,RX02,12.305191,615,-54
walk_02,walk_cross_link,RX02,12.325207,616,-53
walk_02,walk_cross_link,RX02,12.345931,617,-54
walk_02,walk_cross_link,RX02,12.365577,618,-54
walk_02,walk_cross_link,RX02,12.385178,619,-54
walk_02,walk_cross_link,RX02,12.406788,620,-54
walk_02,walk_cross_link,RX02,12.425554,621,-55
walk_02,walk_cross_link,RX02,12.448319,622,-54
walk_02,walk_cross_link,RX02,12.467925,623,-54
walk_02,walk_cross_link,RX02,12.485333,624,-54
walk_02,walk_cross_link,RX02,12.505184,625,-54
walk_02,walk_cross_link,RX02,12.525221,626,-55
walk_02,walk_cross_link,RX02,12.552837,627,-53
walk_02,walk_cross_link,RX02,12.565323,628,-54
walk_02,walk_cross_link,RX02,12.585189,629,-54
walk_02,walk_cross_link,RX02,12.606768,630,-54
walk_02,walk_cross_link,RX02,12.627644,631,-53
walk_02,walk_cross_link,RX02,12.645192,632,-54
walk_02,walk_cross_link,RX02,12.665178,633,-54
walk_02,walk_cross_link,RX02,12.685579,634,-53
walk_02,walk_cross_link,RX02,12.705218,635,-54
walk_02,walk_cross_link,RX02,12.727826,636,-54
walk_02,walk_cross_link,RX02,12.745187,637,-54
walk_02,walk_cross_link,RX02,12.765449,638,-54
walk_02,walk_cross_link,RX02,12.787296,639,-54
walk_02,walk_cross_link,RX02,12.805176,640,-54
walk_02,walk_cross_link,RX02,12.825185,641,-54
walk_02,walk_cross_link,RX02,12.849797,642,-54
walk_02,walk_cross_link,RX02,12.865615,643,-54
walk_02,walk_cross_link,RX02,12.885177,644,-54
walk_02,walk_cross_link,RX02,12.905182,645,-54
walk_02,walk_cross_link,RX02,12.925659,646,-53
walk_02,walk_cross_link,RX02,12.945197,647,-53
walk_02,walk_cross_link,RX02,12.965196,648,-53
walk_02,walk_cross_link,RX02,12.986043,649,-53
walk_02,walk_cross_link,RX02,13.005199,650,-54
walk_02,walk_cross_link,RX02,13.029623,651,-54
walk_02,walk_cross_link,RX02,13.045175,652,-54
walk_02,walk_cross_link,RX02,13.065165,653,-53
walk_02,walk_cross_link,RX02,13.088448,654,-54
walk_02,walk_cross_link,RX02,13.105167,655,-54
walk_02,walk_cross_link,RX02,13.1299,656,-54
walk_02,walk_cross_link,RX02,13.145186,657,-54
walk_02,walk_cross_link,RX02,13.167761,658,-54
walk_02,walk_cross_link,RX02,13.190873,659,-54
walk_02,walk_cross_link,RX02,13.205175,660,-54
walk_02,walk_cross_link,RX02,13.226014,661,-54
walk_02,walk_cross_link,RX02,13.247805,662,-54
walk_02,walk_cross_link,RX02,13.265862,663,-54
walk_02,walk_cross_link,RX02,13.285178,664,-53
walk_02,walk_cross_link,RX02,13.306062,665,-54
walk_02,walk_cross_link,RX02,13.32517,666,-54
walk_02,walk_cross_link,RX02,13.347306,667,-54
walk_02,walk_cross_link,RX02,13.365169,668,-54
walk_02,walk_cross_link,RX02,13.387166,669,-54
walk_02,walk_cross_link,RX02,13.406252,670,-54
walk_02,walk_cross_link,RX02,13.426366,671,-54
walk_02,walk_cross_link,RX02,13.465433,673,-54
walk_02,walk_cross_link,RX02,13.487115,674,-53
walk_02,walk_cross_link,RX02,13.507777,675,-54
walk_02,walk_cross_link,RX02,13.525187,676,-55
walk_02,walk_cross_link,RX02,13.549242,677,-54
walk_02,walk_cross_link,RX02,13.567248,678,-54
walk_02,walk_cross_link,RX02,13.585556,679,-55
walk_02,walk_cross_link,RX02,13.607723,680,-54
walk_02,walk_cross_link,RX02,13.625156,681,-55
walk_02,walk_cross_link,RX02,13.645182,682,-54
walk_02,walk_cross_link,RX02,13.665352,683,-54
walk_02,walk_cross_link,RX02,13.687051,684,-55
walk_02,walk_cross_link,RX02,13.710048,685,-53
walk_02,walk_cross_link,RX02,13.725942,686,-54
walk_02,walk_cross_link,RX02,13.746162,687,-53
walk_02,walk_cross_link,RX02,13.767767,688,-53
walk_02,walk_cross_link,RX02,13.786306,689,-54
walk_02,walk_cross_link,RX02,13.805175,690,-55
walk_02,walk_cross_link,RX02,13.826746,691,-53
walk_02,walk_cross_link,RX02,13.84526,692,-53
walk_02,walk_cross_link,RX02,13.865151,693,-55
walk_02,walk_cross_link,RX02,13.885275,694,-53
walk_02,walk_cross_link,RX02,13.907664,695,-54
walk_02,walk_cross_link,RX02,13.927525,696,-55
walk_02,walk_cross_link,RX02,13.945163,697,-55
walk_02,walk_cross_link,RX02,13.965176,698,-53
walk_02,walk_cross_link,RX02,13.986988,699,-53
walk_02,walk_cross_link,RX02,14.010067,700,-53
walk_02,walk_cross_link,RX02,14.02519,701,-54
walk_02,walk_cross_link,RX02,14.045229,702,-54
walk_02,walk_cross_link,RX02,14.065654,703,-54
walk_02,walk_cross_link,RX02,14.085578,704,-55
walk_02,walk_cross_link,RX02,14.112466,705,-55
walk_02,walk_cross_link,RX02,14.125186,706,-54
walk_02,walk_cross_link,RX02,14.145147,707,-55
walk_02,walk_cross_link,RX02,14.174185,708,-53
walk_02,walk_cross_link,RX02,14.188743,709,-54
walk_02,walk_cross_link,RX02,14.207757,710,-54
walk_02,walk_cross_link,RX02,14.239141,711,-51
walk_02,walk_cross_link,RX02,14.246033,712,-55
walk_02,walk_cross_link,RX02,14.266046,713,-54
walk_02,walk_cross_link,RX02,14.288221,714,-53
walk_02,walk_cross_link,RX02,14.309862,715,-54
walk_02,walk_cross_link,RX02,14.339195,716,-54
walk_02,walk_cross_link,RX02,14.347694,717,-54
walk_02,walk_cross_link,RX02,14.388608,719,-54
walk_02,walk_cross_link,RX02,14.408251,720,-54
walk_02,walk_cross_link,RX02,14.436707,721,-53
walk_02,walk_cross_link,RX02,14.445168,722,-54
walk_02,walk_cross_link,RX02,14.465146,723,-54
walk_02,walk_cross_link,RX02,14.489125,724,-54
walk_02,walk_cross_link,RX02,14.506273,725,-54
walk_02,walk_cross_link,RX02,14.525272,726,-54
walk_02,walk_cross_link,RX02,14.545156,727,-53
walk_02,walk_cross_link,RX02,14.565155,728,-54
walk_02,walk_cross_link,RX02,14.598631,729,-53
walk_02,walk_cross_link,RX02,14.624605,730,-54
walk_02,walk_cross_link,RX02,14.625661,731,-54
walk_02,walk_cross_link,RX02,14.649264,732,-54
walk_02,walk_cross_link,RX02,14.665355,733,-54
walk_02,walk_cross_link,RX02,14.689564,734,-54
walk_02,walk_cross_link,RX02,14.707977,735,-54
walk_02,walk_cross_link,RX02,14.726877,736,-54
walk_02,walk_cross_link,RX02,14.751799,737,-53
walk_02,walk_cross_link,RX02,14.767401,738,-53
walk_02,walk_cross_link,RX02,14.785459,739,-54
walk_02,walk_cross_link,RX02,14.807045,740,-54
walk_02,walk_cross_link,RX02,14.832573,741,-54
walk_02,walk_cross_link,RX02,14.846275,742,-54
walk_02,walk_cross_link,RX02,14.867402,743,-54
walk_02,walk_cross_link,RX02,14.885314,744,-54
walk_02,walk_cross_link,RX02,14.911964,745,-54
walk_02,walk_cross_link,RX02,14.925834,746,-54
walk_02,walk_cross_link,RX02,14.947034,747,-53
walk_02,walk_cross_link,RX02,14.973311,748,-54
walk_02,walk_cross_link,RX02,14.990092,749,-53
walk_02,walk_cross_link,RX02,15.010446,750,-53
walk_02,walk_cross_link,RX02,15.031609,751,-55
walk_02,walk_cross_link,RX02,15.046493,752,-54
walk_02,walk_cross_link,RX02,15.071759,753,-55
walk_02,walk_cross_link,RX02,15.087485,754,-53
walk_02,walk_cross_link,RX02,15.107866,755,-55
walk_02,walk_cross_link,RX02,15.129191,756,-54
walk_02,walk_cross_link,RX02,15.145545,757,-55
walk_02,walk_cross_link,RX02,15.188295,759,-54
walk_02,walk_cross_link,RX02,15.214252,760,-55
walk_02,walk_cross_link,RX02,15.227487,761,-54
walk_02,walk_cross_link,RX02,15.247744,762,-55
walk_02,walk_cross_link,RX02,15.265582,763,-54
walk_02,walk_cross_link,RX02,15.290706,764,-54
walk_02,walk_cross_link,RX02,15.30545,765,-53
walk_02,walk_cross_link,RX02,15.32773,766,-53
walk_02,walk_cross_link,RX02,15.357509,767,-54
walk_02,walk_cross_link,RX02,15.380326,768,-55
walk_02,walk_cross_link,RX02,15.394327,769,-53
walk_02,walk_cross_link,RX02,15.407308,770,-53
walk_02,walk_cross_link,RX02,15.426573,771,-51
walk_02,walk_cross_link,RX02,15.451655,772,-54
walk_02,walk_cross_link,RX02,15.465332,773,-54
walk_02,walk_cross_link,RX02,15.485567,774,-54
walk_02,walk_cross_link,RX02,15.507568,775,-53
walk_02,walk_cross_link,RX02,15.531138,776,-53
walk_02,walk_cross_link,RX02,15.547319,777,-53
walk_02,walk_cross_link,RX02,15.567594,778,-55
walk_02,walk_cross_link,RX02,15.585451,779,-53
walk_02,walk_cross_link,RX02,15.605331,780,-53
walk_02,walk_cross_link,RX02,15.626455,781,-53
walk_02,walk_cross_link,RX02,15.646724,782,-54
walk_02,walk_cross_link,RX02,15.666748,783,-54
walk_02,walk_cross_link,RX02,15.685302,784,-54
walk_02,walk_cross_link,RX02,15.705343,785,-54
walk_02,walk_cross_link,RX02,15.727287,786,-54
walk_02,walk_cross_link,RX02,15.750903,787,-54
walk_02,walk_cross_link,RX02,15.76716,788,-54
walk_02,walk_cross_link,RX02,15.790554,789,-55
walk_02,walk_cross_link,RX02,15.805619,790,-55
walk_02,walk_cross_link,RX02,15.831165,791,-56
walk_02,walk_cross_link,RX02,15.847662,792,-55
walk_02,walk_cross_link,RX02,15.865361,793,-55
walk_02,walk_cross_link,RX02,15.888213,794,-55
walk_02,walk_cross_link,RX02,15.907549,795,-54
walk_02,walk_cross_link,RX02,15.971466,798,-54
walk_02,walk_cross_link,RX02,15.999189,799,-54
walk_02,walk_cross_link,RX02,16.02445,800,-54
walk_02,walk_cross_link,RX02,16.043732,801,-54
walk_02,walk_cross_link,RX02,16.06238,802,-53
walk_02,walk_cross_link,RX02,16.075346,803,-54
walk_02,walk_cross_link,RX02,16.085334,804,-54
walk_02,walk_cross_link,RX02,16.111425,805,-53
walk_02,walk_cross_link,RX02,16.12789,806,-54
walk_02,walk_cross_link,RX02,16.150141,807,-53
walk_02,walk_cross_link,RX02,16.178435,808,-53
walk_02,walk_cross_link,RX02,16.194509,809,-53
walk_02,walk_cross_link,RX02,16.206799,810,-53
walk_02,walk_cross_link,RX02,16.225359,811,-53
walk_02,walk_cross_link,RX02,16.247102,812,-53
walk_02,walk_cross_link,RX02,16.265305,813,-53
walk_02,walk_cross_link,RX02,16.285317,814,-53
walk_02,walk_cross_link,RX02,16.305302,815,-52
walk_02,walk_cross_link,RX02,16.32633,816,-53
walk_02,walk_cross_link,RX02,16.345554,817,-53
walk_02,walk_cross_link,RX02,16.367782,818,-53
walk_02,walk_cross_link,RX02,16.386785,819,-53
walk_02,walk_cross_link,RX02,16.405877,820,-53
walk_02,walk_cross_link,RX02,16.429247,821,-53
walk_02,walk_cross_link,RX02,16.470879,822,-54
walk_02,walk_cross_link,RX02,16.474766,823,-54
walk_02,walk_cross_link,RX02,16.491614,824,-54
walk_02,walk_cross_link,RX02,16.512864,825,-54
walk_02,walk_cross_link,RX02,16.532213,826,-53
walk_02,walk_cross_link,RX02,16.569643,827,-54
walk_02,walk_cross_link,RX02,16.573632,828,-54
walk_02,walk_cross_link,RX02,16.594003,829,-54
walk_02,walk_cross_link,RX02,16.623841,830,-53
walk_02,walk_cross_link,RX02,16.633671,831,-53
walk_02,walk_cross_link,RX02,16.651619,832,-53
walk_02,walk_cross_link,RX02,16.682892,833,-53
walk_02,walk_cross_link,RX02,16.694808,834,-53
walk_02,walk_cross_link,RX02,16.711924,835,-53
walk_02,walk_cross_link,RX02,16.731595,836,-53
walk_02,walk_cross_link,RX02,16.755589,837,-50
walk_02,walk_cross_link,RX02,16.80035,839,-53
walk_02,walk_cross_link,RX02,16.818542,840,-53
walk_02,walk_cross_link,RX02,16.835124,841,-53
walk_02,walk_cross_link,RX02,16.853706,842,-54
walk_02,walk_cross_link,RX02,16.871632,843,-54
walk_02,walk_cross_link,RX02,16.895949,844,-54
walk_02,walk_cross_link,RX02,16.912519,845,-54
walk_02,walk_cross_link,RX02,16.953988,847,-55
walk_02,walk_cross_link,RX02,16.971595,848,-55
walk_02,walk_cross_link,RX02,16.995201,849,-56
walk_02,walk_cross_link,RX02,17.011606,850,-57
walk_02,walk_cross_link,RX02,17.031605,851,-58
walk_02,walk_cross_link,RX02,17.058521,852,-58
walk_02,walk_cross_link,RX02,17.073896,853,-58
walk_02,walk_cross_link,RX02,17.092345,854,-58
walk_02,walk_cross_link,RX02,17.112834,855,-57
walk_02,walk_cross_link,RX02,17.13349,856,-57
walk_02,walk_cross_link,RX02,17.151603,857,-57
walk_02,walk_cross_link,RX02,17.171583,858,-57
walk_02,walk_cross_link,RX02,17.191587,859,-57
walk_02,walk_cross_link,RX02,17.211604,860,-57
walk_02,walk_cross_link,RX02,17.235721,861,-56
walk_02,walk_cross_link,RX02,17.2516,862,-56
walk_02,walk_cross_link,RX02,17.271585,863,-56
walk_02,walk_cross_link,RX02,17.292095,864,-56
walk_02,walk_cross_link,RX02,17.311594,865,-56
walk_02,walk_cross_link,RX02,17.331608,866,-57
walk_02,walk_cross_link,RX02,17.351647,867,-57
walk_02,walk_cross_link,RX02,17.373888,868,-57
walk_02,walk_cross_link,RX02,17.393297,869,-57
walk_02,walk_cross_link,RX02,17.411595,870,-57
walk_02,walk_cross_link,RX02,17.433459,871,-57
walk_02,walk_cross_link,RX02,17.451713,872,-58
walk_02,walk_cross_link,RX02,17.471598,873,-58
walk_02,walk_cross_link,RX02,17.491593,874,-58
walk_02,walk_cross_link,RX02,17.511585,875,-59
walk_02,walk_cross_link,RX02,17.531604,876,-59
walk_02,walk_cross_link,RX02,17.551609,877,-60
walk_02,walk_cross_link,RX02,17.574006,878,-60
walk_02,walk_cross_link,RX02,17.594122,879,-60
walk_02,walk_cross_link,RX02,17.611578,880,-60
walk_02,walk_cross_link,RX02,17.631581,881,-60
walk_02,walk_cross_link,RX02,17.65434,882,-59
walk_02,walk_cross_link,RX02,17.672897,883,-59
walk_02,walk_cross_link,RX02,17.696544,884,-59
walk_02,walk_cross_link,RX02,17.711618,885,-58
walk_02,walk_cross_link,RX02,17.731728,886,-58
walk_02,walk_cross_link,RX02,17.75183,887,-58
walk_02,walk_cross_link,RX02,17.775309,888,-58
walk_02,walk_cross_link,RX02,17.79892,889,-57
walk_02,walk_cross_link,RX02,17.813531,890,-57
walk_02,walk_cross_link,RX02,17.83158,891,-57
walk_02,walk_cross_link,RX02,17.852308,892,-57
walk_02,walk_cross_link,RX02,17.877712,893,-57
walk_02,walk_cross_link,RX02,17.891692,894,-57
walk_02,walk_cross_link,RX02,17.911594,895,-56
walk_02,walk_cross_link,RX02,17.931756,896,-57
walk_02,walk_cross_link,RX02,17.951941,897,-56
walk_02,walk_cross_link,RX02,17.978019,898,-56
walk_02,walk_cross_link,RX02,17.991695,899,-56
walk_02,walk_cross_link,RX02,18.011593,900,-56
walk_02,walk_cross_link,RX02,18.031576,901,-56
walk_02,walk_cross_link,RX02,18.052575,902,-56
walk_02,walk_cross_link,RX02,18.072028,903,-56
walk_02,walk_cross_link,RX02,18.091594,904,-58
walk_02,walk_cross_link,RX02,18.112779,905,-56
walk_02,walk_cross_link,RX02,18.13687,906,-56
walk_02,walk_cross_link,RX02,18.154976,907,-56
walk_02,walk_cross_link,RX02,18.171586,908,-56
walk_02,walk_cross_link,RX02,18.192781,909,-56
walk_02,walk_cross_link,RX02,18.211591,910,-57
walk_02,walk_cross_link,RX02,18.231577,911,-56
walk_02,walk_cross_link,RX02,18.251561,912,-56
walk_02,walk_cross_link,RX02,18.272838,913,-56
walk_02,walk_cross_link,RX02,18.295582,914,-56
walk_02,walk_cross_link,RX02,18.311579,915,-57
walk_02,walk_cross_link,RX02,18.331573,916,-56
walk_02,walk_cross_link,RX02,18.351908,917,-56
walk_02,walk_cross_link,RX02,18.372848,918,-57
walk_02,walk_cross_link,RX02,18.3919,919,-57
walk_02,walk_cross_link,RX02,18.413335,920,-57
walk_02,walk_cross_link,RX02,18.431577,921,-57
walk_02,walk_cross_link,RX02,18.471587,923,-57
walk_02,walk_cross_link,RX02,18.492925,924,-57
walk_02,walk_cross_link,RX02,18.515727,925,-58
walk_02,walk_cross_link,RX02,18.531583,926,-58
walk_02,walk_cross_link,RX02,18.556519,927,-59
walk_02,walk_cross_link,RX02,18.571574,928,-59
walk_02,walk_cross_link,RX02,18.592232,929,-59
walk_02,walk_cross_link,RX02,18.632876,931,-56
walk_02,walk_cross_link,RX02,18.653339,932,-55
walk_02,walk_cross_link,RX02,18.676343,933,-54
walk_02,walk_cross_link,RX02,18.692138,934,-55
walk_02,walk_cross_link,RX02,18.711597,935,-54
walk_02,walk_cross_link,RX02,18.734041,936,-55
walk_02,walk_cross_link,RX02,18.751586,937,-57
walk_02,walk_cross_link,RX02,18.771736,938,-56
walk_02,walk_cross_link,RX02,18.793875,939,-57
walk_02,walk_cross_link,RX02,18.814617,940,-56
walk_02,walk_cross_link,RX02,18.831562,941,-56
walk_02,walk_cross_link,RX02,18.853971,942,-57
walk_02,walk_cross_link,RX02,18.891569,944,-56
walk_02,walk_cross_link,RX02,18.911558,945,-56
walk_02,walk_cross_link,RX02,18.931575,946,-56
walk_02,walk_cross_link,RX02,18.95159,947,-56
walk_02,walk_cross_link,RX02,18.976557,948,-56
walk_02,walk_cross_link,RX02,18.992943,949,-56
walk_02,walk_cross_link,RX02,19.011981,950,-57
walk_02,walk_cross_link,RX02,19.038332,951,-56
walk_02,walk_cross_link,RX02,19.051544,952,-57
walk_02,walk_cross_link,RX02,19.071571,953,-57
walk_02,walk_cross_link,RX02,19.095708,954,-58
walk_02,walk_cross_link,RX02,19.114224,955,-59
walk_02,walk_cross_link,RX02,19.134005,956,-61
walk_02,walk_cross_link,RX02,19.151621,957,-62
walk_02,walk_cross_link,RX02,19.172838,958,-62
walk_02,walk_cross_link,RX02,19.192843,959,-59
walk_02,walk_cross_link,RX02,19.211681,960,-56
walk_02,walk_cross_link,RX02,19.231565,961,-55
walk_02,walk_cross_link,RX02,19.251566,962,-54
walk_02,walk_cross_link,RX02,19.27589,963,-54
walk_02,walk_cross_link,RX02,19.291534,964,-55
walk_02,walk_cross_link,RX02,19.314364,965,-54
walk_02,walk_cross_link,RX02,19.335002,966,-55
walk_02,walk_cross_link,RX02,19.353901,967,-54
walk_02,walk_cross_link,RX02,19.371565,968,-54
walk_02,walk_cross_link,RX02,19.39157,969,-54
walk_02,walk_cross_link,RX02,19.416983,970,-54
walk_02,walk_cross_link,RX02,19.431881,971,-53
walk_02,walk_cross_link,RX02,19.454484,972,-54
walk_02,walk_cross_link,RX02,19.472549,973,-54
walk_02,walk_cross_link,RX02,19.49379,974,-54
walk_02,walk_cross_link,RX02,19.513547,975,-53
walk_02,walk_cross_link,RX02,19.533336,976,-53
walk_02,walk_cross_link,RX02,19.551546,977,-54
walk_02,walk_cross_link,RX02,19.571537,978,-55
walk_02,walk_cross_link,RX02,19.593329,979,-54
walk_02,walk_cross_link,RX02,19.613088,980,-54
walk_02,walk_cross_link,RX02,19.631551,981,-53
walk_02,walk_cross_link,RX02,19.652755,982,-55
walk_02,walk_cross_link,RX02,19.671567,983,-54
walk_02,walk_cross_link,RX02,19.693325,984,-55
walk_02,walk_cross_link,RX02,19.719667,985,-55
walk_02,walk_cross_link,RX02,19.731813,986,-54
walk_02,walk_cross_link,RX02,19.753044,987,-54
walk_02,walk_cross_link,RX02,19.776601,988,-54
walk_02,walk_cross_link,RX02,19.791702,989,-54
walk_02,walk_cross_link,RX02,19.831556,991,-55
walk_02,walk_cross_link,RX02,19.852697,992,-54
walk_02,walk_cross_link,RX02,19.871552,993,-55
walk_02,walk_cross_link,RX02,19.89772,994,-54
walk_02,walk_cross_link,RX02,19.912298,995,-54
walk_02,walk_cross_link,RX02,19.933602,996,-54
walk_02,walk_cross_link,RX02,19.956168,997,-54
walk_02,walk_cross_link,RX02,19.971547,998,-54
walk_02,walk_cross_link,RX02,19.991562,999,-54
walk_02,walk_cross_link,RX02,20.011535,1000,-54
walk_02,walk_cross_link,RX02,20.0331,1001,-54
walk_02,walk_cross_link,RX02,20.051767,1002,-56
walk_02,walk_cross_link,RX02,20.071533,1003,-54
walk_02,walk_cross_link,RX02,20.091543,1004,-54
walk_02,walk_cross_link,RX02,20.111678,1005,-54
walk_02,walk_cross_link,RX02,20.134032,1006,-54
walk_02,walk_cross_link,RX02,20.154151,1007,-55
walk_02,walk_cross_link,RX02,20.171678,1008,-54
walk_02,walk_cross_link,RX02,20.196261,1009,-54
walk_02,walk_cross_link,RX02,20.212718,1010,-53
walk_02,walk_cross_link,RX02,20.231561,1011,-55
walk_02,walk_cross_link,RX02,20.256571,1012,-53
walk_02,walk_cross_link,RX02,20.273342,1013,-53
walk_02,walk_cross_link,RX02,20.291775,1014,-53
walk_02,walk_cross_link,RX02,20.311547,1015,-54
walk_02,walk_cross_link,RX02,20.333261,1016,-54
walk_02,walk_cross_link,RX02,20.358954,1017,-54
walk_02,walk_cross_link,RX02,20.372695,1018,-54
walk_02,walk_cross_link,RX02,20.391526,1019,-56
walk_02,walk_cross_link,RX02,20.414516,1020,-54
walk_02,walk_cross_link,RX02,20.435618,1021,-53
walk_02,walk_cross_link,RX02,20.451526,1022,-53
walk_02,walk_cross_link,RX02,20.47154,1023,-54
walk_02,walk_cross_link,RX02,20.491526,1024,-54
walk_02,walk_cross_link,RX02,20.512575,1025,-54
walk_02,walk_cross_link,RX02,20.531551,1026,-54
walk_02,walk_cross_link,RX02,20.551643,1027,-54
walk_02,walk_cross_link,RX02,20.591545,1029,-54
walk_02,walk_cross_link,RX02,20.614979,1030,-53
walk_02,walk_cross_link,RX02,20.632014,1031,-55
walk_02,walk_cross_link,RX02,20.651509,1032,-54
walk_02,walk_cross_link,RX02,20.671541,1033,-55
walk_02,walk_cross_link,RX02,20.691564,1034,-55
walk_02,walk_cross_link,RX02,20.717377,1035,-53
walk_02,walk_cross_link,RX02,20.731533,1036,-55
walk_02,walk_cross_link,RX02,20.751543,1037,-55
walk_02,walk_cross_link,RX02,20.774528,1038,-55
walk_02,walk_cross_link,RX02,20.791697,1039,-55
walk_02,walk_cross_link,RX02,20.811535,1040,-53
walk_02,walk_cross_link,RX02,20.83393,1041,-54
walk_02,walk_cross_link,RX02,20.852757,1042,-54
walk_02,walk_cross_link,RX02,20.873355,1043,-54
walk_02,walk_cross_link,RX02,20.892459,1044,-54
walk_02,walk_cross_link,RX02,20.916261,1045,-54
walk_02,walk_cross_link,RX02,20.931526,1046,-54
walk_02,walk_cross_link,RX02,20.953511,1047,-54
walk_02,walk_cross_link,RX02,20.973998,1048,-53
walk_02,walk_cross_link,RX02,20.991516,1049,-55
walk_02,walk_cross_link,RX02,21.011703,1050,-54
walk_02,walk_cross_link,RX02,21.032511,1051,-55
walk_02,walk_cross_link,RX02,21.054899,1052,-56
walk_02,walk_cross_link,RX02,21.074033,1053,-58
walk_02,walk_cross_link,RX02,21.093089,1054,-60
walk_02,walk_cross_link,RX02,21.111533,1055,-62
walk_02,walk_cross_link,RX02,21.131509,1056,-61
walk_02,walk_cross_link,RX02,21.152462,1057,-60
walk_02,walk_cross_link,RX02,21.178177,1058,-58
walk_02,walk_cross_link,RX02,21.191921,1059,-58
walk_02,walk_cross_link,RX02,21.213402,1060,-57
walk_02,walk_cross_link,RX02,21.23785,1061,-57
walk_02,walk_cross_link,RX02,21.252005,1062,-60
walk_02,walk_cross_link,RX02,21.280601,1063,-57
walk_02,walk_cross_link,RX02,21.291507,1064,-57
walk_02,walk_cross_link,RX02,21.314137,1065,-57
walk_02,walk_cross_link,RX02,21.331769,1066,-57
walk_02,walk_cross_link,RX02,21.371526,1068,-57
walk_02,walk_cross_link,RX02,21.391509,1069,-57
walk_02,walk_cross_link,RX02,21.411517,1070,-58
walk_02,walk_cross_link,RX02,21.43335,1071,-57
walk_02,walk_cross_link,RX02,21.451979,1072,-58
walk_02,walk_cross_link,RX02,21.471898,1073,-58
walk_02,walk_cross_link,RX02,21.493168,1074,-58
walk_02,walk_cross_link,RX02,21.513519,1075,-58
walk_02,walk_cross_link,RX02,21.536593,1076,-58
walk_02,walk_cross_link,RX02,21.551506,1077,-59
walk_02,walk_cross_link,RX02,21.572014,1078,-59
walk_02,walk_cross_link,RX02,21.591631,1079,-59
walk_02,walk_cross_link,RX02,21.611494,1080,-60
walk_02,walk_cross_link,RX02,21.631503,1081,-60
walk_02,walk_cross_link,RX02,21.653147,1082,-61
walk_02,walk_cross_link,RX02,21.676884,1083,-62
walk_02,walk_cross_link,RX02,21.691518,1084,-62
walk_02,walk_cross_link,RX02,21.711504,1085,-62
walk_02,walk_cross_link,RX02,21.732123,1086,-61
walk_02,walk_cross_link,RX02,21.75153,1087,-61
walk_02,walk_cross_link,RX02,21.771643,1088,-59
walk_02,walk_cross_link,RX02,21.792647,1089,-59
walk_02,walk_cross_link,RX02,21.811507,1090,-59
walk_02,walk_cross_link,RX02,21.831528,1091,-58
walk_02,walk_cross_link,RX02,21.851578,1092,-58
walk_02,walk_cross_link,RX02,21.871497,1093,-58
walk_02,walk_cross_link,RX02,21.911742,1095,-58
walk_02,walk_cross_link,RX02,21.93149,1096,-58
walk_02,walk_cross_link,RX02,21.951773,1097,-58
walk_02,walk_cross_link,RX02,21.971661,1098,-58
walk_02,walk_cross_link,RX02,21.997401,1099,-58
walk_02,walk_cross_link,RX02,22.011494,1100,-58
walk_02,walk_cross_link,RX02,22.031516,1101,-58
walk_02,walk_cross_link,RX02,22.051482,1102,-58
walk_02,walk_cross_link,RX02,22.076186,1103,-58
walk_02,walk_cross_link,RX02,22.091515,1104,-58
walk_02,walk_cross_link,RX02,22.113549,1105,-58
walk_02,walk_cross_link,RX02,22.136076,1106,-58
walk_02,walk_cross_link,RX02,22.154507,1107,-58
walk_02,walk_cross_link,RX02,22.176473,1108,-58
walk_02,walk_cross_link,RX02,22.191517,1109,-58
walk_02,walk_cross_link,RX02,22.215948,1110,-58
walk_02,walk_cross_link,RX02,22.231512,1111,-57
walk_02,walk_cross_link,RX02,22.253419,1112,-58
walk_02,walk_cross_link,RX02,22.271492,1113,-57
walk_02,walk_cross_link,RX02,22.29148,1114,-57
walk_02,walk_cross_link,RX02,22.318354,1115,-57
walk_02,walk_cross_link,RX02,22.331509,1116,-57
walk_02,walk_cross_link,RX02,22.355819,1117,-57
walk_02,walk_cross_link,RX02,22.371506,1118,-57
walk_02,walk_cross_link,RX02,22.391504,1119,-58
walk_02,walk_cross_link,RX02,22.413534,1120,-58
walk_02,walk_cross_link,RX02,22.431517,1121,-59
walk_02,walk_cross_link,RX02,22.4515,1122,-59
walk_02,walk_cross_link,RX02,22.472346,1123,-59
walk_02,walk_cross_link,RX02,22.49148,1124,-59
walk_02,walk_cross_link,RX02,22.511501,1125,-58
walk_02,walk_cross_link,RX02,22.53148,1126,-58
walk_02,walk_cross_link,RX02,22.55151,1127,-58
walk_02,walk_cross_link,RX02,22.574753,1128,-58
walk_02,walk_cross_link,RX02,22.591515,1129,-58
walk_02,walk_cross_link,RX02,22.611816,1130,-58
walk_02,walk_cross_link,RX02,22.631507,1131,-58
walk_02,walk_cross_link,RX02,22.651486,1132,-58
walk_02,walk_cross_link,RX02,22.677159,1133,-58
walk_02,walk_cross_link,RX02,22.695245,1134,-57
walk_02,walk_cross_link,RX02,22.714229,1135,-57
walk_02,walk_cross_link,RX02,22.7315,1136,-58
walk_02,walk_cross_link,RX02,22.7515,1137,-57
walk_02,walk_cross_link,RX02,22.771476,1138,-57
walk_02,walk_cross_link,RX02,22.791864,1139,-58
walk_02,walk_cross_link,RX02,22.81149,1140,-57
walk_02,walk_cross_link,RX02,22.831769,1141,-57
walk_02,walk_cross_link,RX02,22.851534,1142,-57
walk_02,walk_cross_link,RX02,22.871484,1143,-58
walk_02,walk_cross_link,RX02,22.895406,1144,-58
walk_02,walk_cross_link,RX02,22.911984,1145,-58
walk_02,walk_cross_link,RX02,22.932736,1146,-58
walk_02,walk_cross_link,RX02,22.95148,1147,-58
walk_02,walk_cross_link,RX02,22.972088,1148,-58
walk_02,walk_cross_link,RX02,22.995699,1149,-58
walk_02,walk_cross_link,RX02,23.031473,1151,-58
walk_02,walk_cross_link,RX02,23.052175,1152,-57
walk_02,walk_cross_link,RX02,23.072605,1153,-57
walk_02,walk_cross_link,RX02,23.094744,1154,-56
walk_02,walk_cross_link,RX02,23.113056,1155,-56
walk_02,walk_cross_link,RX02,23.131489,1156,-56
walk_02,walk_cross_link,RX02,23.151486,1157,-56
walk_02,walk_cross_link,RX02,23.17266,1158,-57
walk_02,walk_cross_link,RX02,23.191483,1159,-57
walk_02,walk_cross_link,RX02,23.211498,1160,-57
walk_02,walk_cross_link,RX02,23.232439,1161,-57
walk_02,walk_cross_link,RX02,23.25147,1162,-57
walk_02,walk_cross_link,RX02,23.271473,1163,-58
walk_02,walk_cross_link,RX02,23.291749,1164,-57
walk_02,walk_cross_link,RX02,23.312846,1165,-57
walk_02,walk_cross_link,RX02,23.334453,1166,-57
walk_02,walk_cross_link,RX02,23.371843,1168,-56
walk_02,walk_cross_link,RX02,23.393991,1169,-56
walk_02,walk_cross_link,RX02,23.41167,1170,-57
walk_02,walk_cross_link,RX02,23.432861,1171,-55
walk_02,walk_cross_link,RX02,23.45147,1172,-55
walk_02,walk_cross_link,RX02,23.472922,1173,-54
walk_02,walk_cross_link,RX02,23.491488,1174,-54
walk_02,walk_cross_link,RX02,23.512997,1175,-54
walk_02,walk_cross_link,RX02,23.532612,1176,-54
walk_02,walk_cross_link,RX02,23.551495,1177,-55
walk_02,walk_cross_link,RX02,23.571466,1178,-56
walk_02,walk_cross_link,RX02,23.593252,1179,-56
walk_02,walk_cross_link,RX02,23.612358,1180,-57
walk_02,walk_cross_link,RX02,23.635809,1181,-57
walk_02,walk_cross_link,RX02,23.65148,1182,-57
walk_02,walk_cross_link,RX02,23.673572,1183,-58
walk_02,walk_cross_link,RX02,23.693665,1184,-57
walk_02,walk_cross_link,RX02,23.716002,1185,-57
walk_02,walk_cross_link,RX02,23.73822,1186,-57
walk_02,walk_cross_link,RX02,23.751983,1187,-57
walk_02,walk_cross_link,RX02,23.791492,1189,-56
walk_02,walk_cross_link,RX02,23.814718,1190,-56
walk_02,walk_cross_link,RX02,23.831618,1191,-56
walk_02,walk_cross_link,RX02,23.851539,1192,-55
walk_02,walk_cross_link,RX02,23.875873,1193,-55
walk_02,walk_cross_link,RX02,23.891852,1194,-56
walk_02,walk_cross_link,RX02,23.922529,1195,-55
walk_02,walk_cross_link,RX02,23.931609,1196,-55
walk_02,walk_cross_link,RX02,23.95149,1197,-55
walk_02,walk_cross_link,RX02,23.973713,1198,-56
walk_02,walk_cross_link,RX02,23.993484,1199,-54
walk_02,walk_cross_link,RX02,24.017575,1200,-54
walk_02,walk_cross_link,RX02,24.031468,1201,-54
walk_02,walk_cross_link,RX02,24.05308,1202,-55
walk_02,walk_cross_link,RX02,24.071477,1203,-54
walk_02,walk_cross_link,RX02,24.096643,1204,-53
walk_02,walk_cross_link,RX02,24.11147,1205,-54
walk_02,walk_cross_link,RX02,24.132193,1206,-54
walk_02,walk_cross_link,RX02,24.153708,1207,-54
walk_02,walk_cross_link,RX02,24.171466,1208,-54
walk_02,walk_cross_link,RX02,24.191756,1209,-54
walk_02,walk_cross_link,RX02,24.213195,1210,-54
walk_02,walk_cross_link,RX02,24.232007,1211,-55
walk_02,walk_cross_link,RX02,24.251466,1212,-55
walk_02,walk_cross_link,RX02,24.271477,1213,-54
walk_02,walk_cross_link,RX02,24.291479,1214,-54
walk_02,walk_cross_link,RX02,24.312294,1215,-54
walk_02,walk_cross_link,RX02,24.332064,1216,-55
walk_02,walk_cross_link,RX02,24.352632,1217,-54
walk_02,walk_cross_link,RX02,24.371452,1218,-55
walk_02,walk_cross_link,RX02,24.395527,1219,-54
walk_02,walk_cross_link,RX02,24.413498,1220,-54
walk_02,walk_cross_link,RX02,24.43447,1221,-55
walk_02,walk_cross_link,RX02,24.455245,1222,-54
walk_02,walk_cross_link,RX02,24.471755,1223,-55
walk_02,walk_cross_link,RX02,24.491899,1224,-55
walk_02,walk_cross_link,RX02,24.513692,1225,-54
walk_02,walk_cross_link,RX02,24.533466,1226,-54
walk_02,walk_cross_link,RX02,24.55147,1227,-55
walk_02,walk_cross_link,RX02,24.571462,1228,-54
walk_02,walk_cross_link,RX02,24.591477,1229,-54
walk_02,walk_cross_link,RX02,24.612767,1230,-54
walk_02,walk_cross_link,RX02,24.63288,1231,-54
walk_02,walk_cross_link,RX02,24.65144,1232,-54
walk_02,walk_cross_link,RX02,24.673593,1233,-54
walk_02,walk_cross_link,RX02,24.691445,1234,-55
walk_02,walk_cross_link,RX02,24.711474,1235,-55
walk_02,walk_cross_link,RX02,24.735277,1236,-54
walk_02,walk_cross_link,RX02,24.751585,1237,-56
walk_02,walk_cross_link,RX02,24.771461,1238,-54
walk_02,walk_cross_link,RX02,24.792781,1239,-54
walk_02,walk_cross_link,RX02,24.813459,1240,-54
walk_02,walk_cross_link,RX02,24.831729,1241,-54
walk_02,walk_cross_link,RX02,24.853049,1242,-54
walk_02,walk_cross_link,RX02,24.87147,1243,-54
walk_02,walk_cross_link,RX02,24.891433,1244,-54
walk_02,walk_cross_link,RX02,24.91584,1245,-54
walk_02,walk_cross_link,RX02,24.931848,1246,-54
walk_02,walk_cross_link,RX02,24.955061,1247,-54
walk_02,walk_cross_link,RX02,24.973977,1248,-53
walk_02,walk_cross_link,RX02,24.991447,1249,-53
walk_02,walk_cross_link,RX02,25.01145,1250,-53
walk_02,walk_cross_link,RX02,25.03241,1251,-53
walk_02,walk_cross_link,RX02,25.053685,1252,-53
walk_02,walk_cross_link,RX02,25.072585,1253,-53
walk_02,walk_cross_link,RX02,25.091454,1254,-53
walk_02,walk_cross_link,RX02,25.11147,1255,-53
walk_02,walk_cross_link,RX02,25.134814,1256,-53
walk_02,walk_cross_link,RX02,25.152398,1257,-53
walk_02,walk_cross_link,RX02,25.191466,1259,-53
walk_02,walk_cross_link,RX02,25.213817,1260,-54
walk_02,walk_cross_link,RX02,25.231874,1261,-54
walk_02,walk_cross_link,RX02,25.252108,1262,-53
walk_02,walk_cross_link,RX02,25.274262,1263,-54
walk_02,walk_cross_link,RX02,25.291568,1264,-55
walk_02,walk_cross_link,RX02,25.311454,1265,-55
walk_02,walk_cross_link,RX02,25.331457,1266,-53
walk_02,walk_cross_link,RX02,25.353466,1267,-54
walk_02,walk_cross_link,RX02,25.376659,1268,-54
walk_02,walk_cross_link,RX02,25.393984,1269,-54
walk_02,walk_cross_link,RX02,25.411896,1270,-54
walk_02,walk_cross_link,RX02,25.436184,1271,-54
walk_02,walk_cross_link,RX02,25.454123,1272,-54
walk_02,walk_cross_link,RX02,25.471796,1273,-54
walk_02,walk_cross_link,RX02,25.492792,1274,-54
walk_02,walk_cross_link,RX02,25.514288,1275,-54
walk_02,walk_cross_link,RX02,25.531556,1276,-54
walk_02,walk_cross_link,RX02,25.55579,1277,-54
walk_02,walk_cross_link,RX02,25.573951,1278,-54
walk_02,walk_cross_link,RX02,25.591461,1279,-54
walk_02,walk_cross_link,RX02,25.6122,1280,-54
walk_02,walk_cross_link,RX02,25.631461,1281,-54
walk_02,walk_cross_link,RX02,25.659931,1282,-54
walk_02,walk_cross_link,RX02,25.673657,1283,-54
walk_02,walk_cross_link,RX02,25.697614,1284,-54
walk_02,walk_cross_link,RX02,25.711451,1285,-54
walk_02,walk_cross_link,RX02,25.735623,1286,-51
walk_02,walk_cross_link,RX02,25.751666,1287,-54
walk_02,walk_cross_link,RX02,25.771434,1288,-54
walk_02,walk_cross_link,RX02,25.793473,1289,-54
walk_02,walk_cross_link,RX02,25.811446,1290,-54
walk_02,walk_cross_link,RX02,25.851776,1292,-54
walk_02,walk_cross_link,RX02,25.872925,1293,-54
walk_02,walk_cross_link,RX02,25.892573,1294,-54
walk_02,walk_cross_link,RX02,25.914405,1295,-54
walk_02,walk_cross_link,RX02,25.931426,1296,-54
walk_02,walk_cross_link,RX02,25.954022,1297,-54
walk_02,walk_cross_link,RX02,25.971754,1298,-53
walk_02,walk_cross_link,RX02,25.993408,1299,-53
walk_02,walk_cross_link,RX02,26.011415,1300,-53
walk_02,walk_cross_link,RX02,26.034477,1301,-53
walk_02,walk_cross_link,RX02,26.052197,1302,-53
walk_02,walk_cross_link,RX02,26.071438,1303,-54
walk_02,walk_cross_link,RX02,26.094143,1304,-54
walk_02,walk_cross_link,RX02,26.112437,1305,-54
walk_02,walk_cross_link,RX02,26.135744,1306,-54
walk_02,walk_cross_link,RX02,26.151436,1307,-54
walk_02,walk_cross_link,RX02,26.171421,1308,-54
walk_02,walk_cross_link,RX02,26.213246,1310,-53
walk_02,walk_cross_link,RX02,26.23167,1311,-55
walk_02,walk_cross_link,RX02,26.251456,1312,-54
walk_02,walk_cross_link,RX02,26.274666,1313,-54
walk_02,walk_cross_link,RX02,26.312033,1315,-55
walk_02,walk_cross_link,RX02,26.333497,1316,-54
walk_02,walk_cross_link,RX02,26.352341,1317,-55
walk_02,walk_cross_link,RX02,26.371599,1318,-53
walk_02,walk_cross_link,RX02,26.391437,1319,-54
walk_02,walk_cross_link,RX02,26.414427,1320,-54
walk_02,walk_cross_link,RX02,26.431424,1321,-54
walk_02,walk_cross_link,RX02,26.451872,1322,-54
walk_02,walk_cross_link,RX02,26.477346,1323,-53
walk_02,walk_cross_link,RX02,26.491414,1324,-54
walk_02,walk_cross_link,RX02,26.512821,1325,-53
walk_02,walk_cross_link,RX02,26.53143,1326,-54
walk_02,walk_cross_link,RX02,26.55426,1327,-53
walk_02,walk_cross_link,RX02,26.579721,1328,-54
walk_02,walk_cross_link,RX02,26.593018,1329,-54
walk_02,walk_cross_link,RX02,26.611422,1330,-54
walk_02,walk_cross_link,RX02,26.631437,1331,-54
walk_02,walk_cross_link,RX02,26.656684,1332,-53
walk_02,walk_cross_link,RX02,26.671415,1333,-55
walk_02,walk_cross_link,RX02,26.692121,1334,-53
walk_02,walk_cross_link,RX02,26.711965,1335,-53
walk_02,walk_cross_link,RX02,26.731415,1336,-53
walk_02,walk_cross_link,RX02,26.751737,1337,-53
walk_02,walk_cross_link,RX02,26.77324,1338,-54
walk_02,walk_cross_link,RX02,26.794583,1339,-54
walk_02,walk_cross_link,RX02,26.811831,1340,-53
walk_02,walk_cross_link,RX02,26.831737,1341,-54
walk_02,walk_cross_link,RX02,26.851477,1342,-55
walk_02,walk_cross_link,RX02,26.871429,1343,-53
walk_02,walk_cross_link,RX02,26.89143,1344,-55
walk_02,walk_cross_link,RX02,26.912672,1345,-54
walk_02,walk_cross_link,RX02,26.931424,1346,-55
walk_02,walk_cross_link,RX02,26.951857,1347,-53
walk_02,walk_cross_link,RX02,26.971548,1348,-54
walk_02,walk_cross_link,RX02,27.015078,1350,-54
walk_02,walk_cross_link,RX02,27.036181,1351,-55
walk_02,walk_cross_link,RX02,27.060599,1352,-55
walk_02,walk_cross_link,RX02,27.071426,1353,-55
walk_02,walk_cross_link,RX02,27.091762,1354,-54
walk_02,walk_cross_link,RX02,27.111407,1355,-54
walk_02,walk_cross_link,RX02,27.131454,1356,-55
walk_02,walk_cross_link,RX02,27.152877,1357,-55
walk_02,walk_cross_link,RX02,27.171426,1358,-53
walk_02,walk_cross_link,RX02,27.196228,1359,-53
walk_02,walk_cross_link,RX02,27.211413,1360,-53
walk_02,walk_cross_link,RX02,27.233633,1361,-53
walk_02,walk_cross_link,RX02,27.25514,1362,-53
walk_02,walk_cross_link,RX02,27.277315,1363,-54
walk_02,walk_cross_link,RX02,27.295329,1364,-54
walk_02,walk_cross_link,RX02,27.316189,1365,-54
walk_02,walk_cross_link,RX02,27.332867,1366,-54
walk_02,walk_cross_link,RX02,27.353047,1367,-54
walk_02,walk_cross_link,RX02,27.371414,1368,-54
walk_02,walk_cross_link,RX02,27.392005,1369,-54
walk_02,walk_cross_link,RX02,27.411717,1370,-54
walk_02,walk_cross_link,RX02,27.43141,1371,-54
walk_02,walk_cross_link,RX02,27.45141,1372,-54
walk_02,walk_cross_link,RX02,27.475872,1373,-55
walk_02,walk_cross_link,RX02,27.491413,1374,-53
walk_02,walk_cross_link,RX02,27.511401,1375,-53
walk_02,walk_cross_link,RX02,27.532216,1376,-53
walk_02,walk_cross_link,RX02,27.551416,1377,-55
walk_02,walk_cross_link,RX02,27.578305,1378,-54
walk_02,walk_cross_link,RX02,27.592473,1379,-53
walk_02,walk_cross_link,RX02,27.611415,1380,-53
walk_02,walk_cross_link,RX02,27.632896,1381,-54
walk_02,walk_cross_link,RX02,27.65248,1382,-55
walk_02,walk_cross_link,RX02,27.673456,1383,-55
walk_02,walk_cross_link,RX02,27.691372,1384,-54
walk_02,walk_cross_link,RX02,27.712465,1385,-55
walk_02,walk_cross_link,RX02,27.731907,1386,-53
walk_02,walk_cross_link,RX02,27.751396,1387,-55
walk_02,walk_cross_link,RX02,27.775978,1388,-54
walk_02,walk_cross_link,RX02,27.791402,1389,-53
walk_02,walk_cross_link,RX02,27.813277,1390,-55
walk_02,walk_cross_link,RX02,27.851473,1392,-53
walk_02,walk_cross_link,RX02,27.875994,1393,-54
walk_02,walk_cross_link,RX02,27.892029,1394,-55
walk_02,walk_cross_link,RX02,27.913211,1395,-55
walk_02,walk_cross_link,RX02,27.936689,1396,-55
walk_02,walk_cross_link,RX02,27.956101,1397,-55
walk_02,walk_cross_link,RX02,27.971943,1398,-54
walk_02,walk_cross_link,RX02,27.991629,1399,-53
walk_02,walk_cross_link,RX02,28.015466,1400,-54
walk_02,walk_cross_link,RX02,28.032643,1401,-54
walk_02,walk_cross_link,RX02,28.052859,1402,-53
walk_02,walk_cross_link,RX02,28.074367,1403,-54
walk_02,walk_cross_link,RX02,28.093706,1404,-53
walk_02,walk_cross_link,RX02,28.117872,1405,-53
walk_02,walk_cross_link,RX02,28.131392,1406,-53
walk_02,walk_cross_link,RX02,28.151379,1407,-55
walk_02,walk_cross_link,RX02,28.171359,1408,-54
walk_02,walk_cross_link,RX02,28.192694,1409,-54
walk_02,walk_cross_link,RX02,28.218184,1410,-53
walk_02,walk_cross_link,RX02,28.231503,1411,-54
walk_02,walk_cross_link,RX02,28.252654,1412,-54
walk_02,walk_cross_link,RX02,28.271415,1413,-53
walk_02,walk_cross_link,RX02,28.295085,1414,-54
walk_02,walk_cross_link,RX02,28.311379,1415,-53
walk_02,walk_cross_link,RX02,28.335791,1416,-55
walk_02,walk_cross_link,RX02,28.353011,1417,-53
walk_02,walk_cross_link,RX02,28.371379,1418,-53
walk_02,walk_cross_link,RX02,28.391797,1419,-53
walk_02,walk_cross_link,RX02,28.414065,1420,-54
walk_02,walk_cross_link,RX02,28.432993,1421,-55
walk_02,walk_cross_link,RX02,28.451372,1422,-53
walk_02,walk_cross_link,RX02,28.471399,1423,-53
walk_02,walk_cross_link,RX02,28.491821,1424,-54
walk_02,walk_cross_link,RX02,28.514071,1425,-55
walk_02,walk_cross_link,RX02,28.535482,1426,-54
walk_02,walk_cross_link,RX02,28.551395,1427,-54
walk_02,walk_cross_link,RX02,28.571363,1428,-54
walk_02,walk_cross_link,RX02,28.59141,1429,-55
walk_02,walk_cross_link,RX02,28.611355,1430,-54
walk_02,walk_cross_link,RX02,28.631707,1431,-55
walk_02,walk_cross_link,RX02,28.653491,1432,-53
walk_02,walk_cross_link,RX02,28.671373,1433,-54
walk_02,walk_cross_link,RX02,28.692547,1434,-54
walk_02,walk_cross_link,RX02,28.712014,1435,-54
walk_02,walk_cross_link,RX02,28.732302,1436,-54
walk_02,walk_cross_link,RX02,28.771372,1438,-54
walk_02,walk_cross_link,RX02,28.791402,1439,-54
walk_02,walk_cross_link,RX02,28.811406,1440,-53
walk_02,walk_cross_link,RX02,28.833124,1441,-54
walk_02,walk_cross_link,RX02,28.87208,1443,-54
walk_02,walk_cross_link,RX02,28.891375,1444,-54
walk_02,walk_cross_link,RX02,28.914177,1445,-53
walk_02,walk_cross_link,RX02,28.937854,1446,-53
walk_02,walk_cross_link,RX02,28.951359,1447,-54
walk_02,walk_cross_link,RX02,28.974488,1448,-53
walk_02,walk_cross_link,RX02,28.99147,1449,-54
walk_02,walk_cross_link,RX02,29.011896,1450,-53
walk_02,walk_cross_link,RX02,29.031502,1451,-53
walk_02,walk_cross_link,RX02,29.051761,1452,-53
walk_02,walk_cross_link,RX02,29.073694,1453,-53
walk_02,walk_cross_link,RX02,29.091366,1454,-54
walk_02,walk_cross_link,RX02,29.111837,1455,-54
walk_02,walk_cross_link,RX02,29.131345,1456,-54
walk_02,walk_cross_link,RX02,29.151596,1457,-54
walk_02,walk_cross_link,RX02,29.171349,1458,-54
walk_02,walk_cross_link,RX02,29.191381,1459,-54
walk_02,walk_cross_link,RX02,29.211371,1460,-53
walk_02,walk_cross_link,RX02,29.233266,1461,-54
walk_02,walk_cross_link,RX02,29.252292,1462,-54
walk_02,walk_cross_link,RX02,29.271355,1463,-54
walk_02,walk_cross_link,RX02,29.291365,1464,-54
walk_02,walk_cross_link,RX02,29.311865,1465,-54
walk_02,walk_cross_link,RX02,29.333329,1466,-53
walk_02,walk_cross_link,RX02,29.351356,1467,-53
walk_02,walk_cross_link,RX02,29.372891,1468,-53
walk_02,walk_cross_link,RX02,29.391794,1469,-55
walk_02,walk_cross_link,RX02,29.411381,1470,-53
walk_02,walk_cross_link,RX02,29.43137,1471,-54
walk_02,walk_cross_link,RX02,29.452248,1472,-54
walk_02,walk_cross_link,RX02,29.472707,1473,-54
walk_02,walk_cross_link,RX02,29.491343,1474,-54
walk_02,walk_cross_link,RX02,29.516107,1475,-53
walk_02,walk_cross_link,RX02,29.533325,1476,-53
walk_02,walk_cross_link,RX02,29.552244,1477,-54
walk_02,walk_cross_link,RX02,29.575107,1478,-54
walk_02,walk_cross_link,RX02,29.59247,1479,-54
walk_02,walk_cross_link,RX02,29.611359,1480,-55
walk_02,walk_cross_link,RX02,29.635715,1481,-55
walk_02,walk_cross_link,RX02,29.654682,1482,-54
walk_02,walk_cross_link,RX02,29.671362,1483,-53
walk_02,walk_cross_link,RX02,29.69146,1484,-53
walk_02,walk_cross_link,RX02,29.712807,1485,-54
walk_02,walk_cross_link,RX02,29.732311,1486,-53
walk_02,walk_cross_link,RX02,29.753005,1487,-55
walk_02,walk_cross_link,RX02,29.779907,1488,-55
walk_02,walk_cross_link,RX02,29.793936,1489,-53
walk_02,walk_cross_link,RX02,29.815925,1490,-54
walk_02,walk_cross_link,RX02,29.836006,1491,-53
walk_02,walk_cross_link,RX02,29.853252,1492,-53
walk_02,walk_cross_link,RX02,29.873936,1493,-53
walk_02,walk_cross_link,RX02,29.892911,1494,-53
walk_02,walk_cross_link,RX02,29.912874,1495,-53
walk_02,walk_cross_link,RX02,29.931719,1496,-53
walk_02,walk_cross_link,RX02,29.95777,1497,-53
walk_02,walk_cross_link,RX02,29.971346,1498,-54
walk_02,walk_cross_link,RX02,29.995317,1499,-54
walk_02,walk_cross_link,RX02,30.011347,1500,-54
walk_02,walk_cross_link,RX02,30.034912,1501,-54
walk_02,walk_cross_link,RX02,30.052746,1502,-54
walk_02,walk_cross_link,RX02,30.07307,1503,-54
walk_02,walk_cross_link,RX02,30.093222,1504,-53
walk_02,walk_cross_link,RX02,30.111337,1505,-53
walk_02,walk_cross_link,RX02,30.138323,1506,-55
walk_02,walk_cross_link,RX02,30.152514,1507,-55
walk_02,walk_cross_link,RX02,30.175478,1508,-53
walk_02,walk_cross_link,RX02,30.191362,1509,-54
walk_02,walk_cross_link,RX02,30.211328,1510,-55
walk_02,walk_cross_link,RX02,30.234119,1511,-53
walk_02,walk_cross_link,RX02,30.251396,1512,-53
walk_02,walk_cross_link,RX02,30.273343,1513,-53
walk_02,walk_cross_link,RX02,30.291944,1514,-53
walk_02,walk_cross_link,RX02,30.311344,1515,-53
walk_02,walk_cross_link,RX02,30.331325,1516,-55
walk_02,walk_cross_link,RX02,30.357327,1517,-54
walk_02,walk_cross_link,RX02,30.372349,1518,-53
walk_02,walk_cross_link,RX02,30.41135,1520,-53
walk_02,walk_cross_link,RX02,30.431328,1521,-53
walk_02,walk_cross_link,RX02,30.454347,1522,-53
walk_02,walk_cross_link,RX02,30.471559,1523,-54
walk_02,walk_cross_link,RX02,30.49366,1524,-56
walk_02,walk_cross_link,RX02,30.513451,1525,-53
walk_02,walk_cross_link,RX02,30.531812,1526,-55
walk_02,walk_cross_link,RX02,30.551331,1527,-54
walk_02,walk_cross_link,RX02,30.573477,1528,-54
walk_02,walk_cross_link,RX02,30.592082,1529,-53
walk_02,walk_cross_link,RX02,30.612899,1530,-54
walk_02,walk_cross_link,RX02,30.631335,1531,-54
walk_02,walk_cross_link,RX02,30.651349,1532,-54
walk_02,walk_cross_link,RX02,30.675768,1533,-54
walk_02,walk_cross_link,RX02,30.693838,1534,-54
walk_02,walk_cross_link,RX02,30.711354,1535,-54
walk_02,walk_cross_link,RX02,30.732342,1536,-54
walk_02,walk_cross_link,RX02,30.752743,1537,-53
walk_02,walk_cross_link,RX02,30.771582,1538,-53
walk_02,walk_cross_link,RX02,30.791353,1539,-53
walk_02,walk_cross_link,RX02,30.813343,1540,-54
walk_02,walk_cross_link,RX02,30.831332,1541,-53
walk_02,walk_cross_link,RX02,30.852771,1542,-54
walk_02,walk_cross_link,RX02,30.87135,1543,-54
walk_02,walk_cross_link,RX02,30.891747,1544,-54
walk_02,walk_cross_link,RX02,30.912348,1545,-54
walk_02,walk_cross_link,RX02,30.931325,1546,-53
walk_02,walk_cross_link,RX02,30.951322,1547,-54
walk_02,walk_cross_link,RX02,30.97231,1548,-53
walk_02,walk_cross_link,RX02,30.993035,1549,-53
walk_02,walk_cross_link,RX02,31.011344,1550,-54
walk_02,walk_cross_link,RX02,31.03135,1551,-54
walk_02,walk_cross_link,RX02,31.051888,1552,-54
walk_02,walk_cross_link,RX02,31.07412,1553,-53
walk_02,walk_cross_link,RX02,31.091306,1554,-54
walk_02,walk_cross_link,RX02,31.111648,1555,-54
walk_02,walk_cross_link,RX02,31.131317,1556,-54
walk_02,walk_cross_link,RX02,31.155285,1557,-53
walk_02,walk_cross_link,RX02,31.171337,1558,-54
walk_02,walk_cross_link,RX02,31.191346,1559,-54
walk_02,walk_cross_link,RX02,31.213582,1560,-54
walk_02,walk_cross_link,RX02,31.231331,1561,-53
walk_02,walk_cross_link,RX02,31.253142,1562,-53
walk_02,walk_cross_link,RX02,31.271343,1563,-53
walk_02,walk_cross_link,RX02,31.291329,1564,-54
walk_02,walk_cross_link,RX02,31.315242,1565,-54
walk_02,walk_cross_link,RX02,31.333821,1566,-54
walk_02,walk_cross_link,RX02,31.351316,1567,-54
walk_02,walk_cross_link,RX02,31.374477,1568,-54
walk_02,walk_cross_link,RX02,31.392646,1569,-54
walk_02,walk_cross_link,RX02,31.411309,1570,-54
walk_02,walk_cross_link,RX02,31.434007,1571,-54
walk_02,walk_cross_link,RX02,31.45133,1572,-54
walk_02,walk_cross_link,RX02,31.475994,1573,-54
walk_02,walk_cross_link,RX02,31.517704,1575,-53
walk_02,walk_cross_link,RX02,31.531452,1576,-53
walk_02,walk_cross_link,RX02,31.551371,1577,-54
walk_02,walk_cross_link,RX02,31.571958,1578,-53
walk_02,walk_cross_link,RX02,31.59745,1579,-54
walk_02,walk_cross_link,RX02,31.611864,1580,-54
walk_02,walk_cross_link,RX02,31.631334,1581,-54
walk_02,walk_cross_link,RX02,31.651303,1582,-54
walk_02,walk_cross_link,RX02,31.674358,1583,-54
walk_02,walk_cross_link,RX02,31.699831,1584,-54
walk_02,walk_cross_link,RX02,31.711324,1585,-54
walk_02,walk_cross_link,RX02,31.732802,1586,-54
walk_02,walk_cross_link,RX02,31.751327,1587,-54
walk_02,walk_cross_link,RX02,31.771291,1588,-53
walk_02,walk_cross_link,RX02,31.791333,1589,-53
walk_02,walk_cross_link,RX02,31.812262,1590,-54
walk_02,walk_cross_link,RX02,31.834456,1591,-54
walk_02,walk_cross_link,RX02,31.851361,1592,-54
walk_02,walk_cross_link,RX02,31.878524,1593,-53
walk_02,walk_cross_link,RX02,31.893934,1594,-54
walk_02,walk_cross_link,RX02,31.912044,1595,-54
walk_02,walk_cross_link,RX02,31.931292,1596,-53
walk_02,walk_cross_link,RX02,31.951302,1597,-54
walk_02,walk_cross_link,RX02,31.972537,1598,-54
walk_02,walk_cross_link,RX02,31.991327,1599,-54
walk_02,walk_cross_link,RX02,32.017066,1600,-54
walk_02,walk_cross_link,RX02,32.03276,1601,-54
walk_02,walk_cross_link,RX02,32.051295,1602,-54
walk_02,walk_cross_link,RX02,32.071625,1603,-53
walk_02,walk_cross_link,RX02,32.092253,1604,-53
walk_02,walk_cross_link,RX02,32.112893,1605,-54
walk_02,walk_cross_link,RX02,32.135151,1606,-53
walk_02,walk_cross_link,RX02,32.153673,1607,-54
walk_02,walk_cross_link,RX02,32.171291,1608,-54
walk_02,walk_cross_link,RX02,32.191324,1609,-54
walk_02,walk_cross_link,RX02,32.211824,1610,-54
walk_02,walk_cross_link,RX02,32.231303,1611,-54
walk_02,walk_cross_link,RX02,32.25155,1612,-55
walk_02,walk_cross_link,RX02,32.272663,1613,-55
walk_02,walk_cross_link,RX02,32.291328,1614,-53
walk_02,walk_cross_link,RX02,32.316311,1615,-54
walk_02,walk_cross_link,RX02,32.333182,1616,-54
walk_02,walk_cross_link,RX02,32.353762,1617,-54
walk_02,walk_cross_link,RX02,32.37129,1618,-54
walk_02,walk_cross_link,RX02,32.391327,1619,-54
walk_02,walk_cross_link,RX02,32.416631,1620,-53
walk_02,walk_cross_link,RX02,32.431309,1621,-53
walk_02,walk_cross_link,RX02,32.451286,1622,-54
walk_02,walk_cross_link,RX02,32.473139,1623,-54
walk_02,walk_cross_link,RX02,32.512247,1625,-54
walk_02,walk_cross_link,RX02,32.531306,1626,-54
walk_02,walk_cross_link,RX02,32.552331,1627,-54
walk_02,walk_cross_link,RX02,32.571282,1628,-53
walk_02,walk_cross_link,RX02,32.591514,1629,-54
walk_02,walk_cross_link,RX02,32.611296,1630,-54
walk_02,walk_cross_link,RX02,32.631466,1631,-54
walk_02,walk_cross_link,RX02,32.654992,1632,-54
walk_02,walk_cross_link,RX02,32.671322,1633,-54
walk_02,walk_cross_link,RX02,32.691296,1634,-54
walk_02,walk_cross_link,RX02,32.712686,1635,-54
walk_02,walk_cross_link,RX02,32.733866,1636,-54
walk_02,walk_cross_link,RX02,32.751311,1637,-54
walk_02,walk_cross_link,RX02,32.772359,1638,-54
walk_02,walk_cross_link,RX02,32.798477,1639,-54
walk_02,walk_cross_link,RX02,32.811564,1640,-54
walk_02,walk_cross_link,RX02,32.83628,1641,-53
walk_02,walk_cross_link,RX02,32.851971,1642,-54
walk_02,walk_cross_link,RX02,32.871304,1643,-54
walk_02,walk_cross_link,RX02,32.893648,1644,-54
walk_02,walk_cross_link,RX02,32.911316,1645,-54
walk_02,walk_cross_link,RX02,32.93129,1646,-54
walk_02,walk_cross_link,RX02,32.971297,1648,-54
walk_02,walk_cross_link,RX02,32.991582,1649,-54
walk_02,walk_cross_link,RX02,33.011294,1650,-54
walk_02,walk_cross_link,RX02,33.031282,1651,-54
walk_02,walk_cross_link,RX02,33.056779,1652,-54
walk_02,walk_cross_link,RX02,33.071275,1653,-54
walk_02,walk_cross_link,RX02,33.092078,1654,-54
walk_02,walk_cross_link,RX02,33.11222,1655,-54
walk_02,walk_cross_link,RX02,33.159461,1657,-54
walk_02,walk_cross_link,RX02,33.172966,1658,-53
walk_02,walk_cross_link,RX02,33.191306,1659,-53
walk_02,walk_cross_link,RX02,33.212029,1660,-53
walk_02,walk_cross_link,RX02,33.237948,1661,-54
walk_02,walk_cross_link,RX02,33.251593,1662,-53
walk_02,walk_cross_link,RX02,33.275371,1663,-53
walk_02,walk_cross_link,RX02,33.292378,1664,-55
walk_02,walk_cross_link,RX02,33.312803,1665,-53
walk_02,walk_cross_link,RX02,33.353328,1667,-53
walk_02,walk_cross_link,RX02,33.371281,1668,-54
walk_02,walk_cross_link,RX02,33.391277,1669,-53
walk_02,walk_cross_link,RX02,33.415193,1670,-53
walk_02,walk_cross_link,RX02,33.431294,1671,-54
walk_02,walk_cross_link,RX02,33.451267,1672,-54
walk_02,walk_cross_link,RX02,33.471295,1673,-54
walk_02,walk_cross_link,RX02,33.491264,1674,-54
walk_02,walk_cross_link,RX02,33.511268,1675,-53
walk_02,walk_cross_link,RX02,33.531793,1676,-54
walk_02,walk_cross_link,RX02,33.553101,1677,-55
walk_02,walk_cross_link,RX02,33.573925,1678,-54
walk_02,walk_cross_link,RX02,33.591297,1679,-54
walk_02,walk_cross_link,RX02,33.611278,1680,-54
walk_02,walk_cross_link,RX02,33.652619,1682,-54
walk_02,walk_cross_link,RX02,33.671959,1683,-53
walk_02,walk_cross_link,RX02,33.692654,1684,-55
walk_02,walk_cross_link,RX02,33.711633,1685,-55
walk_02,walk_cross_link,RX02,33.731285,1686,-54
walk_02,walk_cross_link,RX02,33.751399,1687,-54
walk_02,walk_cross_link,RX02,33.771803,1688,-54
walk_02,walk_cross_link,RX02,33.791398,1689,-54
walk_02,walk_cross_link,RX02,33.811278,1690,-54
walk_02,walk_cross_link,RX02,33.831275,1691,-54
walk_02,walk_cross_link,RX02,33.852351,1692,-54
walk_02,walk_cross_link,RX02,33.876104,1693,-53
walk_02,walk_cross_link,RX02,33.891247,1694,-54
walk_02,walk_cross_link,RX02,33.91134,1695,-54
walk_02,walk_cross_link,RX02,33.934509,1696,-53
walk_02,walk_cross_link,RX02,33.952648,1697,-53
walk_02,walk_cross_link,RX02,33.978419,1698,-53
walk_02,walk_cross_link,RX02,33.992195,1699,-55
walk_02,walk_cross_link,RX02,34.011499,1700,-54
walk_02,walk_cross_link,RX02,34.033802,1701,-54
walk_02,walk_cross_link,RX02,34.052265,1702,-55
walk_02,walk_cross_link,RX02,34.073713,1703,-54
walk_02,walk_cross_link,RX02,34.09138,1704,-53
walk_02,walk_cross_link,RX02,34.111265,1705,-53
walk_02,walk_cross_link,RX02,34.131987,1706,-54
walk_02,walk_cross_link,RX02,34.152334,1707,-53
walk_02,walk_cross_link,RX02,34.171984,1708,-54
walk_02,walk_cross_link,RX02,34.19409,1709,-54
walk_02,walk_cross_link,RX02,34.211269,1710,-54
walk_02,walk_cross_link,RX02,34.234428,1711,-54
walk_02,walk_cross_link,RX02,34.252444,1712,-54
walk_02,walk_cross_link,RX02,34.271282,1713,-54
walk_02,walk_cross_link,RX02,34.29191,1714,-54
walk_02,walk_cross_link,RX02,34.311291,1715,-54
walk_02,walk_cross_link,RX02,34.336811,1716,-54
walk_02,walk_cross_link,RX02,34.35128,1717,-54
walk_02,walk_cross_link,RX02,34.372319,1718,-54
walk_02,walk_cross_link,RX02,34.393435,1719,-54
walk_02,walk_cross_link,RX02,34.411268,1720,-55
walk_02,walk_cross_link,RX02,34.432394,1721,-53
walk_02,walk_cross_link,RX02,34.453427,1722,-53
walk_02,walk_cross_link,RX02,34.471399,1723,-55
walk_02,walk_cross_link,RX02,34.491836,1724,-54
walk_02,walk_cross_link,RX02,34.511269,1725,-54
walk_02,walk_cross_link,RX02,34.531251,1726,-55
walk_02,walk_cross_link,RX02,34.552375,1727,-55
walk_02,walk_cross_link,RX02,34.572116,1728,-55
walk_02,walk_cross_link,RX02,34.592802,1729,-55
walk_02,walk_cross_link,RX02,34.611244,1730,-54
walk_02,walk_cross_link,RX02,34.633563,1731,-54
walk_02,walk_cross_link,RX02,34.65124,1732,-54
walk_02,walk_cross_link,RX02,34.671256,1733,-54
walk_02,walk_cross_link,RX02,34.692327,1734,-54
walk_02,walk_cross_link,RX02,34.716558,1735,-53
walk_02,walk_cross_link,RX02,34.733069,1736,-53
walk_02,walk_cross_link,RX02,34.751271,1737,-55
walk_02,walk_cross_link,RX02,34.772261,1738,-55
walk_02,walk_cross_link,RX02,34.797599,1739,-54
walk_02,walk_cross_link,RX02,34.8114,1740,-55
walk_02,walk_cross_link,RX02,34.832899,1741,-54
walk_02,walk_cross_link,RX02,34.853752,1742,-54
walk_02,walk_cross_link,RX02,34.871795,1743,-54
walk_02,walk_cross_link,RX02,34.893457,1744,-54
walk_02,walk_cross_link,RX02,34.915533,1745,-55
walk_02,walk_cross_link,RX02,34.931254,1746,-54
walk_02,walk_cross_link,RX02,34.951413,1747,-54
walk_02,walk_cross_link,RX02,34.975466,1748,-54
walk_02,walk_cross_link,RX02,34.991264,1749,-54
walk_02,walk_cross_link,RX02,35.011234,1750,-55
walk_02,walk_cross_link,RX02,35.033031,1751,-55
walk_02,walk_cross_link,RX02,35.053605,1752,-54
walk_02,walk_cross_link,RX02,35.071255,1753,-54
walk_02,walk_cross_link,RX02,35.096045,1754,-55
walk_02,walk_cross_link,RX02,35.115997,1755,-56
walk_02,walk_cross_link,RX02,35.131252,1756,-54
walk_02,walk_cross_link,RX02,35.156032,1757,-54
walk_02,walk_cross_link,RX02,35.171232,1758,-53
walk_02,walk_cross_link,RX02,35.191532,1759,-54
walk_02,walk_cross_link,RX02,35.21216,1760,-54
walk_02,walk_cross_link,RX02,35.231254,1761,-53
walk_02,walk_cross_link,RX02,35.251444,1762,-53
walk_02,walk_cross_link,RX02,35.273207,1763,-53
walk_02,walk_cross_link,RX02,35.311707,1765,-53
walk_02,walk_cross_link,RX02,35.331228,1766,-54
walk_02,walk_cross_link,RX02,35.351232,1767,-53
walk_02,walk_cross_link,RX02,35.371289,1768,-54
walk_02,walk_cross_link,RX02,35.393553,1769,-56
walk_02,walk_cross_link,RX02,35.412033,1770,-57
walk_02,walk_cross_link,RX02,35.433505,1771,-58
walk_02,walk_cross_link,RX02,35.45377,1772,-59
walk_02,walk_cross_link,RX02,35.472425,1773,-59
walk_02,walk_cross_link,RX02,35.494957,1774,-59
walk_02,walk_cross_link,RX02,35.512631,1775,-59
walk_02,walk_cross_link,RX02,35.53404,1776,-59
walk_02,walk_cross_link,RX02,35.55125,1777,-59
walk_02,walk_cross_link,RX02,35.571225,1778,-59
walk_02,walk_cross_link,RX02,35.593844,1779,-59
walk_02,walk_cross_link,RX02,35.61683,1780,-59
walk_02,walk_cross_link,RX02,35.631634,1781,-59
walk_02,walk_cross_link,RX02,35.652126,1782,-58
walk_02,walk_cross_link,RX02,35.671357,1783,-58
walk_02,walk_cross_link,RX02,35.697046,1784,-57
walk_02,walk_cross_link,RX02,35.713451,1785,-57
walk_02,walk_cross_link,RX02,35.733033,1786,-57
walk_02,walk_cross_link,RX02,35.751224,1787,-56
walk_02,walk_cross_link,RX02,35.771364,1788,-56
walk_02,walk_cross_link,RX02,35.791224,1789,-56
walk_02,walk_cross_link,RX02,35.811676,1790,-56
walk_02,walk_cross_link,RX02,35.831225,1791,-56
walk_02,walk_cross_link,RX02,35.851286,1792,-56
walk_02,walk_cross_link,RX02,35.872815,1793,-56
walk_02,walk_cross_link,RX02,35.894966,1794,-56
walk_02,walk_cross_link,RX02,35.911838,1795,-57
walk_02,walk_cross_link,RX02,35.933701,1796,-57
walk_02,walk_cross_link,RX02,35.951253,1797,-57
walk_02,walk_cross_link,RX02,35.973235,1798,-57
walk_02,walk_cross_link,RX02,35.993286,1799,-57
walk_02,walk_cross_link,RX02,36.011409,1800,-58
walk_02,walk_cross_link,RX02,36.032196,1801,-58
walk_02,walk_cross_link,RX02,36.051236,1802,-58
walk_02,walk_cross_link,RX02,36.077625,1803,-58
walk_02,walk_cross_link,RX02,36.091855,1804,-58
walk_02,walk_cross_link,RX02,36.11314,1805,-59
walk_02,walk_cross_link,RX02,36.13353,1806,-57
walk_02,walk_cross_link,RX02,36.15124,1807,-58
walk_02,walk_cross_link,RX02,36.17126,1808,-58
walk_02,walk_cross_link,RX02,36.19122,1809,-58
walk_02,walk_cross_link,RX02,36.211457,1810,-58
walk_02,walk_cross_link,RX02,36.233095,1811,-58
walk_02,walk_cross_link,RX02,36.251225,1812,-58
walk_02,walk_cross_link,RX02,36.275942,1813,-58
walk_02,walk_cross_link,RX02,36.291286,1814,-58
walk_02,walk_cross_link,RX02,36.313514,1815,-59
walk_02,walk_cross_link,RX02,36.331255,1816,-59
walk_02,walk_cross_link,RX02,36.353202,1817,-59
walk_02,walk_cross_link,RX02,36.375966,1818,-59
walk_02,walk_cross_link,RX02,36.393344,1819,-59
walk_02,walk_cross_link,RX02,36.411397,1820,-59
walk_02,walk_cross_link,RX02,36.432965,1821,-59
walk_02,walk_cross_link,RX02,36.454822,1822,-58
walk_02,walk_cross_link,RX02,36.478029,1823,-58
walk_02,walk_cross_link,RX02,36.493412,1824,-58
walk_02,walk_cross_link,RX02,36.513106,1825,-57
walk_02,walk_cross_link,RX02,36.532507,1826,-57
walk_02,walk_cross_link,RX02,36.552218,1827,-58
walk_02,walk_cross_link,RX02,36.574106,1828,-58
walk_02,walk_cross_link,RX02,36.59122,1829,-58
walk_02,walk_cross_link,RX02,36.631522,1831,-58
walk_02,walk_cross_link,RX02,36.651217,1832,-58
walk_02,walk_cross_link,RX02,36.671213,1833,-59
walk_02,walk_cross_link,RX02,36.692054,1834,-59
walk_02,walk_cross_link,RX02,36.714154,1835,-59
walk_02,walk_cross_link,RX02,36.731217,1836,-59
walk_02,walk_cross_link,RX02,36.753745,1837,-59
walk_02,walk_cross_link,RX02,36.771217,1838,-59
walk_02,walk_cross_link,RX02,36.811208,1840,-59
walk_02,walk_cross_link,RX02,36.831655,1841,-58
walk_02,walk_cross_link,RX02,36.852676,1842,-59
walk_02,walk_cross_link,RX02,36.87123,1843,-59
walk_02,walk_cross_link,RX02,36.894477,1844,-58
walk_02,walk_cross_link,RX02,36.911218,1845,-58
walk_02,walk_cross_link,RX02,36.932362,1846,-58
walk_02,walk_cross_link,RX02,36.951208,1847,-58
walk_02,walk_cross_link,RX02,36.971199,1848,-58
walk_02,walk_cross_link,RX02,36.991209,1849,-58
walk_02,walk_cross_link,RX02,37.014035,1850,-58
walk_02,walk_cross_link,RX02,37.031206,1851,-58
walk_02,walk_cross_link,RX02,37.053695,1852,-58
walk_02,walk_cross_link,RX02,37.07123,1853,-58
walk_02,walk_cross_link,RX02,37.091221,1854,-58
walk_02,walk_cross_link,RX02,37.115863,1855,-58
walk_02,walk_cross_link,RX02,37.133246,1856,-58
walk_02,walk_cross_link,RX02,37.151204,1857,-57
walk_02,walk_cross_link,RX02,37.174311,1858,-57
walk_02,walk_cross_link,RX02,37.191341,1859,-57
walk_02,walk_cross_link,RX02,37.211234,1860,-57
walk_02,walk_cross_link,RX02,37.231624,1861,-57
walk_02,walk_cross_link,RX02,37.25347,1862,-57
walk_02,walk_cross_link,RX02,37.271211,1863,-57
walk_02,walk_cross_link,RX02,37.291193,1864,-57
walk_02,walk_cross_link,RX02,37.311197,1865,-57
walk_02,walk_cross_link,RX02,37.331908,1866,-58
walk_02,walk_cross_link,RX02,37.351226,1867,-58
walk_02,walk_cross_link,RX02,37.373295,1868,-58
walk_02,walk_cross_link,RX02,37.393078,1869,-58
walk_02,walk_cross_link,RX02,37.411216,1870,-58
walk_02,walk_cross_link,RX02,37.434306,1871,-58
walk_02,walk_cross_link,RX02,37.451296,1872,-58
walk_02,walk_cross_link,RX02,37.473864,1873,-58
walk_02,walk_cross_link,RX02,37.491189,1874,-58
walk_02,walk_cross_link,RX02,37.511322,1875,-57
walk_02,walk_cross_link,RX02,37.538834,1876,-57
walk_02,walk_cross_link,RX02,37.554238,1877,-57
walk_02,walk_cross_link,RX02,37.571202,1878,-57
walk_02,walk_cross_link,RX02,37.593072,1879,-57
walk_02,walk_cross_link,RX02,37.639104,1881,-57
walk_02,walk_cross_link,RX02,37.652734,1882,-57
walk_02,walk_cross_link,RX02,37.675607,1883,-58
walk_02,walk_cross_link,RX02,37.691202,1884,-58
walk_02,walk_cross_link,RX02,37.715638,1885,-58
walk_02,walk_cross_link,RX02,37.731198,1886,-58
walk_02,walk_cross_link,RX02,37.751647,1887,-58
walk_02,walk_cross_link,RX02,37.775615,1888,-57
walk_02,walk_cross_link,RX02,37.79119,1889,-56
walk_02,walk_cross_link,RX02,37.816466,1890,-55
walk_02,walk_cross_link,RX02,37.851266,1892,-55
walk_02,walk_cross_link,RX02,37.873496,1893,-55
walk_02,walk_cross_link,RX02,37.891209,1894,-55
walk_02,walk_cross_link,RX02,37.911182,1895,-55
walk_02,walk_cross_link,RX02,37.935084,1896,-56
walk_02,walk_cross_link,RX02,37.953091,1897,-58
walk_02,walk_cross_link,RX02,37.972079,1898,-58
walk_02,walk_cross_link,RX02,37.991194,1899,-57
walk_02,walk_cross_link,RX02,38.011201,1900,-56
walk_02,walk_cross_link,RX02,38.031206,1901,-55
walk_02,walk_cross_link,RX02,38.051352,1902,-55
walk_02,walk_cross_link,RX02,38.074466,1903,-56
walk_02,walk_cross_link,RX02,38.091901,1904,-57
walk_02,walk_cross_link,RX02,38.11119,1905,-57
walk_02,walk_cross_link,RX02,38.131212,1906,-57
walk_02,walk_cross_link,RX02,38.153186,1907,-57
walk_02,walk_cross_link,RX02,38.171166,1908,-57
walk_02,walk_cross_link,RX02,38.191183,1909,-57
walk_02,walk_cross_link,RX02,38.212333,1910,-56
walk_02,walk_cross_link,RX02,38.236907,1911,-56
walk_02,walk_cross_link,RX02,38.253522,1912,-56
walk_02,walk_cross_link,RX02,38.27172,1913,-57
walk_02,walk_cross_link,RX02,38.293058,1914,-57
walk_02,walk_cross_link,RX02,38.31527,1915,-57
walk_02,walk_cross_link,RX02,38.331166,1916,-57
walk_02,walk_cross_link,RX02,38.358033,1917,-56
walk_02,walk_cross_link,RX02,38.371658,1918,-56
walk_02,walk_cross_link,RX02,38.391192,1919,-56
walk_02,walk_cross_link,RX02,38.412299,1920,-56
walk_02,walk_cross_link,RX02,38.432839,1921,-55
walk_02,walk_cross_link,RX02,38.458316,1922,-54
walk_02,walk_cross_link,RX02,38.471185,1923,-55
walk_02,walk_cross_link,RX02,38.497862,1924,-54
walk_02,walk_cross_link,RX02,38.511198,1925,-54
walk_02,walk_cross_link,RX02,38.533279,1926,-54
walk_02,walk_cross_link,RX02,38.551167,1927,-55
walk_02,walk_cross_link,RX02,38.57334,1928,-55
walk_02,walk_cross_link,RX02,38.591169,1929,-55
walk_02,walk_cross_link,RX02,38.611183,1930,-54
walk_02,walk_cross_link,RX02,38.63216,1931,-54
walk_02,walk_cross_link,RX02,38.652022,1932,-54
walk_02,walk_cross_link,RX02,38.673188,1933,-54
walk_02,walk_cross_link,RX02,38.693445,1934,-54
walk_02,walk_cross_link,RX02,38.711171,1935,-54
walk_02,walk_cross_link,RX02,38.739477,1936,-53
walk_02,walk_cross_link,RX02,38.754306,1937,-54
walk_02,walk_cross_link,RX02,38.776151,1938,-54
walk_02,walk_cross_link,RX02,38.791275,1939,-55
walk_02,walk_cross_link,RX02,38.811158,1940,-53
walk_02,walk_cross_link,RX02,38.831195,1941,-54
walk_02,walk_cross_link,RX02,38.852582,1942,-54
walk_02,walk_cross_link,RX02,38.871196,1943,-54
walk_02,walk_cross_link,RX02,38.89366,1944,-54
walk_02,walk_cross_link,RX02,38.91332,1945,-54
walk_02,walk_cross_link,RX02,38.931158,1946,-54
walk_02,walk_cross_link,RX02,38.95147,1947,-53
walk_02,walk_cross_link,RX02,38.972507,1948,-53
walk_02,walk_cross_link,RX02,38.996662,1949,-53
walk_02,walk_cross_link,RX02,39.011156,1950,-55
walk_02,walk_cross_link,RX02,39.031393,1951,-53
walk_02,walk_cross_link,RX02,39.052544,1952,-53
walk_02,walk_cross_link,RX02,39.072717,1953,-54
walk_02,walk_cross_link,RX02,39.091175,1954,-54
walk_02,walk_cross_link,RX02,39.112275,1955,-53
walk_02,walk_cross_link,RX02,39.131162,1956,-54
walk_02,walk_cross_link,RX02,39.151171,1957,-54
walk_02,walk_cross_link,RX02,39.175132,1958,-53
walk_02,walk_cross_link,RX02,39.191347,1959,-53
walk_02,walk_cross_link,RX02,39.211174,1960,-54
walk_02,walk_cross_link,RX02,39.231674,1961,-54
walk_02,walk_cross_link,RX02,39.252088,1962,-53
walk_02,walk_cross_link,RX02,39.278086,1963,-54
walk_02,walk_cross_link,RX02,39.293278,1964,-54
walk_02,walk_cross_link,RX02,39.311168,1965,-54
walk_02,walk_cross_link,RX02,39.331169,1966,-54
walk_02,walk_cross_link,RX02,39.371144,1968,-54
walk_02,walk_cross_link,RX02,39.391256,1969,-54
walk_02,walk_cross_link,RX02,39.414903,1970,-54
walk_02,walk_cross_link,RX02,39.431168,1971,-54
walk_02,walk_cross_link,RX02,39.456874,1972,-54
walk_02,walk_cross_link,RX02,39.471293,1973,-54
walk_02,walk_cross_link,RX02,39.492452,1974,-54
walk_02,walk_cross_link,RX02,39.511922,1975,-54
walk_02,walk_cross_link,RX02,39.532032,1976,-54
walk_02,walk_cross_link,RX02,39.559288,1977,-54
walk_02,walk_cross_link,RX02,39.573501,1978,-55
walk_02,walk_cross_link,RX02,39.591157,1979,-55
walk_02,walk_cross_link,RX02,39.61217,1980,-53
walk_02,walk_cross_link,RX02,39.631158,1981,-55
walk_02,walk_cross_link,RX02,39.651532,1982,-55
walk_02,walk_cross_link,RX02,39.672709,1983,-53
walk_02,walk_cross_link,RX02,39.692604,1984,-55
walk_02,walk_cross_link,RX02,39.731169,1986,-54
walk_02,walk_cross_link,RX02,39.751174,1987,-54
walk_02,walk_cross_link,RX02,39.771136,1988,-53
walk_02,walk_cross_link,RX02,39.79266,1989,-53
walk_02,walk_cross_link,RX02,39.814409,1990,-55
walk_02,walk_cross_link,RX02,39.831718,1991,-53
walk_02,walk_cross_link,RX02,39.851223,1992,-55
walk_02,walk_cross_link,RX02,39.871783,1993,-54
walk_02,walk_cross_link,RX02,39.895536,1994,-54
walk_02,walk_cross_link,RX02,39.911178,1995,-54
walk_02,walk_cross_link,RX02,39.931488,1996,-53
walk_02,walk_cross_link,RX02,39.954234,1997,-53
walk_02,walk_cross_link,RX02,39.973473,1998,-53
walk_02,walk_cross_link,RX02,39.993131,1999,-53
walk_02,walk_cross_link,RX02,40.018178,2000,-53
walk_02,walk_cross_link,RX02,40.034049,2001,-53
walk_02,walk_cross_link,RX02,40.05116,2002,-53
walk_02,walk_cross_link,RX02,40.071161,2003,-54
walk_02,walk_cross_link,RX02,40.095528,2004,-54
walk_02,walk_cross_link,RX02,40.111269,2005,-54
walk_02,walk_cross_link,RX02,40.131148,2006,-54
walk_02,walk_cross_link,RX02,40.15314,2007,-54
walk_02,walk_cross_link,RX02,40.173701,2008,-54
walk_02,walk_cross_link,RX02,40.197934,2009,-53
walk_02,walk_cross_link,RX02,40.211134,2010,-54
walk_02,walk_cross_link,RX02,40.233667,2011,-53
walk_02,walk_cross_link,RX02,40.251133,2012,-54
walk_02,walk_cross_link,RX02,40.275009,2013,-54
walk_02,walk_cross_link,RX02,40.291149,2014,-54
walk_02,walk_cross_link,RX02,40.311628,2015,-54
walk_02,walk_cross_link,RX02,40.331329,2016,-54
walk_02,walk_cross_link,RX02,40.351184,2017,-54
walk_02,walk_cross_link,RX02,40.371535,2018,-53
walk_02,walk_cross_link,RX02,40.392727,2019,-53
walk_02,walk_cross_link,RX02,40.411392,2020,-54
walk_02,walk_cross_link,RX02,40.431292,2021,-54
walk_02,walk_cross_link,RX02,40.451125,2022,-54
walk_02,walk_cross_link,RX02,40.47172,2023,-55
walk_02,walk_cross_link,RX02,40.491151,2024,-54
walk_02,walk_cross_link,RX02,40.51831,2025,-54
walk_02,walk_cross_link,RX02,40.532098,2026,-55
walk_02,walk_cross_link,RX02,40.551139,2027,-53
walk_02,walk_cross_link,RX02,40.571927,2028,-54
walk_02,walk_cross_link,RX02,40.597531,2029,-53
walk_02,walk_cross_link,RX02,40.611123,2030,-54
walk_02,walk_cross_link,RX02,40.632724,2031,-53
walk_02,walk_cross_link,RX02,40.655991,2032,-54
walk_02,walk_cross_link,RX02,40.673217,2033,-54
walk_02,walk_cross_link,RX02,40.691115,2034,-54
walk_02,walk_cross_link,RX02,40.713813,2035,-54
walk_02,walk_cross_link,RX02,40.736919,2036,-54
walk_02,walk_cross_link,RX02,40.75115,2037,-54
walk_02,walk_cross_link,RX02,40.773477,2038,-54
walk_02,walk_cross_link,RX02,40.792567,2039,-53
walk_02,walk_cross_link,RX02,40.811873,2040,-52
walk_02,walk_cross_link,RX02,40.831155,2041,-53
walk_02,walk_cross_link,RX02,40.853107,2042,-53
walk_02,walk_cross_link,RX02,40.871143,2043,-54
walk_02,walk_cross_link,RX02,40.891116,2044,-55
walk_02,walk_cross_link,RX02,40.911708,2045,-53
walk_02,walk_cross_link,RX02,40.932584,2046,-53
walk_02,walk_cross_link,RX02,40.951153,2047,-53
walk_02,walk_cross_link,RX02,40.972392,2048,-55
walk_02,walk_cross_link,RX02,40.99293,2049,-55
walk_02,walk_cross_link,RX02,41.011213,2050,-53
walk_02,walk_cross_link,RX02,41.033115,2051,-54
walk_02,walk_cross_link,RX02,41.051142,2052,-54
walk_02,walk_cross_link,RX02,41.071144,2053,-54
walk_02,walk_cross_link,RX02,41.09532,2054,-54
walk_02,walk_cross_link,RX02,41.111278,2055,-53
walk_02,walk_cross_link,RX02,41.133029,2056,-54
walk_02,walk_cross_link,RX02,41.151148,2057,-54
walk_02,walk_cross_link,RX02,41.171125,2058,-54
walk_02,walk_cross_link,RX02,41.197713,2059,-54
walk_02,walk_cross_link,RX02,41.211958,2060,-54
walk_02,walk_cross_link,RX02,41.233415,2061,-54
walk_02,walk_cross_link,RX02,41.251498,2062,-54
walk_02,walk_cross_link,RX02,41.271293,2063,-53
walk_02,walk_cross_link,RX02,41.291109,2064,-53
walk_02,walk_cross_link,RX02,41.314403,2065,-54
walk_02,walk_cross_link,RX02,41.335688,2066,-53
walk_02,walk_cross_link,RX02,41.351302,2067,-54
walk_02,walk_cross_link,RX02,41.372762,2068,-54
walk_02,walk_cross_link,RX02,41.392815,2069,-54
walk_02,walk_cross_link,RX02,41.416744,2070,-53
walk_02,walk_cross_link,RX02,41.431137,2071,-55
walk_02,walk_cross_link,RX02,41.455598,2072,-53
walk_02,walk_cross_link,RX02,41.473898,2073,-54
walk_02,walk_cross_link,RX02,41.491119,2074,-55
walk_02,walk_cross_link,RX02,41.511137,2075,-53
walk_02,walk_cross_link,RX02,41.531114,2076,-54
walk_02,walk_cross_link,RX02,41.553072,2077,-53
walk_02,walk_cross_link,RX02,41.571617,2078,-54
walk_02,walk_cross_link,RX02,41.611127,2080,-53
walk_02,walk_cross_link,RX02,41.632785,2081,-54
walk_02,walk_cross_link,RX02,41.651131,2082,-54
walk_02,walk_cross_link,RX02,41.672324,2083,-53
walk_02,walk_cross_link,RX02,41.69386,2084,-55
walk_02,walk_cross_link,RX02,41.714445,2085,-55
walk_02,walk_cross_link,RX02,41.731826,2086,-57
walk_02,walk_cross_link,RX02,41.754048,2087,-59
walk_02,walk_cross_link,RX02,41.771739,2088,-59
walk_02,walk_cross_link,RX02,41.791593,2089,-58
walk_02,walk_cross_link,RX02,41.815518,2090,-57
walk_02,walk_cross_link,RX02,41.831114,2091,-57
walk_02,walk_cross_link,RX02,41.851779,2092,-57
walk_02,walk_cross_link,RX02,41.872792,2093,-57
walk_02,walk_cross_link,RX02,41.89112,2094,-57
walk_02,walk_cross_link,RX02,41.931168,2096,-57
walk_02,walk_cross_link,RX02,41.955836,2097,-57
walk_02,walk_cross_link,RX02,41.971118,2098,-57
walk_02,walk_cross_link,RX02,41.991108,2099,-57
walk_02,walk_cross_link,RX02,42.011118,2100,-57
walk_02,walk_cross_link,RX02,42.031161,2101,-56
walk_02,walk_cross_link,RX02,42.052514,2102,-56
walk_02,walk_cross_link,RX02,42.072278,2103,-56
walk_02,walk_cross_link,RX02,42.09112,2104,-56
walk_02,walk_cross_link,RX02,42.113033,2105,-56
walk_02,walk_cross_link,RX02,42.133559,2106,-58
walk_02,walk_cross_link,RX02,42.151662,2107,-56
walk_02,walk_cross_link,RX02,42.173193,2108,-57
walk_02,walk_cross_link,RX02,42.19199,2109,-57
walk_02,walk_cross_link,RX02,42.213735,2110,-57
walk_02,walk_cross_link,RX02,42.235977,2111,-58
walk_02,walk_cross_link,RX02,42.253764,2112,-58
walk_02,walk_cross_link,RX02,42.272992,2113,-58
walk_02,walk_cross_link,RX02,42.291484,2114,-59
walk_02,walk_cross_link,RX02,42.3111,2115,-59
walk_02,walk_cross_link,RX02,42.331102,2116,-61
walk_02,walk_cross_link,RX02,42.351669,2117,-62
walk_02,walk_cross_link,RX02,42.395697,2119,-62
walk_02,walk_cross_link,RX02,42.411096,2120,-62
walk_02,walk_cross_link,RX02,42.433407,2121,-61
walk_02,walk_cross_link,RX02,42.451988,2122,-60
walk_02,walk_cross_link,RX02,42.47431,2123,-59
walk_02,walk_cross_link,RX02,42.491564,2124,-59
walk_02,walk_cross_link,RX02,42.515741,2125,-58
walk_02,walk_cross_link,RX02,42.531975,2126,-58
walk_02,walk_cross_link,RX02,42.554362,2127,-58
walk_02,walk_cross_link,RX02,42.571098,2128,-58
walk_02,walk_cross_link,RX02,42.591115,2129,-58
walk_02,walk_cross_link,RX02,42.611097,2130,-58
walk_02,walk_cross_link,RX02,42.63137,2131,-58
walk_02,walk_cross_link,RX02,42.656797,2132,-58
walk_02,walk_cross_link,RX02,42.671093,2133,-58
walk_02,walk_cross_link,RX02,42.691101,2134,-58
walk_02,walk_cross_link,RX02,42.711113,2135,-58
walk_02,walk_cross_link,RX02,42.733759,2136,-58
walk_02,walk_cross_link,RX02,42.751121,2137,-58
walk_02,walk_cross_link,RX02,42.772686,2138,-58
walk_02,walk_cross_link,RX02,42.792727,2139,-58
walk_02,walk_cross_link,RX02,42.811089,2140,-58
walk_02,walk_cross_link,RX02,42.851175,2142,-59
walk_02,walk_cross_link,RX02,42.871712,2143,-58
walk_02,walk_cross_link,RX02,42.8911,2144,-58
walk_02,walk_cross_link,RX02,42.911098,2145,-58
walk_02,walk_cross_link,RX02,42.938539,2146,-58
walk_02,walk_cross_link,RX02,42.952819,2147,-58
walk_02,walk_cross_link,RX02,42.971376,2148,-57
walk_02,walk_cross_link,RX02,42.991237,2149,-57
walk_02,walk_cross_link,RX02,43.011093,2150,-57
walk_02,walk_cross_link,RX02,43.031084,2151,-57
walk_02,walk_cross_link,RX02,43.051091,2152,-57
walk_02,walk_cross_link,RX02,43.071212,2153,-57
walk_02,walk_cross_link,RX02,43.092149,2154,-58
walk_02,walk_cross_link,RX02,43.111093,2155,-58
walk_02,walk_cross_link,RX02,43.131095,2156,-58
walk_02,walk_cross_link,RX02,43.152195,2157,-58
walk_02,walk_cross_link,RX02,43.171068,2158,-58
walk_02,walk_cross_link,RX02,43.194565,2159,-58
walk_02,walk_cross_link,RX02,43.21555,2160,-58
walk_02,walk_cross_link,RX02,43.234757,2161,-58
walk_02,walk_cross_link,RX02,43.25305,2162,-58
walk_02,walk_cross_link,RX02,43.273303,2163,-58
walk_02,walk_cross_link,RX02,43.296957,2164,-58
walk_02,walk_cross_link,RX02,43.314124,2165,-58
walk_02,walk_cross_link,RX02,43.331062,2166,-58
walk_02,walk_cross_link,RX02,43.351111,2167,-58
walk_02,walk_cross_link,RX02,43.373655,2168,-58
walk_02,walk_cross_link,RX02,43.399371,2169,-58
walk_02,walk_cross_link,RX02,43.413179,2170,-58
walk_02,walk_cross_link,RX02,43.431093,2171,-58
walk_02,walk_cross_link,RX02,43.451064,2172,-58
walk_02,walk_cross_link,RX02,43.478094,2173,-58
walk_02,walk_cross_link,RX02,43.491083,2174,-58
walk_02,walk_cross_link,RX02,43.53246,2176,-58
walk_02,walk_cross_link,RX02,43.551207,2177,-57
walk_02,walk_cross_link,RX02,43.583956,2178,-57
walk_02,walk_cross_link,RX02,43.59645,2179,-57
walk_02,walk_cross_link,RX02,43.614592,2180,-57
walk_02,walk_cross_link,RX02,43.631081,2181,-57
walk_02,walk_cross_link,RX02,43.671094,2183,-56
walk_02,walk_cross_link,RX02,43.691072,2184,-56
walk_02,walk_cross_link,RX02,43.711099,2185,-56
walk_02,walk_cross_link,RX02,43.731053,2186,-55
walk_02,walk_cross_link,RX02,43.751078,2187,-55
walk_02,walk_cross_link,RX02,43.771996,2188,-56
walk_02,walk_cross_link,RX02,43.791094,2189,-55
walk_02,walk_cross_link,RX02,43.811078,2190,-55
walk_02,walk_cross_link,RX02,43.831078,2191,-55
walk_02,walk_cross_link,RX02,43.851139,2192,-55
walk_02,walk_cross_link,RX02,43.871093,2193,-55
walk_02,walk_cross_link,RX02,43.891096,2194,-55
walk_02,walk_cross_link,RX02,43.911415,2195,-57
walk_02,walk_cross_link,RX02,43.9328,2196,-55
walk_02,walk_cross_link,RX02,43.951067,2197,-56
walk_02,walk_cross_link,RX02,43.971054,2198,-55
walk_02,walk_cross_link,RX02,43.991075,2199,-55
walk_02,walk_cross_link,RX02,44.013759,2200,-55
walk_02,walk_cross_link,RX02,44.031096,2201,-55
walk_02,walk_cross_link,RX02,44.05368,2202,-55
walk_02,walk_cross_link,RX02,44.075732,2203,-56
walk_02,walk_cross_link,RX02,44.092657,2204,-54
walk_02,walk_cross_link,RX02,44.116174,2205,-54
walk_02,walk_cross_link,RX02,44.131293,2206,-54
walk_02,walk_cross_link,RX02,44.151506,2207,-55
walk_02,walk_cross_link,RX02,44.171172,2208,-53
walk_02,walk_cross_link,RX02,44.192812,2209,-54
walk_02,walk_cross_link,RX02,44.211852,2210,-54
walk_02,walk_cross_link,RX02,44.2324,2211,-53
walk_02,walk_cross_link,RX02,44.251075,2212,-55
walk_02,walk_cross_link,RX02,44.295231,2214,-55
walk_02,walk_cross_link,RX02,44.317897,2215,-57
walk_02,walk_cross_link,RX02,44.331053,2216,-55
walk_02,walk_cross_link,RX02,44.351656,2217,-55
walk_02,walk_cross_link,RX02,44.373031,2218,-55
walk_02,walk_cross_link,RX02,44.399717,2219,-55
walk_02,walk_cross_link,RX02,44.411069,2220,-56
walk_02,walk_cross_link,RX02,44.431076,2221,-55
walk_02,walk_cross_link,RX02,44.451045,2222,-55
walk_02,walk_cross_link,RX02,44.472213,2223,-55
walk_02,walk_cross_link,RX02,44.491086,2224,-55
walk_02,walk_cross_link,RX02,44.511297,2225,-54
walk_02,walk_cross_link,RX02,44.534689,2226,-54
walk_02,walk_cross_link,RX02,44.551071,2227,-54
walk_02,walk_cross_link,RX02,44.576972,2228,-56
walk_02,walk_cross_link,RX02,44.591227,2229,-54
walk_02,walk_cross_link,RX02,44.612542,2230,-54
walk_02,walk_cross_link,RX02,44.631083,2231,-54
walk_02,walk_cross_link,RX02,44.651068,2232,-54
walk_02,walk_cross_link,RX02,44.671195,2233,-54
walk_02,walk_cross_link,RX02,44.693624,2234,-54
walk_02,walk_cross_link,RX02,44.712,2235,-56
walk_02,walk_cross_link,RX02,44.731195,2236,-55
walk_02,walk_cross_link,RX02,44.751065,2237,-55
walk_02,walk_cross_link,RX02,44.771426,2238,-53
walk_02,walk_cross_link,RX02,44.796008,2239,-54
walk_02,walk_cross_link,RX02,44.81247,2240,-53
walk_02,walk_cross_link,RX02,44.832964,2241,-54
walk_02,walk_cross_link,RX02,44.85547,2242,-53
walk_02,walk_cross_link,RX02,44.871072,2243,-54
walk_02,walk_cross_link,RX02,44.893369,2244,-54
walk_02,walk_cross_link,RX02,44.914899,2245,-54
walk_02,walk_cross_link,RX02,44.951068,2247,-55
walk_02,walk_cross_link,RX02,44.97146,2248,-54
walk_02,walk_cross_link,RX02,44.995463,2249,-55
walk_02,walk_cross_link,RX02,45.011063,2250,-55
walk_02,walk_cross_link,RX02,45.031059,2251,-55
walk_02,walk_cross_link,RX02,45.051621,2252,-54
walk_02,walk_cross_link,RX02,45.071077,2253,-54
walk_02,walk_cross_link,RX02,45.091032,2254,-55
walk_02,walk_cross_link,RX02,45.113199,2255,-54
walk_02,walk_cross_link,RX02,45.131432,2256,-55
walk_02,walk_cross_link,RX02,45.154003,2257,-54
walk_02,walk_cross_link,RX02,45.171039,2258,-55
walk_02,walk_cross_link,RX02,45.191412,2259,-54
walk_02,walk_cross_link,RX02,45.213477,2260,-61
walk_02,walk_cross_link,RX02,45.231055,2261,-55
walk_02,walk_cross_link,RX02,45.25104,2262,-53
walk_02,walk_cross_link,RX02,45.271237,2263,-55
walk_02,walk_cross_link,RX02,45.29403,2264,-53
walk_02,walk_cross_link,RX02,45.311059,2265,-53
walk_02,walk_cross_link,RX02,45.335748,2266,-55
walk_02,walk_cross_link,RX02,45.352594,2267,-54
walk_02,walk_cross_link,RX02,45.371029,2268,-55
walk_02,walk_cross_link,RX02,45.392266,2269,-54
walk_02,walk_cross_link,RX02,45.412041,2270,-55
walk_02,walk_cross_link,RX02,45.431742,2271,-54
walk_02,walk_cross_link,RX02,45.457922,2272,-54
walk_02,walk_cross_link,RX02,45.471055,2273,-55
walk_02,walk_cross_link,RX02,45.493167,2274,-53
walk_02,walk_cross_link,RX02,45.512832,2275,-54
walk_02,walk_cross_link,RX02,45.534154,2276,-54
walk_02,walk_cross_link,RX02,45.551358,2277,-54
walk_02,walk_cross_link,RX02,45.571028,2278,-55
walk_02,walk_cross_link,RX02,45.592278,2279,-53
walk_02,walk_cross_link,RX02,45.611068,2280,-53
walk_02,walk_cross_link,RX02,45.633846,2281,-54
walk_02,walk_cross_link,RX02,45.652195,2282,-53
walk_02,walk_cross_link,RX02,45.673622,2283,-54
walk_02,walk_cross_link,RX02,45.693738,2284,-54
walk_02,walk_cross_link,RX02,45.711042,2285,-54
walk_02,walk_cross_link,RX02,45.731896,2286,-54
walk_02,walk_cross_link,RX02,45.754609,2287,-53
walk_02,walk_cross_link,RX02,45.771191,2288,-53
walk_02,walk_cross_link,RX02,45.793264,2289,-53
walk_02,walk_cross_link,RX02,45.812447,2290,-54
walk_02,walk_cross_link,RX02,45.83333,2291,-54
walk_02,walk_cross_link,RX02,45.851094,2292,-54
walk_02,walk_cross_link,RX02,45.874034,2293,-54
walk_02,walk_cross_link,RX02,45.892359,2294,-54
walk_02,walk_cross_link,RX02,45.915866,2295,-53
walk_02,walk_cross_link,RX02,45.933634,2296,-54
walk_02,walk_cross_link,RX02,45.951266,2297,-53
walk_02,walk_cross_link,RX02,45.973222,2298,-54
walk_02,walk_cross_link,RX02,45.991458,2299,-55
walk_02,walk_cross_link,RX02,46.011142,2300,-54
walk_02,walk_cross_link,RX02,46.03891,2301,-54
walk_02,walk_cross_link,RX02,46.05593,2302,-54
walk_02,walk_cross_link,RX02,46.071043,2303,-53
walk_02,walk_cross_link,RX02,46.092525,2304,-53
walk_02,walk_cross_link,RX02,46.112992,2305,-54
walk_02,walk_cross_link,RX02,46.131534,2306,-53
walk_02,walk_cross_link,RX02,46.151033,2307,-54
walk_02,walk_cross_link,RX02,46.171012,2308,-53
walk_02,walk_cross_link,RX02,46.191053,2309,-53
walk_02,walk_cross_link,RX02,46.214953,2310,-55
walk_02,walk_cross_link,RX02,46.231055,2311,-53
walk_02,walk_cross_link,RX02,46.251037,2312,-55
walk_02,walk_cross_link,RX02,46.271849,2313,-55
walk_02,walk_cross_link,RX02,46.291034,2314,-55
walk_02,walk_cross_link,RX02,46.3178,2315,-55
walk_02,walk_cross_link,RX02,46.332038,2316,-54
walk_02,walk_cross_link,RX02,46.374864,2318,-55
walk_02,walk_cross_link,RX02,46.391048,2319,-55
walk_02,walk_cross_link,RX02,46.413708,2320,-54
walk_02,walk_cross_link,RX02,46.434449,2321,-54
walk_02,walk_cross_link,RX02,46.452591,2322,-54
walk_02,walk_cross_link,RX02,46.471428,2323,-55
walk_02,walk_cross_link,RX02,46.491035,2324,-55
walk_02,walk_cross_link,RX02,46.511043,2325,-55
walk_02,walk_cross_link,RX02,46.531038,2326,-54
walk_02,walk_cross_link,RX02,46.553363,2327,-55
walk_02,walk_cross_link,RX02,46.573823,2328,-54
walk_02,walk_cross_link,RX02,46.592028,2329,-55
walk_02,walk_cross_link,RX02,46.611008,2330,-55
walk_02,walk_cross_link,RX02,46.631029,2331,-55
walk_02,walk_cross_link,RX02,46.6527,2332,-54
walk_02,walk_cross_link,RX02,46.673136,2333,-54
walk_02,walk_cross_link,RX02,46.691032,2334,-55
walk_02,walk_cross_link,RX02,46.711573,2335,-55
walk_02,walk_cross_link,RX02,46.731031,2336,-54
walk_02,walk_cross_link,RX02,46.753767,2337,-55
walk_02,walk_cross_link,RX02,46.772968,2338,-54
walk_02,walk_cross_link,RX02,46.792465,2339,-54
walk_02,walk_cross_link,RX02,46.811011,2340,-55
walk_02,walk_cross_link,RX02,46.831029,2341,-55
walk_02,walk_cross_link,RX02,46.851904,2342,-54
walk_02,walk_cross_link,RX02,46.875476,2343,-54
walk_02,walk_cross_link,RX02,46.891058,2344,-54
walk_02,walk_cross_link,RX02,46.911755,2345,-54
walk_02,walk_cross_link,RX02,46.932225,2346,-54
walk_02,walk_cross_link,RX02,46.957853,2347,-54
walk_02,walk_cross_link,RX02,46.971002,2348,-54
walk_02,walk_cross_link,RX02,46.99419,2349,-54
walk_02,walk_cross_link,RX02,47.011021,2350,-54
walk_02,walk_cross_link,RX02,47.034595,2351,-54
walk_02,walk_cross_link,RX02,47.05148,2352,-54
walk_02,walk_cross_link,RX02,47.071028,2353,-54
walk_02,walk_cross_link,RX02,47.091653,2354,-54
walk_02,walk_cross_link,RX02,47.111032,2355,-54
walk_02,walk_cross_link,RX02,47.131003,2356,-54
walk_02,walk_cross_link,RX02,47.151254,2357,-54
walk_02,walk_cross_link,RX02,47.17259,2358,-54
walk_02,walk_cross_link,RX02,47.194311,2359,-54
walk_02,walk_cross_link,RX02,47.21101,2360,-54
walk_02,walk_cross_link,RX02,47.231029,2361,-54
walk_02,walk_cross_link,RX02,47.253678,2362,-54
walk_02,walk_cross_link,RX02,47.275451,2363,-54
walk_02,walk_cross_link,RX02,47.291,2364,-54
walk_02,walk_cross_link,RX02,47.311005,2365,-54
walk_02,walk_cross_link,RX02,47.331105,2366,-53
walk_02,walk_cross_link,RX02,47.351944,2367,-53
walk_02,walk_cross_link,RX02,47.370999,2368,-54
walk_02,walk_cross_link,RX02,47.391361,2369,-53
walk_02,walk_cross_link,RX02,47.41099,2370,-54
walk_02,walk_cross_link,RX02,47.431012,2371,-54
walk_02,walk_cross_link,RX02,47.451016,2372,-54
walk_02,walk_cross_link,RX02,47.472879,2373,-54
walk_02,walk_cross_link,RX02,47.49545,2374,-54
walk_02,walk_cross_link,RX02,47.511003,2375,-54
walk_02,walk_cross_link,RX02,47.535526,2376,-54
walk_02,walk_cross_link,RX02,47.553524,2377,-53
walk_02,walk_cross_link,RX02,47.572239,2378,-53
walk_02,walk_cross_link,RX02,47.591124,2379,-54
walk_02,walk_cross_link,RX02,47.611669,2380,-54
walk_02,walk_cross_link,RX02,47.631029,2381,-53
walk_02,walk_cross_link,RX02,47.653004,2382,-53
walk_02,walk_cross_link,RX02,47.671121,2383,-53
walk_02,walk_cross_link,RX02,47.691002,2384,-53
walk_02,walk_cross_link,RX02,47.711141,2385,-54
walk_02,walk_cross_link,RX02,47.730985,2386,-55
walk_02,walk_cross_link,RX02,47.752004,2387,-54
walk_02,walk_cross_link,RX02,47.776863,2388,-55
walk_02,walk_cross_link,RX02,47.791535,2389,-54
walk_02,walk_cross_link,RX02,47.810994,2390,-54
walk_02,walk_cross_link,RX02,47.833382,2391,-55
walk_02,walk_cross_link,RX02,47.871702,2393,-54
walk_02,walk_cross_link,RX02,47.891356,2394,-54
walk_02,walk_cross_link,RX02,47.911031,2395,-55
walk_02,walk_cross_link,RX02,47.930982,2396,-55
walk_02,walk_cross_link,RX02,47.956215,2397,-54
walk_02,walk_cross_link,RX02,47.97099,2398,-53
walk_02,walk_cross_link,RX02,47.991023,2399,-54
walk_02,walk_cross_link,RX02,48.011777,2400,-53
walk_02,walk_cross_link,RX02,48.031015,2401,-55
walk_02,walk_cross_link,RX02,48.050995,2402,-53
walk_02,walk_cross_link,RX02,48.072886,2403,-53
walk_02,walk_cross_link,RX02,48.094398,2404,-53
walk_02,walk_cross_link,RX02,48.113332,2405,-53
walk_02,walk_cross_link,RX02,48.131282,2406,-54
walk_02,walk_cross_link,RX02,48.15113,2407,-54
walk_02,walk_cross_link,RX02,48.175299,2408,-54
walk_02,walk_cross_link,RX02,48.19663,2409,-54
walk_02,walk_cross_link,RX02,48.210988,2410,-54
walk_02,walk_cross_link,RX02,48.230994,2411,-54
walk_02,walk_cross_link,RX02,48.25098,2412,-54
walk_02,walk_cross_link,RX02,48.270997,2413,-54
walk_02,walk_cross_link,RX02,48.29116,2414,-54
walk_02,walk_cross_link,RX02,48.314529,2415,-54
walk_02,walk_cross_link,RX02,48.332339,2416,-54
walk_02,walk_cross_link,RX02,48.351002,2417,-54
walk_02,walk_cross_link,RX02,48.371141,2418,-54
walk_02,walk_cross_link,RX02,48.391366,2419,-54
walk_02,walk_cross_link,RX02,48.411288,2420,-54
walk_02,walk_cross_link,RX02,48.430987,2421,-54
walk_02,walk_cross_link,RX02,48.452426,2422,-54
walk_02,walk_cross_link,RX02,48.471443,2423,-54
walk_02,walk_cross_link,RX02,48.496368,2424,-53
walk_02,walk_cross_link,RX02,48.512771,2425,-53
walk_02,walk_cross_link,RX02,48.533276,2426,-55
walk_02,walk_cross_link,RX02,48.551002,2427,-53
walk_02,walk_cross_link,RX02,48.571866,2428,-53
walk_02,walk_cross_link,RX02,48.61599,2430,-53
walk_02,walk_cross_link,RX02,48.635696,2431,-53
walk_02,walk_cross_link,RX02,48.650962,2432,-54
walk_02,walk_cross_link,RX02,48.673038,2433,-55
walk_02,walk_cross_link,RX02,48.691572,2434,-53
walk_02,walk_cross_link,RX02,48.71105,2435,-53
walk_02,walk_cross_link,RX02,48.733777,2436,-55
walk_02,walk_cross_link,RX02,48.75097,2437,-53
walk_02,walk_cross_link,RX02,48.772951,2438,-53
walk_02,walk_cross_link,RX02,48.790969,2439,-53
walk_02,walk_cross_link,RX02,48.811044,2440,-54
walk_02,walk_cross_link,RX02,48.834047,2441,-54
walk_02,walk_cross_link,RX02,48.851034,2442,-53
walk_02,walk_cross_link,RX02,48.877841,2443,-54
walk_02,walk_cross_link,RX02,48.892121,2444,-54
walk_02,walk_cross_link,RX02,48.913588,2445,-53
walk_02,walk_cross_link,RX02,48.93119,2446,-53
walk_02,walk_cross_link,RX02,48.950972,2447,-55
walk_02,walk_cross_link,RX02,48.970967,2448,-53
walk_02,walk_cross_link,RX02,48.99469,2449,-53
walk_02,walk_cross_link,RX02,49.011227,2450,-54
walk_02,walk_cross_link,RX02,49.031477,2451,-55
walk_02,walk_cross_link,RX02,49.052128,2452,-53
walk_02,walk_cross_link,RX02,49.07294,2453,-53
walk_02,walk_cross_link,RX02,49.091549,2454,-54
walk_02,walk_cross_link,RX02,49.110976,2455,-55
walk_02,walk_cross_link,RX02,49.133852,2456,-54
walk_02,walk_cross_link,RX02,49.153356,2457,-54
walk_02,walk_cross_link,RX02,49.1772,2458,-53
walk_02,walk_cross_link,RX02,49.190969,2459,-54
walk_02,walk_cross_link,RX02,49.210973,2460,-54
walk_02,walk_cross_link,RX02,49.234706,2461,-54
walk_02,walk_cross_link,RX02,49.250955,2462,-54
walk_02,walk_cross_link,RX02,49.271839,2463,-53
walk_02,walk_cross_link,RX02,49.290979,2464,-54
walk_02,walk_cross_link,RX02,49.31289,2465,-53
walk_02,walk_cross_link,RX02,49.352484,2467,-54
walk_02,walk_cross_link,RX02,49.371374,2468,-53
walk_02,walk_cross_link,RX02,49.393105,2469,-53
walk_02,walk_cross_link,RX02,49.415264,2470,-53
walk_02,walk_cross_link,RX02,49.430965,2471,-53
walk_02,walk_cross_link,RX02,49.450951,2472,-53
walk_02,walk_cross_link,RX02,49.470973,2473,-55
walk_02,walk_cross_link,RX02,49.491466,2474,-53
walk_02,walk_cross_link,RX02,49.510972,2475,-53
walk_02,walk_cross_link,RX02,49.531881,2476,-54
walk_02,walk_cross_link,RX02,49.55433,2477,-53
walk_02,walk_cross_link,RX02,49.570975,2478,-53
walk_02,walk_cross_link,RX02,49.592273,2479,-53
walk_02,walk_cross_link,RX02,49.612919,2480,-53
walk_02,walk_cross_link,RX02,49.63228,2481,-53
walk_02,walk_cross_link,RX02,49.650965,2482,-55
walk_02,walk_cross_link,RX02,49.670959,2483,-54
walk_02,walk_cross_link,RX02,49.69547,2484,-53
walk_02,walk_cross_link,RX02,49.711312,2485,-53
walk_02,walk_cross_link,RX02,49.732647,2486,-54
walk_02,walk_cross_link,RX02,49.752951,2487,-53
walk_02,walk_cross_link,RX02,49.770958,2488,-54
walk_02,walk_cross_link,RX02,49.790963,2489,-54
walk_02,walk_cross_link,RX02,49.813764,2490,-53
walk_02,walk_cross_link,RX02,49.833886,2491,-54
walk_02,walk_cross_link,RX02,49.851257,2492,-53
walk_02,walk_cross_link,RX02,49.872082,2493,-53
walk_02,walk_cross_link,RX02,49.891266,2494,-53
walk_02,walk_cross_link,RX02,49.912447,2495,-53
walk_02,walk_cross_link,RX02,49.931317,2496,-53
walk_02,walk_cross_link,RX02,49.95135,2497,-54
walk_02,walk_cross_link,RX02,49.971051,2498,-54
walk_02,walk_cross_link,RX02,49.99194,2499,-53
